GAIN_LOSS,SECURITY,CLOSE_PRIC,PREV_CL_PR,PERCENT_CG
 ,Nifty 50 Sec., , , 
 , , , , 
G,SBI LIFE INSURANCE CO LTD,      1775.00,      1715.00,3.50
G,TATA STEEL LIMITED,       188.79,       184.20,2.49
G,HDFC LIFE INS CO LTD,       546.40,       533.50,2.42
G,RELIANCE INDUSTRIES LTD,      1322.00,      1302.50,1.50
G,TRENT LTD,      2853.00,      2815.60,1.33
G,JSW STEEL LIMITED,      1325.00,      1308.00,1.30
G,ADANI ENTERPRISES LIMITED,      2938.00,      2901.00,1.28
G,ULTRATECH CEMENT LIMITED,     11408.00,     11275.00,1.18
G,BAJAJ FINANCE LIMITED,      1060.50,      1049.00,1.10
G,JIO FIN SERVICES LTD,       239.50,       237.45,0.86
G,KOTAK MAHINDRA BANK LTD,       424.50,       421.15,0.80
G,HDFC BANK LTD,       712.10,       706.65,0.77
G,MAHINDRA & MAHINDRA LTD,      3170.00,      3150.00,0.63
G,HINDUSTAN UNILEVER LTD.,      1973.40,      1962.00,0.58
G,NTPC LTD,       332.50,       330.90,0.48
G,AXIS BANK LIMITED,      1273.00,      1267.00,0.47
G,ITC LTD,       264.10,       263.00,0.42
G,WIPRO LTD,       176.40,       175.72,0.39
G,GRASIM INDUSTRIES LTD,      3322.00,      3310.00,0.36
G,POWER GRID CORP. LTD.,       266.00,       265.60,0.15
G,HINDALCO  INDUSTRIES  LTD,      1011.00,      1010.00,0.10
G,ADANI PORT & SEZ LTD,      1707.30,      1706.50,0.05
 , , , , 
L,HCL TECHNOLOGIES LTD,      1293.40,      1319.00,-1.94
L,BHARTI AIRTEL LIMITED,      1840.00,      1869.00,-1.55
L,MARUTI SUZUKI INDIA LTD.,     12694.00,     12857.00,-1.27
L,BAJAJ FINSERV LTD.,      1970.00,      1992.10,-1.11
L,MAX HEALTHCARE INS LTD,       984.80,       994.90,-1.02
L,TATA CONSUMER PRODUCT LTD,      1010.00,      1019.20,-0.90
L,SUN PHARMACEUTICAL IND L,      1899.00,      1916.00,-0.89
L,BHARAT ELECTRONICS LTD,       405.35,       408.60,-0.80
L,EICHER MOTORS LTD,      7630.50,      7690.00,-0.77
L,STATE BANK OF INDIA,      1016.10,      1023.40,-0.71
L,CIPLA LTD,      1385.00,      1394.70,-0.70
L,TATA CONSULTANCY SERV LT,      2304.00,      2320.10,-0.69
L,ETERNAL LIMITED,       322.75,       324.80,-0.63
L,ASIAN PAINTS LIMITED,      2527.30,      2541.60,-0.56
L,APOLLO HOSPITALS ENTER. L,      8650.00,      8692.00,-0.48
L,ICICI BANK LTD.,      1423.20,      1430.00,-0.48
L,NESTLE INDIA LIMITED,      1410.50,      1416.00,-0.39
L,DR. REDDY S LABORATORIES,      1151.00,      1155.00,-0.35
L,SHRIRAM FINANCE LIMITED,      1041.00,      1044.20,-0.31
L,LARSEN & TOUBRO LTD.,      3964.10,      3975.00,-0.27
L,TATA MOTORS PASS VEH LTD,       311.50,       312.00,-0.16
L,TITAN COMPANY LIMITED,      5020.00,      5027.00,-0.14
L,TECH MAHINDRA LIMITED,      1596.90,      1598.00,-0.07
L,INTERGLOBE AVIATION LTD,      4977.00,      4980.00,-0.06
L,INFOSYS LIMITED,      1130.00,      1130.30,-0.03
L,BAJAJ AUTO LIMITED,     11919.00,     11920.00,-0.01
 , , , , 
 ,Nifty Next 50 Sec., , , 
 , , , , 
G,POWER FIN CORP LTD.,       355.60,       345.50,2.92
G,HYUNDAI MOTOR INDIA LTD,      2205.00,      2152.00,2.46
G,HINDUSTAN ZINC LIMITED,       601.00,       587.95,2.22
G,HINDUSTAN AERONAUTICS LTD,      4856.00,      4765.60,1.90
G,JINDAL STEEL LIMITED,      1165.00,      1145.00,1.75
G,ADANI ENERGY SOLUTION LTD,      1409.60,      1385.70,1.72
G,REC LIMITED,       318.70,       313.60,1.63
G,ADANI GREEN ENERGY LTD,      1301.30,      1283.40,1.39
G,INDIAN RAILWAY FIN CORP L,        83.40,        82.65,0.91
G,TATA CAPITAL LIMITED,       375.05,       371.85,0.86
G,TATA POWER CO LTD,       368.00,       365.70,0.63
G,VEDANTA LIMITED,       272.10,       270.50,0.59
G,PUNJAB NATIONAL BANK,       117.00,       116.32,0.58
G,AVENUE SUPERMARTS LIMITED,      3770.00,      3763.00,0.19
G,VARUN BEVERAGES LIMITED,       407.60,       407.15,0.11
G,MAZAGON DOCK SHIPBUIL LTD,      2475.00,      2474.00,0.04
G,DLF LIMITED,       681.90,       681.65,0.04
 , , , , 
L,HDFC AMC LIMITED,      2458.30,      2510.80,-2.09
L,ZYDUS LIFESCIENCES LTD,      1120.00,      1143.00,-2.01
L,THE INDIAN HOTELS CO. LTD,       720.00,       732.00,-1.64
L,DIVI S LABORATORIES LTD,      9100.00,      9250.00,-1.62
L,TVS MOTOR COMPANY  LTD,      4133.10,      4200.00,-1.59
L,BHARAT PETROLEUM CORP  LT,       315.70,       320.05,-1.36
L,SIEMENS LTD,      3977.00,      4030.00,-1.32
L,SIEMENS ENERGY INDIA LTD,      3115.70,      3155.20,-1.25
L,UNITED SPIRITS LIMITED,      1471.70,      1488.90,-1.16
L,TORRENT PHARMACEUTICALS L,      4857.00,      4905.50,-0.99
L,LODHA DEVELOPERS LIMITED,      1222.00,      1234.00,-0.97
L,UNION BANK OF INDIA,       187.22,       189.00,-0.94
L,SAMVRDHNA MTHRSN INTL LTD,       160.70,       162.00,-0.80
L,GAIL (INDIA) LTD,       173.40,       174.67,-0.73
L,CUMMINS INDIA LTD,      5035.00,      5071.00,-0.71
L,BANK OF BARODA,       239.00,       240.44,-0.60
L,CHOLAMANDALAM IN & FIN CO,      1839.00,      1849.30,-0.56
L,BRITANNIA INDUSTRIES LTD,      5101.50,      5130.00,-0.56
L,PIDILITE INDUSTRIES LTD,      1629.50,      1638.30,-0.54
L,ADANI POWER LTD,       207.20,       208.29,-0.52
L,TATA MOTORS LIMITED,       458.20,       460.35,-0.47
L,CG POWER AND IND SOL LTD,       891.00,       895.00,-0.45
L,MUTHOOT FINANCE LIMITED,      2913.80,      2926.50,-0.43
L,BOSCH LIMITED,     46820.00,     47000.00,-0.38
L,ABB INDIA LIMITED,      7410.00,      7432.00,-0.30
L,SOLAR INDUSTRIES (I) LTD,     21445.00,     21500.00,-0.26
L,CANARA BANK,       125.50,       125.80,-0.24
L,SHREE CEMENT LIMITED,     23855.00,     23910.00,-0.23
L,GODREJ CONSUMER PRODUCTS,       878.00,       880.00,-0.23
L,INDIAN OIL CORP LTD,       137.60,       137.80,-0.15
L,LTM LIMITED,      4554.00,      4560.00,-0.13
L,BAJAJ HOLDINGS & INVS LTD,     11162.00,     11165.00,-0.03
 , , , , 
 ,OTHER SECURITIES, , , 
 , , , , 
G,XTRANET TECHNOLOGIES LTD,       234.24,       195.20,20.00
G,SEC RE NCD 10.15% SR VII,       864.00,       720.00,20.00
G,BLUE PEBBLE LIMITED,        84.00,        70.00,20.00
G,PRANIK LOGISTICS LIMITED,        47.85,        39.90,19.92
G,KAVVERI DFS & WIR TEC LTD,        67.14,        56.15,19.57
G,JINDAL WORLDWIDE LTD,        57.51,        48.15,19.44
G,BOND 8.40% PA TF TI-SIIA,      1307.80,      1097.10,19.21
G,N R AGARWAL INDS LTD,       584.00,       496.05,17.73
G,THE NEW INDIA ASSU CO LTD,       229.91,       195.33,17.70
G,VOLER CAR LIMITED,       246.95,       210.00,17.60
G,SUVIDHAA INFOSERVE LTD,         2.42,         2.06,17.48
G,RAJGOR CAST DERIVATI LTD,         2.45,         2.10,16.67
G,RADHIKA JEWELTECH LIMITED,        83.16,        71.32,16.60
G,LANCOR HOLDINGS LIMITED,        40.35,        34.75,16.12
G,RANE (MADRAS) LIMITED,      1295.90,      1127.40,14.95
G,S V GLOBAL MILL LTD.,       163.62,       144.01,13.62
G,NAGREEKA EXPORTS LTD.,        24.10,        21.30,13.15
G,PC JEWELLER LTD,        11.86,        10.52,12.74
G,BIRLA PRECISION TECH L,        57.92,        51.67,12.10
G,MARAL OVERSEAS LTD,        61.83,        55.26,11.89
G,MEGATHERM INDUCTION LTD,       228.75,       205.10,11.53
G,SEC RE NCD 10.15% SR VII,      1000.00,       900.00,11.11
G,CYBER MEDIA (INDIA) LTD.,        26.40,        23.88,10.55
G,SARASWATI COMM (INDIA) L,     11302.00,     10227.00,10.51
G,MASTER TRUST LIMITED,        89.16,        81.03,10.03
G,ABS MARINE SERVICES LTD,       337.90,       307.15,10.01
G,ISHAN INTERNATIONAL LTD,         0.55,         0.50,10.00
G,SML MAHINDRA LIMITED,      6298.50,      5726.00,10.00
G,ADVIT JEWELS LIMITED,       268.68,       244.26,10.00
G,TRIB BHIMJI ZAVERI LTD,       480.85,       437.15,10.00
G,RHETAN TMT LIMITED,        25.42,        23.11,10.00
G,JAY JALARAM TECHNO LTD,       123.80,       112.55,10.00
G,ICDS LTD,        71.45,        64.96,9.99
G,AARADHYA DISPOSAL INDUS L,       110.80,       100.75,9.98
G,UNITECH LTD,         4.08,         3.71,9.97
G,PENTAGON RUBBER LIMITED,        82.30,        74.85,9.95
G,MANGALAM ALLOYS LIMITED,        38.20,        34.75,9.93
G,AKI INDIA LIMITED,         7.22,         6.57,9.89
G,ZENITH STEEL PIP IND LTD,         5.90,         5.37,9.87
G,KSR FOOTWEAR LIMITED,        34.61,        31.54,9.73
G,JAIN IRRIGATION SYSTEMS,        30.87,        28.16,9.62
G,MARSONS LIMITED,       137.56,       125.53,9.58
G,VISDEM TECHNOSYS LIMITED,       103.75,        94.70,9.56
G,CURA TECHNOLOGIES LIMITED,        72.46,        66.20,9.46
G,CONNPLEX CINEMAS LIMITED,       244.45,       223.35,9.45
G,LALITHAA JEWELLERY MART L,       306.70,       280.30,9.42
G,PURAVANKARA LIMITED,       230.72,       211.09,9.30
G,HESTER BIOSCIENCES LTD,      2405.40,      2201.70,9.25
G,MUKKA PROTEINS LIMITED,        31.34,        28.72,9.12
G,SAHYADRI INDUSTRIES LTD,       392.15,       359.40,9.11
G,BIO MEDICA LABORATORIES L,       177.00,       162.30,9.06
G,RENAISSANCE GLOBAL LTD,       149.26,       137.12,8.85
G,DOLPHIN OFF ENT (IND) L,       674.00,       619.60,8.78
G,CP CAPITAL LIMITED,       128.33,       118.30,8.48
G,FELIX INDUSTRIES LTD.,       210.20,       194.20,8.24
G,TEJAS NETWORKS LIMITED,       614.15,       567.45,8.23
G,SKIPPER LIMITED,       591.10,       546.90,8.08
G,SEC RE NCD 9.48% SR V,      1060.00,       981.00,8.05
G,LAXMI COTSPIN LIMITED,        13.73,        12.71,8.03
G,UMIYA BUILDCON LIMITED,       104.42,        96.84,7.83
G,RIR POWER ELECTRONICS L,       169.86,       157.58,7.79
G,HEADS UP VENTURES LIMITED,         7.21,         6.69,7.77
G,ODYSSEY CORPORATION LTD.,         7.46,         6.93,7.65
G,PELATRO LIMITED,       391.75,       364.00,7.62
G,ZENITH DRUGS LIMITED,        42.75,        39.85,7.28
G,USHA FINANCIAL SERVICES L,        54.70,        51.00,7.25
G,MOTISONS JEWELLERS LTD,        16.48,        15.37,7.22
G,PROZONE REALTY LIMITED,        49.76,        46.42,7.20
G,P. E. ANALYTICS LIMITED,       225.00,       210.00,7.14
G,OMAXE LIMITED,       136.38,       127.29,7.14
G,GFL LIMITED,        62.81,        58.65,7.09
G,WOCKHARDT LIMITED,      2088.70,      1950.60,7.08
G,ION EXCHANGE (INDIA) LTD,       409.20,       382.20,7.06
G,EXICOM TELE SYSTEMS LTD,       177.85,       166.13,7.05
G,DJ MEDIAPRINT & LOG LTD,        75.64,        70.71,6.97
G,GMM PFAUDLER LIMITED,      1147.90,      1073.50,6.93
G,NITIRAJ ENGINEERS LTD,       219.19,       205.13,6.85
G,THE P K TEA PROD CO LTD,       802.65,       751.75,6.77
G,SIGACHI INDUSTRIES LTD,        34.74,        32.55,6.73
G,SHANTHI GEARS LTD,       621.75,       582.80,6.68
G,MANAKSIA LTD.,        63.05,        59.12,6.65
G,SACHEEROME LIMITED,       485.25,       455.45,6.54
G,SAWALIYA FOOD PRODUCTS L,       159.95,       150.15,6.53
G,RATNAVEER PRECISION ENG L,       304.75,       286.10,6.52
G,RUBFILA INTERNATIONAL LTD,        70.69,        66.42,6.43
G,AFFLE 3I LIMITED,      1616.50,      1519.20,6.40
G,WELSPUN ENTERPRISES LTD.,       813.60,       764.75,6.39
G,KSH INTERNATIONAL LIMITED,      1087.80,      1022.70,6.37
G,PINE LABS LIMITED,       166.37,       156.50,6.31
G,WELSPUN SPECIALTY SOL L,        59.55,        56.02,6.30
G,KERNEX MICROSYS(I) LTD,      1817.00,      1709.60,6.28
G,SUPREME PETROCHEM LIMITED,       771.05,       725.80,6.23
G,CELL POINT (INDIA) LTD,        16.30,        15.35,6.19
G,TOUCHWOOD ENTERTAIN LTD.,        62.81,        59.20,6.10
G,CINELINE INDIA LIMITED,        95.23,        89.83,6.01
G,IRIS CLOTHINGS LIMITED,        63.58,        59.98,6.00
G,INDO RAMA SYNTHETICS LTD,        72.96,        68.87,5.94
G,DIC INDIA LIMITED,       618.60,       584.00,5.92
G,SBC EXPORTS LIMITED,        45.76,        43.25,5.80
G,ORIENTAL TRIMEX LTD,         5.31,         5.02,5.78
G,PRISMX GLOBAL VENTURES L,         0.55,         0.52,5.77
G,INDRAPRASTHA GAS LTD,       158.04,       149.42,5.77
G,IFCI LTD,       101.38,        95.91,5.70
G,ANSAL BUILDWELL LTD.,        80.68,        76.35,5.67
G,PNB GILTS LIMITED,        83.08,        78.63,5.66
G,PATIL AUTOMATION LIMITED,       279.35,       264.45,5.63
G,INFINIUM PHARMACHEM LTD,       264.00,       250.00,5.60
G,DEEP INDUSTRIES LIMITED,       786.45,       744.85,5.59
G,SINDHU TRADE LINKS LTD,        25.28,        23.95,5.55
G,SCL 9.90% 2027 SR IV,      1060.00,      1005.00,5.47
G,PAISALO DIGITAL LIMITED,        74.10,        70.28,5.44
G,GENERIC ENG CONS PROJ LTD,        44.63,        42.36,5.36
G,VIKRAN ENGINEERING LTD,        60.77,        57.68,5.36
G,SANATHAN TEXTILES LIMITED,       456.20,       433.05,5.35
G,AERON COMPOSITE LIMITED,        83.00,        78.80,5.33
G,INDO-MIM LIMITED,       971.50,       922.40,5.32
G,SKY GOLD AND DIAMONDS LTD,       781.45,       742.00,5.32
G,BALAJI PHOSPHATES LIMITED,       114.00,       108.25,5.31
G,MAHARASHTRA SEAMLESS LTD,       688.10,       653.50,5.29
G,DCG CABLES & WIRES LTD,        68.80,        65.35,5.28
G,PRIME FOCUS LIMITED,       307.00,       291.65,5.26
G,POSITRON ENERGY LIMITED,       180.00,       171.00,5.26
G,SPACENET ENTERS IND LTD,         3.41,         3.24,5.25
G,TATVA CHIN PHARM CHEM LTD,      1678.50,      1596.20,5.16
G,DOLLEX AGROTECH LIMITED,        36.80,        35.00,5.14
G,SAYAJI HOTELS LTD.,       319.35,       303.80,5.12
G,NDTV LTD,        74.27,        70.66,5.11
G,ADITYA BIRLA FASHION & RT,        52.97,        50.41,5.08
G,LOHIA CORP LIMITED,       581.50,       553.45,5.07
G,THOMAS COOK (INDIA) LTD,       111.65,       106.31,5.02
G,MAITHAN ALLOYS LTD,      1090.55,      1038.50,5.01
G,VERTEXPLUS TECHNOLOGIES L,        56.70,        54.00,5.00
G,SYNOPTICS TECHNOLOGIES L,        49.35,        47.00,5.00
G,UTSSAV CZ GOLD JEWELS LTD,       468.30,       446.00,5.00
G,SANGANI HOSPITALS LIMITED,        54.60,        52.00,5.00
G,WOL 3D INDIA LIMITED,       136.50,       130.00,5.00
G,FORGE AUTO INTERNATION L,       105.00,       100.00,5.00
G,ONIX SOLAR ENERGY LTD.,       403.20,       384.00,5.00
G,SHRI VASUPRADA PLANTATI L,       107.10,       102.00,5.00
G,TSC INDIA LIMITED,        43.05,        41.00,5.00
G,QUALITY POWER ELEC EQUP L,      1495.30,      1424.10,5.00
G,UJAAS ENERGY LIMITED,       241.60,       230.10,5.00
G,M.V.K. AGRO FOOD PROD LTD,       236.35,       225.10,5.00
G,IWARE SUPPLYCHAIN SER LTD,       485.35,       462.25,5.00
G,GLOBAL SURFACES LIMITED,        28.37,        27.02,5.00
G,POLYSIL IRRIGATION SYST L,        70.40,        67.05,5.00
G,GLOBAL PET INDUSTRIES LTD,       165.00,       157.15,5.00
G,DYNACONS SYS & SOLN LTD,      1053.10,      1003.00,5.00
G,SATI POLY PLAST LIMITED,        38.90,        37.05,4.99
G,AKANKSHA POWER N INFRA L,       136.70,       130.20,4.99
G,ANI INTEGRATED SERV LTD.,        59.95,        57.10,4.99
G,MANAS POLYMER N ENERGIE L,        27.35,        26.05,4.99
G,FUTURE MKT NETWORKS LTD,        10.10,         9.62,4.99
G,SILKFLEX POLYMERS INDIA L,       288.30,       274.60,4.99
G,FONEBOX RETAIL LIMITED,       100.00,        95.25,4.99
G,PARAMOUNT DYE TEC LIMITED,        36.85,        35.10,4.99
G,STL NETWORKS LIMITED,        28.87,        27.50,4.98
G,APEX ECOTECH LIMITED,       278.20,       265.00,4.98
G,GURUNANAK AGRICULTUR IN L,        36.90,        35.15,4.98
G,OPTIVALUE TEK CONSULT LTD,       174.05,       165.80,4.98
G,SABAR FLEX INDIA LIMITED,         9.50,         9.05,4.97
G,INSPIRE FILMS LIMITED,         8.45,         8.05,4.97
G,CLASSIC ELECTRODE (IND) L,        54.95,        52.35,4.97
G,PRAXIS HOME RETAIL LTD,         4.65,         4.43,4.97
G,BURNPUR CEMENT LIMITED,        21.56,        20.54,4.97
G,DEEM ROLL TECH LIMITED,        42.30,        40.30,4.96
G,SONU INFRATECH LIMITED,        44.45,        42.35,4.96
G,BANKA BIOLOO LIMITED,        79.00,        75.27,4.96
G,SATIA INDUSTRIES LIMITED,        63.36,        60.37,4.95
G,CYBER MEDIA RES & SER LTD,        73.15,        69.70,4.95
G,P S RAJ STEELS LIMITED,        83.95,        80.00,4.94
G,TAKE LIMITED,        13.82,        13.17,4.94
G,VILIN BIO MED LIMITED,        54.25,        51.70,4.93
G,BIOPOL CHEMICALS LIMITED,        45.75,        43.60,4.93
G,PURPLE UNITED SALES LTD,       416.20,       396.65,4.93
G,COOL CAPS INDUSTRIES LTD,        24.50,        23.35,4.93
G,QUICKTOUCH TECHNOLOGIES L,        16.00,        15.25,4.92
G,V.L.INFRAPROJECTS LIMITED,        27.80,        26.50,4.91
G,SMS PHARMACEUTICALS LTD.,       392.50,       374.15,4.90
G,ESCONET TECHNOLOGIES LTD,       238.60,       227.45,4.90
G,CARBORUNDUM UNIVERSAL LTD,      1130.60,      1078.00,4.88
G,ESSEN SPECIALITY FILMS L,       120.75,       115.15,4.86
G,MAKS ENERGY SOL INDIA LTD,        15.10,        14.40,4.86
G,S A B INDUSTRIES LTD.,       183.50,       175.00,4.86
G,DHANSA LABS LIMITED,        28.10,        26.80,4.85
G,KRN HEAT EXCHANGE N REF L,      1578.70,      1505.90,4.83
G,PLADA INFOTECH SERVICES L,        10.85,        10.35,4.83
G,PHYSICSWALLAH LIMITED,       126.42,       120.60,4.83
G,ANGEL ONE LIMITED,       299.80,       286.00,4.83
G,MEDI CAPS LTD.,        26.29,        25.08,4.82
G,RADIANT CASH MGMT SER LTD,        41.78,        39.87,4.79
G,DIVYADHAN RECYCLING IND L,        44.90,        42.85,4.78
G,KSHITIJ POLYLINE LIMITED,         3.30,         3.15,4.76
G,AURUS GEM CORP LIMITED,         4.84,         4.62,4.76
G,ACE INTEGRATED SOLU. LTD.,        17.83,        17.02,4.76
G,IRIS REGTECH SOLUTION LTD,       265.92,       253.93,4.72
G,SYLVAN PLYBOARD (INDIA) L,        55.55,        53.05,4.71
G,ABHISHEK INTEGRATIONS LTD,        22.25,        21.25,4.71
G,BLUESTONE JEWEL LFSTL LTD,       842.75,       804.90,4.70
G,RBZ JEWELLERS LIMITED,       200.69,       191.68,4.70
G,ITALIAN EDIBLES LIMITED,        33.50,        32.00,4.69
G,GOI LOAN  5.85% 2030,        98.50,        94.09,4.69
G,PVP VENTURES LIMITED,        67.94,        64.90,4.68
G,JYOTI GLOBAL PLAST LTD,        40.30,        38.50,4.68
G,SPML INFRA LIMITED,       181.41,       173.31,4.67
G,HOAC FOODS INDIA LIMITED,      1009.95,       965.00,4.66
G,PRAKASH STEELAGE LTD,         3.82,         3.65,4.66
G,CORDS CABLE INDUS LTD.,       317.00,       302.90,4.66
G,MANOJ VAIBHAV GEM N JEW L,       179.90,       171.97,4.61
G,SHANTI GOLD INTERNATION L,       256.34,       245.05,4.61
G,VEDANT FASHIONS LIMITED,       594.20,       568.20,4.58
G,GP ECO SOLUTIONS INDIA L,       441.55,       422.30,4.56
G,STANDARD ENGNG TCNLGY LTD,       408.95,       391.15,4.55
G,POLYSPIN EXPORTS LTD.,        29.64,        28.35,4.55
G,GREENLEAF ENVIROTECH LTD,       115.00,       110.00,4.55
G,NAMO EWASTE MANAGEMENT L,       274.10,       262.20,4.54
G,HBL ENGINEERING LTD,       695.75,       665.55,4.54
G,REMSONS INDUSTRIES LTD,        99.35,        95.05,4.52
G,TEMBO GLOBAL IND LTD,        58.47,        55.94,4.52
G,STYLAM INDUSTRIES LIMITED,      3387.40,      3240.90,4.52
G,KNR CONSTRU LTD.,       124.66,       119.27,4.52
G,ONECLICK LOGISTICS IND L,       427.05,       408.65,4.50
G,YUDIZ SOLUTIONS LIMITED,        26.95,        25.80,4.46
G,INNOVA CAPTAB LIMITED,      1175.40,      1125.40,4.44
G,BALAJI AMINES LIMITED,      2525.20,      2417.80,4.44
G,KANDARP DG SMART BPO LTD,        97.00,        92.90,4.41
G,INDIA NIPPON ELECT  LTD,      1158.20,      1109.40,4.40
G,B.A.G FILMS AND MEDIA LTD,         4.51,         4.32,4.40
G,YAAP DIGITAL LIMITED,       137.80,       132.00,4.39
G,MILTON INDUSTRIES LIMITED,        38.10,        36.50,4.38
G,ONE POINT ONE SOL LTD,        57.01,        54.62,4.38
G,UTKAL SPEC INDUS INDIA L,        48.95,        46.90,4.37
G,PRABHA ENERGY LIMITED,       230.60,       220.97,4.36
G,SREE RAYALSEEMA HHP LTD.,       531.05,       508.90,4.35
G,INDIAN EMULSIFIERS LTD,        42.05,        40.30,4.34
G,KAMANWALA HOUSING CONST L,        16.59,        15.90,4.34
G,ALLCARGO TERMINALS LTD,        25.31,        24.26,4.33
G,ORTIN GLOBAL LIMITED,        15.67,        15.02,4.33
G,RITE ZONE CHEMCON IND LTD,        20.50,        19.65,4.33
G,AIRAN LIMITED,        15.44,        14.80,4.32
G,CURIS LIFESCIENCES LTD,       151.35,       145.10,4.31
G,JAIN DVR EQUITY SHARES,        21.93,        21.03,4.28
G,WHEELS INDIA LTD,      1724.90,      1654.40,4.26
G,HLE GLASCOAT LIMITED,       333.65,       320.05,4.25
G,SUNGARNER ENERGIES LTD,       317.95,       305.00,4.25
G,KITEX GARMENTS LTD,       128.85,       123.64,4.21
G,RAMCO SYSTEMS LTD.,       611.20,       586.55,4.20
G,APL APOLLO TUBES LTD,      2250.00,      2159.40,4.20
G,MEDICAMEN BIOTECH LIMITED,       270.25,       259.40,4.18
G,DONEAR IND. LIMITED,        92.25,        88.56,4.17
G,ELEGANZ INTERIORS LIMITED,        87.55,        84.05,4.16
G,NUVOCO VISTAS CORP LTD,       352.15,       338.10,4.16
G,BOROSIL LIMITED,       258.96,       248.63,4.15
G,TREJHARA SOLUTIONS LTD,       152.01,       145.99,4.12
G,UPSURGE SEEDS OF AGRI LTD,        92.40,        88.80,4.05
G,ARTEMIS MED SERVICE LTD,       332.80,       319.85,4.05
G,D. P. ABHUSHAN LIMITED,      1414.20,      1359.40,4.03
G,AQYLON NEXUS LIMITED,        22.46,        21.59,4.03
G,ORIENTAL RAIL INFRA L,       130.76,       125.72,4.01
G,ACME SOLAR HOLDINGS LTD,       418.00,       401.90,4.01
G,VISAGAR POLYTEX LTD,         0.52,         0.50,4.00
G,GREENPLY INDUSTRIES LTD,       304.70,       293.00,3.99
G,ALOK INDUSTRIES LIMITED,         7.83,         7.53,3.98
G,SLONE INFOSYSTEMS LIMITED,       187.00,       179.85,3.98
G,P B M POLYTEX LTD.,        61.00,        58.67,3.97
G,WELSPUN LIVING LIMITED,       208.51,       200.61,3.94
G,GMR POW AND URBAN INFRA L,        95.30,        91.69,3.94
G,FINBUD FINANCIAL SERV LTD,       133.00,       128.00,3.91
G,ARMAN FIN SERV LTD,      2069.30,      1991.90,3.89
G,PROSTARM INFO SYSTEMS LTD,       134.73,       129.73,3.85
G,ASTRA MICROWAVE LTD,      1729.00,      1665.10,3.84
G,LUMINO INDUSTRIES LIMITED,       114.50,       110.32,3.79
G,CLEAN MAX ENVIRO EN SOL L,      1347.90,      1298.70,3.79
G,MENON PISTONS LTD.,        77.64,        74.82,3.77
G,VODAFONE IDEA LIMITED,        15.02,        14.48,3.73
G,KRITI NUTRIENTS LIMITED,        86.45,        83.36,3.71
G,GENESYS INTL CORPN LTD,       230.88,       222.63,3.71
G,GLOBAL HEALTH LIMITED,      1469.80,      1417.30,3.70
G,EMKAY GLOBAL FIN SERV LTD,       267.25,       257.75,3.69
G,STUDIO LSD LIMITED,         9.85,         9.50,3.68
G,GNA AXLES LIMITED,       551.05,       531.80,3.62
G,DEV ACCELERATOR LIMITED,        33.29,        32.13,3.61
G,KAMAT HOTELS (I) LTD,       225.51,       217.66,3.61
G,GLOBAL EDUCATION LIMITED,       120.45,       116.27,3.60
G,MANOMAY TEX INDIA LTD,       234.97,       226.83,3.59
G,SHREE GANESH REMEDIES LTD,       708.55,       684.10,3.57
G,LORDS CHLORO ALKALI LTD,       146.60,       141.55,3.57
G,BHADORA INDUSTRIES LTD,       111.95,       108.10,3.56
G,MASK INVESTMENTS LIMITED,       148.64,       143.55,3.55
G,ARIHANT FOUN & HOU LTD,       953.15,       920.65,3.53
G,MCON RASAYAN INDIA LTD,        44.00,        42.50,3.53
G,TATA COMMUNICATIONS LTD,      1756.10,      1696.40,3.52
G,UDAY JEWELLERY INDS. LTD.,       143.00,       138.14,3.52
G,CAPACITE INFRAPROJECT LTD,       216.22,       208.88,3.51
G,BLUSPRING ENTERPRISES LTD,       138.96,       134.25,3.51
G,ORIENTAL AROMATICS LTD,       519.90,       502.30,3.50
G,XPRO INDIA LIMITED,      1325.10,      1280.30,3.50
G,LAXMI INDIA FINANCE LTD,       132.60,       128.13,3.49
G,SCHNEIDER ELECTRIC INFRA,      1232.40,      1191.00,3.48
G,KATARIA INDUSTRIES LTD,       107.45,       103.85,3.47
G,HAPPY STEELS LIMITED,        89.65,        86.65,3.46
G,ADDI INDUSTRIES LTD.,        79.34,        76.69,3.46
G,PHANTOM DIGITAL EFF LTD,       116.85,       112.95,3.45
G,KENNAMETAL INDIA LIMITED,      4688.50,      4532.20,3.45
G,PANORAMA STUDIOS INTL. L,        47.41,        45.83,3.45
G,EPPELTONE ENGINEERS LTD,       139.70,       135.05,3.44
G,TCPL PACKAGING LIMITED,      4091.90,      3956.60,3.42
G,MANGALAM SEEDS LTD.,       142.22,       137.53,3.41
G,INTENSE TECHNOLOGIES LTD,        82.25,        79.54,3.41
G,I G PETROCHEMICALS LTD,       567.40,       548.85,3.38
G,ENSER COMMUNICATIONS LTD,        15.30,        14.80,3.38
G,RMC SWITCHGEARS LIMITED,       233.54,       225.97,3.35
G,SKP BEARING INDUSTRI. LTD,       151.50,       146.60,3.34
G,AMBICA AGAR & AROMAINDLTD,        27.21,        26.33,3.34
G,GANESH CONSUMER PRODUCT L,       174.46,       168.82,3.34
G,WILLIAMSON MAGOR,        25.40,        24.58,3.34
G,M K EXIM (INDIA) LTD.,        62.18,        60.18,3.32
G,MULTI COMMODITY EXCHANGE,      3275.40,      3170.20,3.32
G,MEDICAMEN ORGANICS LTD,        26.50,        25.65,3.31
G,AMIR CHAND JAG KUM (E) L,       194.29,       188.07,3.31
G,INOX INDIA LIMITED,      2247.80,      2176.20,3.29
G,INFOMEDIA PRESS LIMITED,         5.35,         5.18,3.28
G,ENCOMPASS DESIGN INDIA L,       256.80,       248.65,3.28
G,TITAGARH RAIL SYSTEMS LTD,       871.85,       844.20,3.28
G,SUPERIOR INDUSTRIAL ENT L,        31.90,        30.89,3.27
G,MEDIA MATRIX WORLDWIDE L,        14.53,        14.07,3.27
G,PREMIER POLYFILM LTD,        95.36,        92.35,3.26
G,DYNAMIC SRVCS & SEC LTD,       146.30,       141.70,3.25
G,CSL FINANCE LIMITED,       251.77,       243.86,3.24
G,KAYNES TECHNOLOGY IND LTD,      3598.00,      3485.00,3.24
G,CREDO BRANDS MARKETING L,        75.23,        72.87,3.24
G,BODAL CHEMICALS LTD,       155.62,       150.76,3.22
G,KILBURN ENGINEERING LTD.,       467.85,       453.25,3.22
G,STEELCAST LIMITED,       328.05,       317.85,3.21
G,BULKCORP INTERNATIONAL L,        78.00,        75.60,3.17
G,VISAKA INDUSTRIES LIMITED,        93.37,        90.50,3.17
G,AGARWAL TOUGH GLASS IND L,       140.60,       136.30,3.15
G,ALL TIME PLASTICS LIMITED,       206.08,       199.78,3.15
G,JNK INDIA LIMITED,       445.05,       431.45,3.15
G,LLOYDS ENTERPRISES LTD,        74.23,        71.97,3.14
G,RICO AUTO INDUSTRIES LTD,       130.46,       126.49,3.14
G,BSE LIMITED,      3409.80,      3306.10,3.14
G,ROCKINGDEALS CIRCU ECO L,       234.25,       227.15,3.13
G,TIMEX GROUP INDIA LTD.,       669.85,       649.55,3.13
G,S A TECH SOFTWARE INDIA L,        39.60,        38.40,3.13
G,ADISOFT TECHNOLOGIES LTD,       206.25,       200.00,3.13
G,NORBEN TEA & EXPORTS LTD,        70.69,        68.55,3.12
G,WINSOL ENGINEERS LIMITED,       116.00,       112.50,3.11
G,STAR CEMENT LIMITED,       190.19,       184.47,3.10
G,AMD INDUSTRIES LIMITED,        60.32,        58.51,3.09
G,UNITED POLYFAB GUJ. LTD.,        41.66,        40.41,3.09
G,DHANLAXMI CROP SCIENCE L,        25.00,        24.25,3.09
G,JASH ENGINEERING LIMITED,       478.50,       464.15,3.09
G,ADITYA BIRLA LIFES BRAN L,        86.07,        83.49,3.09
G,SRIVASAVI ADHESIVE TAPE L,        79.00,        76.65,3.07
G,SANSTAR LIMITED,       111.31,       108.00,3.06
G,ROSSELL TECHSYS LIMITED,      1150.50,      1116.30,3.06
G,MOVING MEDIA ENTER LTD,        25.25,        24.50,3.06
G,ENTERTAIN NET. IND. LTD.,       102.65,        99.61,3.05
G,SAMMAAN CAPITAL LIMITED,       158.39,       153.70,3.05
G,PARAMOUNT SPECIALI FORG L,        34.00,        33.00,3.03
G,INDIAN PHOSPHATE LIMITED,        74.95,        72.75,3.02
G,B.L.KASHYAP & SON LTD,        59.34,        57.60,3.02
G,KCK INDUSTRIES LTD,        15.35,        14.90,3.02
G,HALDER VENTURE LIMITED,       293.50,       284.90,3.02
G,NETWORK18 MEDIA & INV LTD,        28.38,        27.55,3.01
G,P N GADGIL JEWELLERS LTD,       609.05,       591.25,3.01
G,AKIKO GLOBAL SERVICES L,       416.15,       404.00,3.01
G,ALL E TECHNOLOGIES LTD,       137.25,       133.25,3.00
G,VASA DENTICITY LIMITED,       412.00,       400.00,3.00
G,SHREEJI GLOBAL FMCG LTD,       195.95,       190.25,3.00
G,YATHARTH HOSP & TRA C S L,       991.10,       962.30,2.99
G,MMTC LIMITED,        64.18,        62.32,2.98
G,LOYAL TEXTILE MILLS LTD,       218.14,       211.82,2.98
G,SOLVE PLASTIC PRODUCTS L,        19.00,        18.45,2.98
G,63 MOONS TECHNOLOGIES LTD,       876.50,       851.25,2.97
G,FINKURVE FINANCIAL SERV L,        72.31,        70.23,2.96
G,JEENA SIKHO LIFECARE LTD,       516.30,       501.45,2.96
G,VICTORY ELEC VEHICL INT L,        15.65,        15.20,2.96
G,HEG LTD,       728.25,       707.45,2.94
G,TAINWALA CHEMICAL AND PLA,       213.71,       207.63,2.93
G,GPT HEALTHCARE LIMITED,       158.17,       153.68,2.92
G,HERITAGE FOODS LTD,       382.35,       371.55,2.91
G,ONE GLOBAL SERVICE PROV L,       542.40,       527.15,2.89
G,SILKY OVERSEAS LIMITED,        71.95,        69.95,2.86
G,MY MUDRA FINCORP LIMITED,        72.00,        70.00,2.86
G,NATIONAL STAND (INDIA) L,       107.74,       104.75,2.85
G,PRIMO CHEMICALS LIMITED,        21.27,        20.68,2.85
G,INDO COUNT INDUSTRIES LTD,       449.80,       437.35,2.85
G,LE TRAVENUES TECHNOLOGY L,       166.75,       162.15,2.84
G,BOHRA INDUSTRIES LIMITED,        12.70,        12.35,2.83
G,ZOTA HEALTH CARE LIMITED,      1132.40,      1101.20,2.83
G,MAHANAGAR GAS LTD.,      1096.60,      1066.40,2.83
G,HEALTH X PLATFORM LIMITED,       300.30,       292.05,2.82
G,SUDEEP PHARMA LIMITED,      1329.30,      1292.80,2.82
G,ELECTRO FORCE (INDIA) LTD,        20.05,        19.50,2.82
G,GOKALDAS EXPORTS LTD.,       789.20,       767.65,2.81
G,WARDWIZARD INNO & MOB L,         5.86,         5.70,2.81
G,KANCHI KARPOORAM LTD.,       409.70,       398.55,2.80
G,INFOBEANS TECHNO. LTD.,       162.08,       157.68,2.79
G,FEDDERS HOLDING LTD.,        47.28,        46.00,2.78
G,EMA PARTNERS INDIA LTD,        85.35,        83.05,2.77
G,RADAAN MEDIAWORKS (I) LTD,         2.97,         2.89,2.77
G,KOKUYO CAMLIN LIMITED,        80.61,        78.44,2.77
G,COMPETENT AUTOMOB CO. L,       371.80,       361.80,2.76
G,MONEYBOXX FINANCE LIMITED,        58.80,        57.22,2.76
G,7.35% TAX FREE NCD,      1202.10,      1169.80,2.76
G,MAXPOSURE LIMITED,        29.80,        29.00,2.76
G,SENCO GOLD LIMITED,       358.65,       349.05,2.75
G,BATLIBOI LTD.,        90.81,        88.39,2.74
G,AKASH INFRA-PROJECTS LTD,        25.60,        24.92,2.73
G,ABHA POWER N STEEL LTD,        24.60,        23.95,2.71
G,SHREE RAM TWISTEX LIMITED,        37.71,        36.72,2.70
G,SAMBANDAM SPINNING MILL L,       123.23,       120.00,2.69
G,OM POWER TRANSMISSION LTD,       175.68,       171.09,2.68
G,SALONA COTSPIN LTD.,       269.95,       262.90,2.68
G,WATERBASE LTD.,        48.63,        47.36,2.68
G,AKG EXIM LIMITED,         9.59,         9.34,2.68
G,K.P. ENERGY LIMITED,       247.32,       240.89,2.67
G,OSWAL GREENTECH LIMITED,        20.39,        19.86,2.67
G,KREBS BIOCHEMICALS & IND,        55.95,        54.50,2.66
G,N R VANDANA TEX IND LTD,        69.90,        68.10,2.64
G,GUJARAT NATURAL RES L,        99.27,        96.72,2.64
G,SHRI AHIMSA NATURALS LTD,       485.50,       473.10,2.62
G,RPG LIFE SCIENCES LTD,      2721.60,      2652.40,2.61
G,CROMPT GREA CON ELEC LTD,       232.40,       226.51,2.60
G,GENUS P&B LIMITED,        12.76,        12.44,2.57
G,MITTAL LIFE STYLE LIMITED,         0.80,         0.78,2.56
G,UMA CONVERTER LIMITED,        18.00,        17.55,2.56
G,UNIMECH AEROSPACE N MFG L,      1502.70,      1465.30,2.55
G,KABRA EXTRUSION TECHNIK L,       579.15,       564.80,2.54
G,HATHWAY CABLE & DATACOM,        10.52,        10.26,2.53
G,SREELEATHERS LIMITED,       265.52,       258.96,2.53
G,SAKUMA EXPORTS LIMITED,         1.62,         1.58,2.53
G,SWIGGY LIMITED,       276.10,       269.30,2.53
G,REDTAPE LIMITED,       120.43,       117.48,2.51
G,SIMPLEX REALTY LTD.,       142.99,       139.50,2.50
G,GLOBE INTL CARRIERS LTD,        24.60,        24.00,2.50
G,MADHYA BHARAT AGRO P. LTD,       166.12,       162.08,2.49
G,GUJARAT LEASE FINANCING L,         5.80,         5.66,2.47
G,IND MOTOR PART & ACC LTD,      1114.60,      1087.80,2.46
G,R K SWAMY LIMITED,        94.25,        92.00,2.45
G,LANDMARK CARS LIMITED,       510.15,       498.00,2.44
G,RAYMOND LIFESTYLE LIMITED,       663.65,       647.85,2.44
G,CYIENT DLM LIMITED,       856.95,       836.55,2.44
G,TD POWER SYSTEMS LTD.,       740.10,       722.55,2.43
G,SHRADDHA PRIME PROJECTS L,       156.48,       152.78,2.42
G,SHRI KRISHNA DEVCON LTD.,        39.79,        38.85,2.42
G,HRH NEXT SERVICES LIMITED,        25.40,        24.80,2.42
G,BORANA WEAVES LIMITED,       307.60,       300.35,2.41
G,GOKUL REFOILS & SOLV LTD,        42.96,        41.95,2.41
G,DELAPLEX LIMITED,       100.00,        97.65,2.41
G,FIEM INDUSTRIES LIMITED,      2085.80,      2036.90,2.40
G,ARTEMIS ELECTRICALS & P L,        17.50,        17.09,2.40
G,INDIAN CARD CLOTHING CO.,       219.97,       214.82,2.40
G,SHREEJI SHIPPING GLOBAL L,       680.15,       664.25,2.39
G,INDO-NATIONAL LIMITED,       331.75,       324.00,2.39
G,INOX GREEN ENERGY SER LTD,       175.10,       171.01,2.39
G,MOTILAL OSWAL FIN LTD,      1037.00,      1012.80,2.39
G,INTEGRATED PERSO SER LTD,       215.00,       210.00,2.38
G,KARNIKA INDUSTRIES LTD,       118.30,       115.55,2.38
G,MEDPLUS HEALTH SERV LTD,       676.35,       660.65,2.38
G,CEIGALL INDIA LIMITED,       355.80,       347.55,2.37
G,2.50%GOLDBONDS2027SR-VI,     15200.00,     14849.00,2.36
G,ENKEI WHEELS (INDIA) LTD.,       389.80,       380.80,2.36
G,SALASAR TECHNO ENGG. LTD.,         5.20,         5.08,2.36
G,POWERICA LIMITED,       525.05,       512.95,2.36
G,SAMPANN UTPADAN INDIA LTD,        25.19,        24.61,2.36
G,FEDBANK FINANCIAL SER L,       161.56,       157.86,2.34
G,R. S. SOFTWARE (INDIA) LI,        30.61,        29.91,2.34
G,AGARWAL INDS CORP LTD.,       450.80,       440.50,2.34
G,FOODS & INNS LIMITED,        57.37,        56.06,2.34
G,2.50%GOLDBONDS2027SR-I,     15298.99,     14950.00,2.33
G,A K CAPITAL SERVICES LTD.,      1736.90,      1697.40,2.33
G,AYE FINANCE LIMITED,       184.81,       180.61,2.33
G,SDL HP 7.77% 2049,        97.20,        95.00,2.32
G,BOSCH HOME COMFRT IND LTD,      1818.80,      1777.70,2.31
G,INTEGRITY INFRABUILD DE L,       175.00,       171.05,2.31
G,SALZER ELECTRONICS LTD,       549.70,       537.30,2.31
G,KALYAN JEWELLERS IND LTD,       598.80,       585.30,2.31
G,SMC GLOBAL SECURITIES LTD,        81.25,        79.42,2.30
G,GUJ. APOLLO IND. LTD.,       355.95,       347.95,2.30
G,JAINIK POWER CABLES LTD,       209.20,       204.50,2.30
G,SHIVALIC POWER CONTROL L,        62.60,        61.20,2.29
G,UJJIVAN SMALL FINANC BANK,        64.43,        62.99,2.29
G,JUNIPER GREEN ENERGY LTD,       265.10,       259.20,2.28
G,KHFM HOS FAC MANA SER LTD,        44.95,        43.95,2.28
G,YASH OPTICS & LENS LTD,       123.75,       121.00,2.27
G,RUCHIRA PAPERS LIMITED,       107.50,       105.12,2.26
G,2.50%GOLDBONDS2027SR-V,     15300.00,     14962.00,2.26
G,BOMBAY SUPER HYBRID SEEDS,        91.48,        89.46,2.26
G,VITAL CHEMTECH LIMITED,        55.72,        54.49,2.26
G,TARC LIMITED,       126.99,       124.19,2.25
G,PANAMA PETROCHEM LTD,       495.45,       484.55,2.25
G,JYOTI STRUCTURES LTD,        10.02,         9.80,2.24
G,SDL BR 7.92% 2051,       102.55,       100.30,2.24
G,CANTABIL RETAIL LTD,       243.05,       237.74,2.23
G,JTL INDUSTRIES LIMITED,        91.67,        89.67,2.23
G,E TO E TRANS INFRA LTD,       353.10,       345.40,2.23
G,MOLBIO DIAGNOSTICS LTD,      1160.50,      1135.20,2.23
G,APMD 9.30% 2032 STRPP F,    105495.00,    103201.01,2.22
G,SURANA TELECOM AND POW LT,        16.57,        16.21,2.22
G,PRAVEG LTD.,       266.15,       260.40,2.21
G,GAJA ALT ASSET MGT LTD,       161.10,       157.62,2.21
G,DUDIGITAL GLOBAL LIMITED,        25.55,        25.00,2.20
G,INTL CONVEYORS LIMITED,        81.18,        79.44,2.19
G,SIKA INTERPLANT SYSTEMS L,       996.10,       974.75,2.19
G,ORICON ENTERPRISES LTD,        54.15,        52.99,2.19
G,MOTILALAMC - MOPSE,       101.57,        99.40,2.18
G,VIBHOR STEEL TUBES LTD,       117.66,       115.15,2.18
G,VCCL 12% 2029,     98000.00,     95910.00,2.18
G,SNEHAA ORGANICS LIMITED,        47.00,        46.00,2.17
G,DCM FINANCIAL SERVICES LT,         5.20,         5.09,2.16
G,KORE DIGITAL LIMITED,        92.45,        90.50,2.15
G,MAX ESTATES LIMITED,       542.10,       530.70,2.15
G,RATNAMANI MET & TUB LTD.,      2727.00,      2669.70,2.15
G,20 MICRONS LTD,       222.49,       217.82,2.14
G,TCI EXPRESS LIMITED,       552.90,       541.30,2.14
G,ORCHID PHARMA LIMITED,       954.65,       934.65,2.14
G,WAAREE ENERGIES LIMITED,      2635.00,      2579.90,2.14
G,VCCL 10.25% 2028,     96000.00,     94000.00,2.13
G,FIDEL SOFTECH LIMITED,       142.00,       139.05,2.12
G,HANDSON GBL MNGMNT LTD,        52.63,        51.54,2.11
G,VOLTAMP TRANSFORMERS LTD,     11418.00,     11182.00,2.11
G,ISGEC HEAVY ENG LTD,       787.35,       771.10,2.11
G,360ONEAMC - MSCI360,        10.27,        10.06,2.09
G,KEWAL KIRAN CLOTHING LTD,       514.30,       503.80,2.08
G,CAPILLARY TECHNO INDIA L,       490.05,       480.05,2.08
G,TRANSCORP INTERNATIONAL L,        25.49,        24.97,2.08
G,KAYTEX FABRICS LIMITED,        56.50,        55.35,2.08
G,TEXMACO RAIL & ENG. LTD.,       115.99,       113.63,2.08
G,PAVNA INDUSTRIES LIMITED,        17.22,        16.87,2.07
G,VIYASH SCIENTIFIC LIMITED,       265.85,       260.45,2.07
G,CASTROL INDIA LIMITED,       190.27,       186.42,2.07
G,RELIGARE ENTER. LTD.,       257.08,       251.89,2.06
G,SAFARI IND (INDIA) LTD,      1540.40,      1509.50,2.05
G,YASHO INDUSTRIES LIMITED,      4134.10,      4051.20,2.05
G,URBAN COMPANY LIMITED,       181.09,       177.46,2.05
G,DELTA MANUFACTURING LTD,        58.40,        57.23,2.04
G,QUADPRO ITES LIMITED,         2.50,         2.45,2.04
G,BALAJI TELEFILMS LIMITED.,        93.17,        91.31,2.04
G,DHOOT TRANSMISSION LTD,      1615.70,      1583.50,2.03
G,EMKAY TAP & CUT. TOOL LTD,        98.00,        96.05,2.03
G,JINDAL DRILLING IND. LTD,       663.05,       649.90,2.02
G,NOVARTIS INDIA LIMITED,      1646.70,      1614.10,2.02
G,BARODABNP - BBNPNBETF,        58.30,        57.15,2.01
G,GRM OVERSEAS LIMITED,        87.53,        85.81,2.00
G,AJMERA REALTY & INF I LTD,       117.76,       115.45,2.00
G,AEROFLEX NEU LIMITED,        80.57,        78.99,2.00
G,GOLDKART JEWELS LIMITED,       102.00,       100.00,2.00
G,GOI LOAN  6.03% 2029,       100.47,        98.50,2.00
G,PRIZOR VIZTECH LIMITED,      1200.40,      1176.90,2.00
G,UNITED HEAT TRANSFER LTD,       158.40,       155.30,2.00
G,RESPONSIVE INDUSTRIES LTD,       154.90,       151.87,2.00
G,APSIS AEROCOM LIMITED,       611.30,       599.35,1.99
G,2.50%GOLDBONDS2027SR-V,     15248.00,     14950.00,1.99
G,WATERWAYS LEISURE TOUR L,       103.90,       101.87,1.99
G,ROTO PUMPS LIMITED,        65.03,        63.76,1.99
G,MODI NATURALS LIMITED,       340.95,       334.30,1.99
G,INNOMET ADVANCED MATERI L,       282.45,       276.95,1.99
G,MAMATA MACHINERY LIMITED,       412.55,       404.55,1.98
G,BILLIONBRAINS GARAGE VN L,       194.00,       190.24,1.98
G,VISHNU CHEMICALS LIMITED,       702.00,       688.45,1.97
G,PALASH SECURITIES LTD,        90.17,        88.43,1.97
G,UNICOMMERCE ESOLUTIONS L,        87.62,        85.93,1.97
G,CHEMPLAST SANMAR LIMITED,       170.29,       167.03,1.95
G,OLA ELECTRIC MOBILITY LTD,        38.20,        37.47,1.95
G,AVENUESAI LIMITED,        15.70,        15.40,1.95
G,FABTECH TECHNOLOGIES LTD,       150.20,       147.33,1.95
G,VINYL CHEMICALS (I) LTD.,       232.38,       227.94,1.95
G,AGI INFRA LIMITED,       283.70,       278.30,1.94
G,MALLCOM (INDIA) LIMITED,      1018.15,       998.80,1.94
G,IKIO TECHNOLOGIES LIMITED,       212.34,       208.31,1.93
G,QUINT DIGITAL LTD.,        40.68,        39.91,1.93
G,SHARAT INDUSTRIES LTD.,       162.42,       159.35,1.93
G,GROWWAMC - GROWWMETAL,        12.72,        12.48,1.92
G,HONDA I POWER PRODUCT LTD,      2024.60,      1986.40,1.92
G,RAVINDER HEIGHTS LIMITED,        39.84,        39.09,1.92
G,DEE DEVELOPMENT ENG LTD,       658.25,       645.90,1.91
G,SMARTWORKS COWORKING SP L,       541.50,       531.40,1.90
G,SOM DIST & BREW LTD,        74.00,        72.62,1.90
G,RAIN INDUSTRIES LIMITED,       215.72,       211.71,1.89
G,CANARA HSBC LIFE INS CO L,       157.23,       154.31,1.89
G,PARAMOUNT COMM LTD,        65.51,        64.30,1.88
G,WEWORK INDIA MANAGEMENT L,       666.95,       654.70,1.87
G,PROVENTUS AGROCOM LIMITED,      1910.00,      1875.00,1.87
G,ELGI EQUIPMENTS LTD,       642.10,       630.35,1.86
G,PI INDUSTRIES LTD,      2465.00,      2419.90,1.86
G,GOI TBILL 182D-10/09/26,        99.33,        97.52,1.86
G,TRANSINDIA REAL ESTATE L,        27.44,        26.94,1.86
G,LENSKART SOLUTIONS LTD,       684.90,       672.45,1.85
G,TRITON VALVES LTD.,      1136.10,      1115.50,1.85
G,UDAYSHIVAKUMAR INFRA LTD,        20.99,        20.61,1.84
G,MODERN THREADS INDIA LTD,        54.37,        53.39,1.84
G,BTRFLY GANDHI APPL LTD,       624.85,       613.60,1.83
G,ANDHRA PAPER LIMITED,        64.45,        63.29,1.83
G,DENTA WATER N INFRA SOL L,       275.35,       270.40,1.83
G,CERA SANITARYWARE LTD,      5787.50,      5683.50,1.83
G,JUBILANT PHARMOVA LTD,       924.50,       907.90,1.83
G,DISA INDIA LTD.,     11990.00,     11775.00,1.83
G,ANLON TECHNOLOGY SOL LTD,       670.00,       658.00,1.82
G,ARCHEAN CHEMICAL IND LTD,       504.20,       495.20,1.82
G,BANG OVERSEAS LTD.,        34.79,        34.17,1.81
G,ORIENT BELL LIMITED,       420.10,       412.65,1.81
G,STYRENIX PERFORMANCE LTD,      2043.20,      2007.00,1.80
G,USHA MARTIN EDU & SOL LTD,         5.09,         5.00,1.80
G,MOTILALAMC - MOMGF,       165.66,       162.74,1.79
G,ENVIRO INFRA ENGINEERS L,       199.17,       195.66,1.79
G,IOL CHEM AND PHARMA LTD,       199.95,       196.43,1.79
G,PNB HOUSING FIN LTD.,      1166.00,      1145.50,1.79
G,ANB METAL CAST LIMITED,       370.00,       363.50,1.79
G,ANUH PHARMA LIMITED,        81.10,        79.68,1.78
G,MONTE CARLO FASHIONS LTD.,       574.50,       564.45,1.78
G,SPUNWEB NONWOVEN LIMITED,       102.90,       101.10,1.78
G,CENTRAL MINE P N D INST L,       243.92,       239.66,1.78
G,KRM AYURVEDA LIMITED,       287.85,       282.90,1.75
G,CARE RATINGS LIMITED,      1738.20,      1708.40,1.74
G,ALEMBIC LIMITED,       111.41,       109.51,1.74
G,FRONTIER SPRINGS LTD.,      1291.80,      1269.80,1.73
G,FUSION FINANCE LIMITED,       203.19,       199.73,1.73
G,L K P SECURITIES LTD.,        15.28,        15.02,1.73
G,NICCO PARKS & RESORTS LTD,        79.55,        78.20,1.73
G,SUNDREX OIL COMPANY LTD,        29.50,        29.00,1.72
G,MADHUSUDAN MASALA LIMITED,       236.00,       232.00,1.72
G,GROVER JEWELLS LIMITED,       251.00,       246.75,1.72
G,BIRLANU LIMITED,      1448.00,      1423.50,1.72
G,UGRO CAPITAL LIMITED,        86.35,        84.89,1.72
G,SHIVA CEMENT LTD.,        15.97,        15.70,1.72
G,ACCENT MICROCELL LIMITED,       617.80,       607.40,1.71
G,GRAPHITE INDIA LTD,       733.60,       721.30,1.71
G,SAAKSHI MEDTEC N PANELS L,       317.30,       312.00,1.70
G,HIMATSINGKA SEIDE LTD,        71.51,        70.32,1.69
G,SIDDHI COTSPIN LIMITED,        27.05,        26.60,1.69
G,BAJAJ CONSUMER CARE LTD,       517.55,       508.95,1.69
G,GOI TBILL 364D-29/04/27,        96.00,        94.41,1.68
G,GRP LIMITED,      2013.00,      1979.70,1.68
G,AWFIS SPACE SOLUTIONS LTD,       260.80,       256.50,1.68
G,EPACK PREFAB TECHN LTD,       231.11,       227.30,1.68
G,SVP GLOBAL TEXTILES LTD,         3.65,         3.59,1.67
G,NCC LIMITED,       149.70,       147.24,1.67
G,CLEAR SECURED SERVICES L,        91.65,        90.15,1.66
G,AVIENCE BIOMEDICALS LTD,       275.00,       270.50,1.66
G,NAGREEKA CAP & INFR.LTD,        23.25,        22.87,1.66
G,ANYA POLYTECH & FERTI LTD,        15.30,        15.05,1.66
G,RATTANINDIA POWER LIMITED,         7.36,         7.24,1.66
G,TVS HOLDINGS LIMITED,     13374.00,     13156.00,1.66
G,FLYSBS AVIATION LIMITED,       635.60,       625.25,1.66
G,WONDERLA HOLIDAYS LTD.,       533.90,       525.25,1.65
G,KRSNAA DIAGNOSTICS LTD,       560.00,       550.95,1.64
G,THEJO ENGINEERING LIMITED,      2125.30,      2091.00,1.64
G,DRC SYSTEMS INDIA LIMITED,        13.64,        13.42,1.64
G,DIGICONTENT LIMITED,        24.83,        24.43,1.64
G,ADIT BIRL SUN LIF AMC LTD,      1062.30,      1045.20,1.64
G,GRAND CONTINENT HOTELS L,        99.85,        98.25,1.63
G,TEXMO PIPE & PRODUCTS LTD,        46.23,        45.49,1.63
G,VARDHMAN TEXTILES LIMITED,       598.20,       588.65,1.62
G,SHRIRAM PROPERTIES LTD,        76.90,        75.68,1.61
G,CORAL INDIA FIN & HOUS LT,        33.47,        32.94,1.61
G,PENNAR INDUSTRIES LTD,       169.56,       166.88,1.61
G,DCM NOUVELLE LIMITED,       184.96,       182.04,1.60
G,IFB AGRO INDUSTRIES LTD,       903.30,       889.05,1.60
G,VAIBHAV GLOBAL LIMITED,       218.74,       215.30,1.60
G,SUPREME POWER EQUIPMENT L,       222.60,       219.10,1.60
G,PRAKASH INDUSTRIES LTD,       125.63,       123.66,1.59
G,GUJ NAR VAL FER & CHEM L,       596.70,       587.35,1.59
G,HINDUJA GLOBAL SOLS. LTD.,       399.25,       393.00,1.59
G,INVENTURUS KNOWLEDGE SO L,      1759.90,      1732.40,1.59
G,CRAFTSMAN AUTOMATION LTD,     11398.00,     11220.00,1.59
G,SHYAM TELECOM LIMITED,        11.60,        11.42,1.58
G,HDFCAMC - HDFCNIMEG,       133.56,       131.49,1.57
G,PRECISION CAMSHAFTS LTD.,       124.02,       122.10,1.57
G,PSP PROJECTS LIMITED,       875.50,       861.95,1.57
G,RAJPUTANA BIODIESEL LTD,       219.95,       216.55,1.57
G,W.S.INDUSTRIES (I) LTD.,        60.37,        59.44,1.56
G,DR. AGARWAL'S EYE HOSP L,      5422.50,      5339.00,1.56
G,IGARASHI MOTORS INDIA LTD,       422.75,       416.25,1.56
G,SHANKESH JEWELLERS LTD,        98.92,        97.40,1.56
G,DIGITIDE SOLUTIONS LTD,        97.01,        95.52,1.56
G,SHREEDHAR SPINNERS LTD,       114.30,       112.55,1.55
G,SARTHAK METALS LIMITED,        65.59,        64.59,1.55
G,SUNDARAM FINANCE LTD,      4648.70,      4578.00,1.54
G,AVANA ELECTROSYSTEMS LTD,       154.75,       152.40,1.54
G,VCCL 11.5% 2031,     99000.00,     97500.00,1.54
G,ASPIRE & INNOVATIVE ADV L,        13.25,        13.05,1.53
G,RBL BANK LIMITED,       414.35,       408.10,1.53
G,BIGBLOC CONSTRUCTION LTD,        41.92,        41.29,1.53
G,RAIL VIKAS NIGAM LIMITED,       212.49,       209.30,1.52
G,CHOLAMANDALAM FIN HOL LTD,      1525.70,      1502.80,1.52
G,IMAGICAAWORLD ENT LTD,        55.38,        54.55,1.52
G,PG ELECTROPLAST LTD,       562.30,       553.90,1.52
G,ICICIPRAMC - METALIETF,        13.40,        13.20,1.52
G,CHETANA EDUCATION LIMITED,        43.65,        43.00,1.51
G,ITI LTD,       272.50,       268.45,1.51
G,STARTECK FINANCE LIMITED,       249.25,       245.55,1.51
G,SELLOWRAP INDUSTRIES LTD,        67.50,        66.50,1.50
G,GRADIENTE INFOTAINMENT L,         2.71,         2.67,1.50
G,ALANKIT LIMITED,         8.14,         8.02,1.50
G,ARDEE INDUSTRIES LIMITED,        55.66,        54.84,1.50
G,SINTERCOM INDIA LIMITED,        80.80,        79.61,1.49
G,SADBHAV ENGINEERING LTD,         8.15,         8.03,1.49
G,ABANS ENTERPRISES LTD.,        27.86,        27.45,1.49
G,MADHAV MARBLE & GRANITE,        35.36,        34.84,1.49
G,KHANDWALA SECURITIES LTD,        18.38,        18.11,1.49
G,ARIHANT CAPITAL MKTS LTD,        79.69,        78.52,1.49
G,DHUNSERI VENTURES LIMITED,       290.05,       285.80,1.49
G,IL&FS INVESTMENT MANAGERS,        10.24,        10.09,1.49
G,ASSO ALCOHOLS & BREW LTD,       706.35,       696.05,1.48
G,SOLARA ACTIVE PHA SCI LTD,       639.15,       629.85,1.48
G,APOLLO MICRO SYSTEMS LTD,       388.90,       383.25,1.47
G,GOI LOAN 7.95% 2032,       106.40,       104.86,1.47
G,MPS LIMITED,      2658.90,      2620.60,1.46
G,LIC HOUSING FINANCE LTD,       562.05,       554.00,1.45
G,INDO TECH TRANSFORM LTD.,      3663.10,      3610.70,1.45
G,SINGER INDIA LIMITED,        76.98,        75.88,1.45
G,KDDL LIMITED,      3911.00,      3855.30,1.44
G,VIDHI SPCLTY F INGRDNTS L,       347.75,       342.80,1.44
G,ALUWIND INFRA-TECH LTD,        49.20,        48.50,1.44
G,GRETEX CORPORATE SERVICES,       595.15,       586.70,1.44
G,THE WESTERN INDIA PLY LTD,       167.99,       165.61,1.44
G,KOTAKMAMC - KOTAKSILVE,        22.60,        22.28,1.44
G,WHIRLPOOL OF INDIA LTD,       815.95,       804.40,1.44
G,AAREY DRUGS & PHARM LTD,        95.79,        94.44,1.43
G,HINDPRAKASH INDUSTRY LTD,       123.75,       122.01,1.43
G,CHEVIOT COMPANY LIMITED,      1159.40,      1143.10,1.43
G,NIIT LIMITED,        98.96,        97.57,1.42
G,RATTANINDIA ENT LIMITED,        27.82,        27.43,1.42
G,KAUSHALYA LOGISTICS LTD,        25.00,        24.65,1.42
G,VINYAS INNOVATIVE TECH L,      1559.35,      1537.55,1.42
G,DE NEERS TOOLS LIMITED,       172.30,       169.90,1.41
G,SAURASHTRA CEMENT LIMITED,        57.61,        56.81,1.41
G,BANDHANAMC - SILVERBND,       233.61,       230.37,1.41
G,JOHN COCKERILL INDIA LTD.,      8193.50,      8080.00,1.40
G,PREMCO GLOBAL LTD.,       390.95,       385.55,1.40
G,TRAVEL FOOD SERVICES LTD,      1296.30,      1278.40,1.40
G,VASCON ENGINEERS LTD,        30.47,        30.05,1.40
G,ERIS LIFESCIENCES LIMITED,      1321.70,      1303.50,1.40
G,RAVINDRA ENERGY LIMITED,       161.37,       159.15,1.39
G,BELLA CASA FASH AND RET L,       242.85,       239.51,1.39
G,GOI LOAN  7.32% 2030,       104.00,       102.57,1.39
G,SPANDANA SPHOORTY FIN LTD,       239.81,       236.52,1.39
G,NDL VENTURES LIMITED,       124.72,       123.01,1.39
G,NK INDUSTRIES LTD,        57.10,        56.32,1.38
G,NEWGEN SOFTWARE TECH LTD,       524.80,       517.65,1.38
G,MANORAMA INDUSTRIES LTD,      1993.40,      1966.30,1.38
G,R SYS INTERNATIONAL LTD,       256.12,       252.64,1.38
G,SARASWATI SAREE DEPOT LTD,        56.69,        55.92,1.38
G,ONE 97 COMMUNICATIONS LTD,      1659.50,      1637.00,1.37
G,LA OPALA RG LIMITED,       173.90,       171.55,1.37
G,BAAZAR STYLE RETAIL LTD,       400.25,       394.85,1.37
G,HIMADRI SPECIALITY CHEM L,       671.05,       662.00,1.37
G,NMDC STEEL LIMITED,        46.02,        45.40,1.37
G,GOLDIAM INTERNATIONAL LTD,       345.30,       340.65,1.37
G,AARTI DRUGS LTD.,       431.65,       425.85,1.36
G,PTL ENTERPRISES LTD,        38.74,        38.22,1.36
G,NIIT LEARNING SYSTEMS LTD,       225.94,       222.91,1.36
G,INSOLATION ENERGY LIMITED,        90.24,        89.03,1.36
G,ZEE MEDIA CORPORATION LTD,         8.22,         8.11,1.36
G,CONFIDENCE FUTURIST ENE L,        32.48,        32.05,1.34
G,AMARJOTHI SPINNING MILL L,       160.94,       158.81,1.34
G,VIRTUOSO OPTOELECTRONIC L,       553.20,       545.90,1.34
G,ZERODHAAMC - SILVERCASE,        23.61,        23.30,1.33
G,SIMPLEX INFRASTRUCTURES L,       270.50,       266.95,1.33
G,NIKITA GRENTEC RECYCL LTD,        72.50,        71.55,1.33
G,2.50%GOLDBONDS2028SR-VIII,     15299.99,     15099.90,1.33
G,PERMANENT MAGNETS LTD.,       888.20,       876.60,1.32
G,TECHERA ENGINEER (IND) L,       160.90,       158.80,1.32
G,HAWKINS COOKERS LTD,      8406.50,      8297.00,1.32
G,JAYESH LOGISTICS LIMITED,       134.40,       132.65,1.32
G,NIPPONAMC - NETFSILVER,       222.78,       219.88,1.32
G,ANJANI PORTLAND CEM LTD,       101.42,       100.10,1.32
G,SYMPHONY LIMITED,       580.35,       572.80,1.32
G,ALPEX SOLAR LIMITED,       889.30,       877.75,1.32
G,ONEMI TECHNOLOGY SOL LTD,       309.30,       305.30,1.31
G,BIRLASLAMC - SILVER,       232.64,       229.64,1.31
G,ESSAR SHIPPING LTD,        17.09,        16.87,1.30
G,FILATEX INDIA LTD,        77.72,        76.72,1.30
G,WAAREE RENEWABLE TECH LTD,       858.95,       847.90,1.30
G,ALMONDZ GLOBAL SEC LTD,        17.89,        17.66,1.30
G,MOTILALAMC - MOCAPITAL,        54.50,        53.80,1.30
G,OMNITECH ENGINEERING LTD,       526.00,       519.25,1.30
G,PDS LIMITED,       358.50,       353.90,1.30
G,T G V SRAAC LTD.,       109.98,       108.57,1.30
G,SUMEDHA FISCAL SERVICES L,        39.01,        38.51,1.30
G,BOMBAY METRICS S C LTD,        35.15,        34.70,1.30
G,UTIAMC-SILVERBETA,       224.83,       221.96,1.29
G,JET FREIGHT LOGISTICS LTD,        21.18,        20.91,1.29
G,EDELAMC - EMETAL,        13.36,        13.19,1.29
G,RAJNANDINI METAL LIMITED,         3.15,         3.11,1.29
G,S&S POWER SWITCHGEARS LTD,       323.95,       319.85,1.28
G,GYFTR LIMITED,       182.54,       180.23,1.28
G,MIRAEAMC - METAL,        13.46,        13.29,1.28
G,EDELAMC - ESILVER,       232.78,       229.84,1.28
G,VEDANTA OIL AND GAS LTD,        38.02,        37.54,1.28
G,GTPL HATHWAY LIMITED,        58.67,        57.93,1.28
G,WAKEFIT INNOVATIONS LTD,       151.55,       149.64,1.28
G,INCREDIBLE INDUSTRIES LTD,        32.54,        32.13,1.28
G,GO FASHION INDIA LTD,       326.65,       322.55,1.27
G,SURYALAKSHMI COT MIL LTD,        60.79,        60.03,1.27
G,SEC RE NCD SR V,      1200.00,      1185.00,1.27
G,LEAD REC AND RUB PROD LTD,        88.00,        86.90,1.27
G,ICICIPRAMC - INSUREIETF,        15.23,        15.04,1.26
G,GUFIC BIOSCIENCES LTD.,       444.90,       439.35,1.26
G,MAHINDRA LOGISTIC LIMITED,       405.35,       400.30,1.26
G,TATAAML-TATSILV,        22.62,        22.34,1.25
G,MAHALAXMI FABRIC MILLS LT,        18.59,        18.36,1.25
G,HEIDELBERGCEMENT (I) LTD,       160.17,       158.19,1.25
G,QUANT_AMC - SILVER001,        23.54,        23.25,1.25
G,SBIAMC - SBISILVER,       228.31,       225.50,1.25
G,MOTILALAMC - MOSILVER,       230.02,       227.19,1.25
G,GOI TBILL 364D-25/12/26,        97.55,        96.35,1.25
G,GROWWAMC - GROWWSLVR,        22.83,        22.55,1.24
G,2.50%GOLDBONDS2030SR-II,     15470.42,     15281.42,1.24
G,KPI GREEN ENERGY LIMITED,       307.00,       303.25,1.24
G,ATAL REALTECH LIMITED,        26.22,        25.90,1.24
G,TANLA PLATFORMS LIMITED,       521.15,       514.80,1.23
G,INTELLECT DESIGN ARENA,       686.65,       678.30,1.23
G,DOLAT ALGOTECH LIMITED,        70.91,        70.05,1.23
G,MILKFOOD LTD.,        83.63,        82.62,1.22
G,CHANDAN HEALTHCARE LTD,       211.50,       208.95,1.22
G,MOTILALAMC - MOMETAL,        13.32,        13.16,1.22
G,SANGAM (INDIA) LTD,       578.80,       571.85,1.22
G,SEL MANUFACTURING CO LTD,        27.50,        27.17,1.21
G,PAGE INDUSTRIES LTD,     36300.00,     35865.00,1.21
G,DREDGING CORP OF INDIA,      1087.70,      1074.70,1.21
G,SNOWMAN LOGISTICS LTD.,        36.85,        36.41,1.21
G,360ONEAMC - SILVER360,       229.11,       226.38,1.21
G,IIFL FINANCE LIMITED,       651.15,       643.40,1.20
G,WALCHANDNAGAR INDUSTRIES,       208.61,       206.13,1.20
G,8.91% TAX FREE NCD,      1270.00,      1255.01,1.19
G,KOTHARI PETROCHEM LTD,       130.56,       129.02,1.19
G,AXISAMC-SILVERAXIS,       231.46,       228.73,1.19
G,LOKESH MACHINES LTD,       364.60,       360.30,1.19
G,VIP INDUSTRIES LTD,       314.05,       310.35,1.19
G,HDFCAMC - HDFCSILVER,       222.70,       220.08,1.19
G,ZUARI INDUSTRIES LIMITED,       276.45,       273.20,1.19
G,THE GE SHPG.LTD,      1369.70,      1353.60,1.19
G,VIGOR PLAST INDIA LIMITED,       102.50,       101.30,1.18
G,HI GREEN CARBON LIMITED,       124.00,       122.55,1.18
G,PRO FX TECH LIMITED,        77.00,        76.10,1.18
G,REFEX INDUSTRIES LIMITED,       282.55,       279.25,1.18
G,SHIVAM AUTO.LTD,        18.01,        17.80,1.18
G,WANBURY LIMITED,       246.20,       243.35,1.17
G,TBI CORN LIMITED,        73.55,        72.70,1.17
G,CITIUS TRANSNET INV TRUST,       116.37,       115.03,1.16
G,CAREER POINT EDUTECH LTD,       191.97,       189.76,1.16
G,CANARYS AUTOMATIONS LTD,        26.10,        25.80,1.16
G,MIRAEAMC - MASILVER,       227.02,       224.43,1.15
G,CASH UR DRIVE MARKETING L,       105.20,       104.00,1.15
G,MEGASTAR FOODS LIMITED,       307.60,       304.10,1.15
G,AUSOM ENTERPRISE LIMITED,       161.79,       159.95,1.15
G,2.5%GOLDBONDS2029SR-III,     15293.80,     15120.00,1.15
G,BRAND CONCEPTS LIMITED,       167.33,       165.43,1.15
G,CUPID LIMITED,       283.15,       279.95,1.14
G,AONEAMC - AONESILVER,         8.89,         8.79,1.14
G,DIGJAM LTD,        49.96,        49.40,1.13
G,DSPAMC - GSEC10ADD,        26.79,        26.49,1.13
G,DSPAMC - DSPSILVETF,        22.44,        22.19,1.13
G,TREE HOUSE EDU LTD,         6.29,         6.22,1.13
G,ASIAN STAR CO. LTD.,       585.00,       578.50,1.12
G,MANAK ALUMINIUM CO. LTD.,        38.10,        37.68,1.11
G,KIRLOSKAR FERROUS IND LTD,       459.60,       454.55,1.11
G,RACL GEARTECH LIMITED,      1576.10,      1558.80,1.11
G,CSB BANK LIMITED,       328.55,       324.95,1.11
G,HONEYWELL AUTOMATION IND,     35655.00,     35265.00,1.11
G,MUKAND LTD.,       134.44,       132.97,1.11
G,ICICIPRAMC - ICICISILVE,       232.48,       229.94,1.10
G,NIBE LIMITED,      1336.60,      1322.00,1.10
G,BCL INDUSTRIES LIMITED,        36.62,        36.22,1.10
G,SUNDRAM FASTENERS LTD,      1212.30,      1199.10,1.10
G,GPT INFRAPROJECTS LTD,       112.10,       110.88,1.10
G,EMPOWER INDIA LTD.,         1.84,         1.82,1.10
G,UNILEX COLOURS AND CHEM L,        27.75,        27.45,1.09
G,HLV LIMITED,         6.48,         6.41,1.09
G,NAGA DHUNSERI GROUP LTD,      2787.70,      2757.60,1.09
G,SG MART LIMITED,       824.75,       815.85,1.09
G,INVENTURE GRO & SEC LTD,         0.93,         0.92,1.09
G,INDOSTAR CAPITAL FIN LTD,       258.66,       255.88,1.09
G,KRITI INDUSTRIES IND LTD,        61.60,        60.94,1.08
G,VISHAL FABRICS LTD.,        18.67,        18.47,1.08
G,CELLECOR GADGETS LIMITED,        32.85,        32.50,1.08
G,ZF COM VE CTR SYS IND LTD,      2551.90,      2524.80,1.07
G,SUN TV NETWORK LIMITED,       470.90,       465.90,1.07
G,BANCO PRODUCTS (I) LTD,       623.50,       616.90,1.07
G,GOCL CORPORATION LIMITED,       427.45,       422.95,1.06
G,DYNAMATIC TECHNOLOGIES,     11654.00,     11532.00,1.06
G,2.50%GOLDBONDS2030SR-I,     15449.00,     15287.44,1.06
G,HARIOM PIPE INDUSTRIES L,       359.20,       355.45,1.06
G,VASWANI IND LTD,        47.01,        46.52,1.05
G,2.5%GOLDBONDS2029SR-I,     15295.42,     15136.47,1.05
G,ALPINE TEXWORLD LIMITED,        57.76,        57.17,1.03
G,THE INDIA CEMENTS LIMITED,       362.50,       358.80,1.03
G,MOTILALAMC - MODEFENCE,       107.14,       106.05,1.03
G,AADHAR HOUSING FINANCE L,       483.55,       478.65,1.02
G,ELCID INVESTMENTS LTD.,    107590.00,    106500.00,1.02
G,UPDATER SERVICES LIMITED,       239.03,       236.61,1.02
G,G M BREWERIES LTD,       919.85,       910.55,1.02
G,ENDURANCE TECHNO. LTD.,      2782.80,      2754.70,1.02
G,SURYALATA SPINNING MILL L,       411.85,       407.70,1.02
G,BRAHMAPUTRA INFRA L,       163.82,       162.17,1.02
G,BFAM - BANK10BETF,        20.90,        20.69,1.01
G,SUNDARAM CLAYTON LIMITED,      1304.40,      1291.30,1.01
G,A B M KNOWLEDGEWARE LTD.,       189.90,       188.00,1.01
G,COMPUCOM SOFTWARE LTD,        13.02,        12.89,1.01
G,MOLD-TEK PACKAGING LTD,       706.65,       699.60,1.01
G,CENTRAL BANK OF INDIA,        31.08,        30.77,1.01
G,CHOICEAMC - CHOICEGOLD,       152.65,       151.13,1.01
G,BCPL RAILWAY INFRA LTD,        68.45,        67.77,1.00
G,BHANDARI HOSIERY EXP LTD,         3.03,         3.00,1.00
G,SEC RE NCD 10.15% SR VII,      1105.38,      1094.55,0.99
G,AEL 8.62% 2031 SR VI,      1025.00,      1015.00,0.99
G,FRACTAL ANALYTICS LIMITED,       825.45,       817.40,0.98
G,SHREE OSFM E-MOBILITY LTD,        56.50,        55.95,0.98
G,2.50%GOLDBONDS2029SR-XI,     15241.55,     15093.50,0.98
G,RASHI PERIPHERALS LIMITED,       823.65,       815.65,0.98
G,SEC RED NCD 8.75% SR.III,      1010.00,      1000.20,0.98
G,TRIVENI TURBINE LIMITED,       577.30,       571.70,0.98
G,EDELWEISS FIN SERV LTD,       136.08,       134.76,0.98
G,ORIENT GREEN POWER CO LTD,         9.28,         9.19,0.98
G,CREATIVE EYE LIMITED,         6.19,         6.13,0.98
G,SEC RE NCD 10.25% SR II,       999.70,       990.01,0.98
G,SULA VINEYARDS LIMITED,       149.00,       147.56,0.98
G,GLOSTER LIMITED,       596.50,       590.75,0.97
G,GROWWAMC - GROWWCAPM,        11.44,        11.33,0.97
G,KIRLOSKAR ELECTRIC CO LTD,       126.41,       125.20,0.97
G,RANE HOLDINGS LIMITED,      1651.10,      1635.30,0.97
G,HSBCAMC - HSBCGOLD,       133.81,       132.53,0.97
G,D.B.CORP LTD,       195.65,       193.78,0.97
G,AUROBINDO PHARMA LTD,      1653.10,      1637.30,0.97
G,INDIAN OVERSEAS BANK,        33.55,        33.23,0.96
G,ORKLA INDIA LIMITED,       594.15,       588.50,0.96
G,YOGI LTD.,       163.45,       161.90,0.96
G,VEEDOL CORPORATION LTD,      1476.80,      1462.80,0.96
G,MAN COAT METAL & IND LTD,       121.80,       120.65,0.95
G,EMUDHRA LIMITED,       524.80,       519.85,0.95
G,GOI TBILL 364D-13/05/27,        95.93,        95.03,0.95
G,RITES LIMITED,       215.80,       213.78,0.94
G,2.50%GOLDBONDS2028SR-I,     15323.99,     15180.84,0.94
G,2.5%GOLDBONDS2029SR-VII,     15300.00,     15158.00,0.94
G,MEDICO REMEDIES LIMITED,        39.87,        39.50,0.94
G,LIKHITHA INFRASTRUC LTD,       204.80,       202.90,0.94
G,ORIENT CEMENT LTD.,       129.68,       128.48,0.93
G,GARDEN REACH SHIP&ENG LTD,      2533.20,      2509.80,0.93
G,XELPMOC DESIGN & TECH LTD,        80.14,        79.40,0.93
G,IIFL CAPITAL SERVICES LTD,       341.20,       338.05,0.93
G,TARA CHAND INFRA SOLN LTD,        48.78,        48.33,0.93
G,CROWN LIFTERS LIMITED,       112.84,       111.80,0.93
G,JAIPRAKASH POWER VEN. LTD,        16.29,        16.14,0.93
G,SUNDROP BRANDS LIMITED,       662.50,       656.40,0.93
G,ACC LIMITED,      1283.80,      1272.00,0.93
G,KPR MILL LTD.,      1186.30,      1175.40,0.93
G,MASTER COMPONENTS LIMITED,       429.95,       426.00,0.93
G,EDELAMC - ECAPINSURE,        23.99,        23.77,0.93
G,ICICIPRAMC - ICICICOMMO,       100.33,        99.41,0.93
G,2.50%GOLDBONDS2028SR-VI,     15300.00,     15159.80,0.92
G,ICICIPRAMC-ICICIFIN,        32.95,        32.65,0.92
G,SAMHI HOTELS LIMITED,       153.99,       152.59,0.92
G,SIMCA ADVERTISING LIMITED,       260.00,       257.65,0.91
G,GOI LOAN  5.91% 2028,       100.69,        99.78,0.91
G,LIC MF - LIC GOLD ETF,       138.75,       137.50,0.91
G,2.50%GOLDBONDS2029SR-X,     15245.00,     15108.22,0.91
G,DREAMFOLKS SERVICES LTD,        66.93,        66.33,0.90
G,2.50%GOLDBONDS2028SR-II,     15260.00,     15123.33,0.90
G,MOKSH ORNAMENTS LIMITED,        10.07,         9.98,0.90
G,2.50%GOLDBONDS2029SR-IV,     15264.25,     15127.94,0.90
G,2.50%GOLDBONDS2027SR-III,     15241.31,     15105.26,0.90
G,TAMILNADU NEWSPRT & PAPER,       155.75,       154.36,0.90
G,GOI LOAN 8.97% 2030,       112.50,       111.50,0.90
G,SIDDHIKA COATINGS LIMITED,       225.00,       223.00,0.90
G,JUPITER WAGONS LIMITED,       243.24,       241.09,0.89
G,DEVYANI INTERNATIONAL LTD,       139.28,       138.05,0.89
G,GOI LOAN  5.74% 2026,       101.95,       101.05,0.89
G,2.50%GOLDBONDS2028SR-VII,     15320.20,     15185.00,0.89
G,CELEBRITY FASHIONS LTD,         6.80,         6.74,0.89
G,CRISIL LTD,      4802.00,      4759.70,0.89
G,2.50%GOLDBONDS2028SR-IV,     15249.78,     15116.01,0.88
G,INFOLLION RESEARCH SER L,       159.80,       158.40,0.88
G,ALKYL AMINES CHEM. LTD,      2020.90,      2003.20,0.88
G,MOTILALAMC - MOSERVICE,        30.91,        30.64,0.88
G,PIL ITALICA LIFESTYLE LTD,         8.02,         7.95,0.88
G,INDIAN WOOD PRODUCTS CO L,        34.38,        34.08,0.88
G,ADITYBIRLA SL GOLD ETF-GR,       135.36,       134.18,0.88
G,ANONDITA MEDICARE LIMITED,      1109.55,      1099.90,0.88
G,PCBL CHEMICAL LIMITED,       317.00,       314.25,0.88
G,GOI TBILL 364D-10/06/27,        95.73,        94.90,0.87
G,JK CEMENT LIMITED,      5083.50,      5039.50,0.87
G,LLOYDS LUXURIES LIMITED,        58.00,        57.50,0.87
G,AMBA AUTO SALES AND SER L,       110.50,       109.55,0.87
G,ELANTAS BECK INDIA LTD.,     12219.00,     12114.00,0.87
G,SCL 9.95% 2035 SR XII,      1008.64,      1000.00,0.86
G,AMBER ENTERPRISES (I) LTD,      7474.00,      7410.00,0.86
G,EAST WEST FREIGHT CARRI L,         2.36,         2.34,0.85
G,GOA CARBON LIMITED,       378.45,       375.25,0.85
G,GAYATRI RUBB AND CHEM LTD,       575.00,       570.15,0.85
G,BASF INDIA LTD,      3864.90,      3832.40,0.85
G,CHENNAI PETROLEUM CORP LT,      1452.20,      1440.00,0.85
G,ARKADE DEVELOPERS LIMITED,       125.22,       124.17,0.85
G,NAKODA GROUP OF IND. LTD,        40.58,        40.24,0.84
G,ONIDA ELECTRONICS LIMITED,        34.64,        34.35,0.84
G,REPCO HOME FINANCE LTD,       358.75,       355.75,0.84
G,GLAND PHARMA LIMITED,      2932.40,      2907.90,0.84
G,CRAVATEX LTD.,       329.50,       326.75,0.84
G,MOTILALAMC - MOIPO,        49.15,        48.74,0.84
G,GLOBESECURE TECHNO LTD,        12.00,        11.90,0.84
G,DHARIWALCORP LIMITED,        24.00,        23.80,0.84
G,GROWWAMC - GROWWDEFNC,        97.42,        96.61,0.84
G,INDEF MANUFACTURING LTD,       222.69,       220.84,0.84
G,SGL RESOURCES LIMITED,         2.41,         2.39,0.84
G,ATUL AUTO LIMITED,       465.15,       461.30,0.83
G,COCHIN SHIPYARD LIMITED,      1499.10,      1486.70,0.83
G,BRAINBEES SOLUTIONS LTD,       180.16,       178.67,0.83
G,CAMLIN FINE SCIENCES LTD,       103.13,       102.28,0.83
G,MAYUR UNIQUOTERS LTD,       734.85,       728.80,0.83
G,MIRAEAMC - MAGOLDETF,       149.46,       148.23,0.83
G,HDFC GOLD ETF,       131.45,       130.37,0.83
G,QUEST LABORATORIES LTD,        85.50,        84.80,0.83
G,HI-TECH PIPES LIMITED,        75.77,        75.15,0.83
G,2.50%GOLDBONDS2031SR-I,     15505.82,     15379.14,0.82
G,BHARAT PARENTERALS LTD.,      1533.30,      1520.80,0.82
G,PACE DIGITEK LIMITED,       167.59,       166.23,0.82
G,SKF INDIA LTD,      1553.20,      1540.60,0.82
G,ASHOKA METCAST LIMITED,        13.58,        13.47,0.82
G,DECCAN CEMENTS LIMITED,       569.75,       565.15,0.81
G,BARODABNP - BBNPPGOLD,       148.70,       147.50,0.81
G,TOTAL TRANSPORT SYS LTD,        70.88,        70.31,0.81
G,TATAAML-TATAGOLD,        14.94,        14.82,0.81
G,IREDA 8.55NCDTR I SR II A,      1110.10,      1101.20,0.81
G,VISHNU PRAKASH R PUNGLI L,        36.28,        35.99,0.81
G,GROWWAMC - GROWWGOLD,        15.03,        14.91,0.80
G,ICICI PRUDENTIAL GOLD ETF,       131.80,       130.75,0.80
G,GODREJ INDUSTRIES LTD,      1163.50,      1154.30,0.80
G,HARRISON MALAYALAM LTD,       192.72,       191.20,0.79
G,ONE MOBIKWIK SYSTEMS LTD,       192.12,       190.61,0.79
G,BARAK VALLEY CEM. LTD.,        43.48,        43.14,0.79
G,OPTIEMUS INFRACOM LTD,       569.30,       564.85,0.79
G,EDELAMC - EGOLD,       153.80,       152.60,0.79
G,MAS FINANCIAL SERV LTD,       295.00,       292.70,0.79
G,PUNJAB & SIND BANK,        23.23,        23.05,0.78
G,NAZARA TECHNOLOGIES LTD,       368.65,       365.80,0.78
G,UTIAMC-UTIGOLDBETA,       129.50,       128.50,0.78
G,SAVY INFRA AND LOGI LTD,       136.15,       135.10,0.78
G,KOTAK GOLD ETF,       128.47,       127.48,0.78
G,ATLAS CYCLE (HARYANA) LTD,        96.18,        95.44,0.78
G,PRECISION METALIKS LTD,         6.50,         6.45,0.78
G,SEC RE NCD 7.97% SR.VI,      1017.80,      1010.00,0.77
G,ZEAL GLOBAL SERVICES LTD,        65.50,        65.00,0.77
G,2.50%GOLDBONDS2028SR-V,     15228.56,     15112.39,0.77
G,SBI-ETF GOLD,       131.22,       130.22,0.77
G,2.50%GOLDBONDS2029SR-IX,     15227.50,     15111.99,0.76
G,VIDYA WIRES LIMITED,        90.13,        89.45,0.76
G,TORRENT POWER LTD,      1299.10,      1289.30,0.76
G,GUJARAT KIDNEY N SUP SP L,       172.81,       171.51,0.76
G,MADHAV INFRA PROJECTS L,         7.98,         7.92,0.76
G,MIRAEAMC - MASPTOP50,        79.86,        79.26,0.76
G,KINGFA SCI & TEC IND LTD.,      5932.50,      5888.00,0.76
G,HB STOCKHOLDINGS LIMITED,        54.91,        54.50,0.75
G,INDIQUBE SPACES LIMITED,       194.54,       193.09,0.75
G,ZERODHAAMC - GOLDCASE,        24.21,        24.03,0.75
G,GEEKAY WIRES LIMITED,        29.61,        29.39,0.75
G,TERA SOFTWARE LIMITED,       283.40,       281.30,0.75
G,GOODLUCK INDIA LIMITED,       472.90,       469.40,0.75
G,GOI LOAN  6.95% 2061,        94.70,        94.00,0.74
G,NIP IND ETF GOLD BEES,       127.17,       126.23,0.74
G,MAX FINANCIAL SERV LTD,      1548.40,      1537.00,0.74
G,DSPAMC - DSPGOLD,        14.95,        14.84,0.74
G,SHANKARA BLDG PRODUCT LTD,       148.18,       147.09,0.74
G,REVATHI EQUIPMENT INDIA L,       734.45,       729.05,0.74
G,MIDWEST LIMITED,      1062.10,      1054.30,0.74
G,BAYER CROPSCIENCE LTD,      3989.90,      3960.80,0.73
G,BIRLA CORPORATION LTD,       887.35,       880.90,0.73
G,HARSHA ENGINEERS INT LTD,       454.35,       451.05,0.73
G,MOTILALAMC - MOGOLD,       151.75,       150.65,0.73
G,SHANKARA BUILDPRO LIMITED,      1298.20,      1288.80,0.73
G,BANDHANAMC - GOLDBND,       153.82,       152.71,0.73
G,SHARE IND. SECURITIES LTD,       170.50,       169.27,0.73
G,GOI TBILL 364D-03/12/26,        98.71,        98.00,0.72
G,HOME FIRST FIN CO IND LTD,      1210.10,      1201.40,0.72
G,SAI SILKS (KALAMANDIR) L,        86.49,        85.87,0.72
G,BIMETAL BEARINGS LTD.,       635.00,       630.45,0.72
G,ADITYA BIRLA CAPITAL LTD.,       404.90,       402.00,0.72
G,POONAWALLA FINCORP LTD,       468.45,       465.10,0.72
G,PROPSHOP EVENTS AND EXH L,        70.10,        69.60,0.72
G,2.50%GOLDBONDS2031SR-II,     15620.76,     15509.43,0.72
G,AXISAMC-GOLDAXIS,       128.11,       127.20,0.72
G,SRI HAVISHA HOSP & INFR L,         1.41,         1.40,0.71
G,MOTILALAMC - MOOILGAS,        11.29,        11.21,0.71
G,ECO RECYCLING LTD.,       459.35,       456.10,0.71
G,ROSSARI BIOTECH LIMITED,       460.25,       457.00,0.71
G,NTPC GREEN ENERGY LIMITED,        89.36,        88.73,0.71
G,TRIDENT LIMITED,        24.16,        23.99,0.71
G,JENBURKT PHARMACEUTICAL L,      1038.80,      1031.50,0.71
G,ARIES AGRO LTD.,       500.10,       496.60,0.70
G,CITY UNION BANK LTD,       236.01,       234.36,0.70
G,GLAXOSMITHKLINE PHARMA LT,      2958.10,      2937.50,0.70
G,INSECTICIDES (I) LTD,       618.45,       614.15,0.70
G,SHRI JAGDAMBA POLYMERS L,       625.65,       621.30,0.70
G,THANGAMAYIL JEWELLERY LTD,      5332.00,      5295.00,0.70
G,ADDICTIVE LEARNING TECH L,        43.30,        43.00,0.70
G,2.50%GOLDBONDS2031SR-IV,     15520.32,     15413.07,0.70
G,2.50%GOLDBONDS2030SR-X,     15425.00,     15318.46,0.70
G,FCS SOFTWARE SOLN. LTD.,         1.45,         1.44,0.69
G,BIRLASLAMC-ABSLPSE,        10.18,        10.11,0.69
G,IIFL 9.00% TR I SR VI,      1021.00,      1014.00,0.69
G,SAKAR HEALTHCARE LIMITED,      1013.90,      1006.95,0.69
G,THOMAS SCOTT (INDIA) LTD,       262.75,       260.95,0.69
G,2.50%GOLDBONDS2029SR-VIII,     15345.00,     15239.92,0.69
G,HATSUN AGRO PRODUCT LTD.,      1168.80,      1160.80,0.69
G,GOI LOAN  7.26% 2033,       103.25,       102.55,0.68
G,SBIAMC - SBIVALETF,        14.75,        14.65,0.68
G,GKW LIMITED,      1610.90,      1600.00,0.68
G,TVS SUPPLY CHAIN SOL L,       130.41,       129.53,0.68
G,MARATHON NXTGEN REALT LTD,       437.90,       434.95,0.68
G,TRF LIMITED,       231.59,       230.03,0.68
G,NALWA SONS INVESTMENT LTD,      5721.50,      5683.00,0.68
G,KRISHIVAL FOODS LIMITED,       416.30,       413.50,0.68
G,UTIAMC-GILT5BETA,        66.94,        66.49,0.68
G,2.5%GOLDBONDS2028SR-III,     15233.75,     15131.45,0.68
G,AONEAMC - AONETOTAL,        11.93,        11.85,0.68
G,2.50%GOLDBONDS2029SR-XII,     15244.60,     15142.50,0.67
G,CHALET HOTELS LIMITED,       896.75,       890.75,0.67
G,XCHANGING SOLUTIONS LTD,        61.40,        60.99,0.67
G,PTC INDIA LIMITED,       156.29,       155.25,0.67
G,POWERGRID INFRA. INVITS,       101.17,       100.50,0.67
G,MIRAEAMC - DEFENCE,        81.99,        81.45,0.66
G,LICNAMC - LICNMID100,        63.84,        63.42,0.66
G,KANANI INDUSTRIES LTD,         1.52,         1.51,0.66
G,IND TERRAIN FASHIONS LTD,        30.42,        30.22,0.66
G,ASPINWALL & CO LTD,       259.25,       257.55,0.66
G,GOI LOAN  7.50% 2056,       102.24,       101.57,0.66
G,BALU FORGE INDUSTRIES LTD,       574.10,       570.35,0.66
G,RAJRATAN GLOBAL WIRE LTD,       498.35,       495.10,0.66
G,SURANA SOLAR LIMITED,        26.11,        25.94,0.66
G,SAATVIK GREEN ENERGY LTD,       424.40,       421.65,0.65
G,GOODYEAR INDIA LIMITED,       741.50,       736.70,0.65
G,WORTH PERIPHERALS LIMITED,       154.99,       153.99,0.65
G,2.50%GOLDBONDS2027SR-IV,     15350.01,     15251.00,0.65
G,GROWWAMC - PVTBKGROWW,        27.92,        27.74,0.65
G,GROWWAMC - GROWWNET,        10.86,        10.79,0.65
G,MOIL LIMITED,       252.30,       250.68,0.65
G,APSBC 9.15% 2035 STRPP J,    105125.00,    104450.02,0.65
G,SUNREST LIFESCIENCE LTD,        39.00,        38.75,0.65
G,GROWWAMC - GROWWPSUBK,        85.88,        85.33,0.64
G,MUSIC BROADCAST LIMITED,         6.28,         6.24,0.64
G,2.50%GOLDBONDS2028SR-X,     15257.00,     15160.00,0.64
G,BLACKBUCK LIMITED,       586.10,       582.40,0.64
G,2.5%GOLDBONDS2029SR-II,     15231.01,     15135.00,0.63
G,AONEAMC - AONEGOLD,        14.37,        14.28,0.63
G,GUJ STATE FERT & CHEM LTD,       162.88,       161.86,0.63
G,SATIN CREDIT NET LTD,       220.75,       219.37,0.63
G,PATEL ENGINEERING LTD.,        27.28,        27.11,0.63
G,7.64% TAX FREETRI SR2B,      1125.00,      1118.00,0.63
G,MIRAEAMC - INTERNET,        14.61,        14.52,0.62
G,DILIP BUILDCON LIMITED,       401.00,       398.55,0.61
G,ITC HOTELS LIMITED,       161.23,       160.25,0.61
G,INDIA PESTICIDES LIMITED,       138.34,       137.50,0.61
G,THE RAMCO CEMENTS LIMITED,       884.50,       879.15,0.61
G,HINDUSTAN COPPER LTD,       521.65,       518.50,0.61
G,NMDC LTD.,        84.70,        84.19,0.61
G,MUNISH FORGE LIMITED,        83.05,        82.55,0.61
G,HARIYANA SHIP BREAKERS L,       101.36,       100.75,0.61
G,DSPAMC - MIDCAPADD,        23.28,        23.14,0.61
G,AHLUWALIA CONT IND LTD,       599.05,       595.45,0.60
G,SUNSHINE PICTURES LIMITED,       441.45,       438.80,0.60
G,SAI LIFE SCIENCES LIMITED,      1584.30,      1574.80,0.60
G,PRITISH NANDY COMMUNICATI,        16.72,        16.62,0.60
G,TECHNO ELEC & ENG CO. LTD,       979.50,       973.65,0.60
G,ASIAN GRANITO IND. LTD.,        50.26,        49.96,0.60
G,GMR AIRPORTS LIMITED,        97.45,        96.87,0.60
G,APTUS VALUE HSG FIN I LTD,       258.85,       257.31,0.60
G,LANDMARK PR.DEV.CO.LTD,         6.73,         6.69,0.60
G,MOTILALAMC - MONIFTY100,        25.32,        25.17,0.60
G,INDIA SHELTER FIN CORP L,       677.10,       673.10,0.59
G,BALMER LAWRIE & CO LTD,       177.98,       176.93,0.59
G,ITL INDUSTRIES LTD.,       364.55,       362.40,0.59
G,APSBC 9.15% 2028 STRPP C,    101599.00,    101000.01,0.59
G,KEC INTL. LIMITED,       408.55,       406.15,0.59
G,CAPITAL INFRA TRUST,        76.64,        76.19,0.59
G,SUNTECK REALTY LIMITED,       299.50,       297.75,0.59
G,PODDAR PIGMENTS LIMITED,       257.10,       255.60,0.59
G,CHEMFAB ALKALIS LIMITED,       360.10,       358.00,0.59
G,SHILCHAR TECHNOLOGIES LTD,      4065.30,      4041.60,0.59
G,GOI LOAN 7.19% 2060,        99.60,        99.02,0.59
G,ORIENT ELECTRIC LIMITED,       179.19,       178.15,0.58
G,SEC RED NCD 9.03% SR. II,      1036.00,      1030.00,0.58
G,SAKSOFT LIMITED,       154.58,       153.69,0.58
G,BAWEJA STUDIOS LIMITED,        26.10,        25.95,0.58
G,NEPTUNE PETROCHEMICALS L,       175.00,       174.00,0.57
G,PRUDENT CORP ADV SER LTD,      3347.60,      3328.50,0.57
G,SHAH METACORP LIMITED,         3.51,         3.49,0.57
G,STRIDES PHARMA SCI LTD,      1059.60,      1053.60,0.57
G,UCO BANK,        24.78,        24.64,0.57
G,JSW CEMENT LIMITED,       124.07,       123.37,0.57
G,INDIAN RENEWABLE ENERGY,       113.64,       113.00,0.57
G,ALEMBIC PHARMA LTD,       808.20,       803.65,0.57
G,CONS. CONST. CONSORT LTD,        14.27,        14.19,0.56
G,UNIHEALTH HOSPITALS LTD,       724.00,       719.95,0.56
G,SERENCD 8.98% SR.VI OP2,      1072.00,      1066.01,0.56
G,NIP IND ETF HANGSENG BEES,       471.09,       468.46,0.56
G,2.5%GOLDBONDS2028SR-VIII,     15261.04,     15176.00,0.56
G,ASHAPURA MINECHEM LTD,       551.00,       547.95,0.56
G,MIRAEAMC - MAFSETF,        27.17,        27.02,0.56
G,SAHAJ SOLAR LIMITED,        99.95,        99.40,0.55
G,EDELAMC - EMULTIMQ,        42.00,        41.77,0.55
G,GABRIEL INDIA LTD,      1353.20,      1345.80,0.55
G,THE STATE TRADING CORPN,       115.28,       114.65,0.55
G,ADVANI HOT.& RES.(I) LTD,        49.45,        49.18,0.55
G,ARVIND SMARTSPACES LTD,       642.50,       639.00,0.55
G,DSPAMC - MSCIADD,        29.53,        29.37,0.54
G,2.50%GOLDBONDS2031SR-III,     15626.86,     15542.74,0.54
G,INOX WIND LIMITED,        74.40,        74.00,0.54
G,GOI LOAN  6.67% 2050,        93.00,        92.50,0.54
G,CEAT LIMITED,      3333.20,      3315.30,0.54
G,KOTAKMAMC - PVTBANK,        28.00,        27.85,0.54
G,NAVA LIMITED,       560.20,       557.20,0.54
G,LAGNAM SPINTEX LIMITED,        74.80,        74.40,0.54
G,2.50%GOLDBONDS2030SR-IX,     15242.20,     15160.71,0.54
G,VARDHMAN HOLDINGS LIMITED,      3626.40,      3607.10,0.54
G,VIVO BIO TECH LTD.,        18.80,        18.70,0.53
G,SUBROS LIMITED,       709.60,       705.85,0.53
G,SPEB ADHESIVES LIMITED,        95.00,        94.50,0.53
G,VADILAL INDUSTRIES LTD,      7655.00,      7615.00,0.53
G,SUMEET IND LIMITED,        11.50,        11.44,0.52
G,ALLDIGI TECH LIMITED,       805.85,       801.65,0.52
G,INDIAN METALS & FERRO,      1288.40,      1281.70,0.52
G,SAHASRA ELECTRONIC SOLU L,       307.85,       306.25,0.52
G,KOTAKMAMC - MOMENTUM30,        30.81,        30.65,0.52
G,ZERODHAAMC - NIFTYCASE,         9.64,         9.59,0.52
G,AXISAMC-VALUEAXIS,        32.88,        32.71,0.52
G,JYOTHY LABS LIMITED,       201.54,       200.50,0.52
G,DR AGARWALS HEALTH CARE L,       514.10,       511.45,0.52
G,SPEL SEMICONDUCTOR LTD,       149.38,       148.61,0.52
G,ICICI PRUDENTIAL NV20 ETF,        13.62,        13.55,0.52
G,ANLON HEALTHCARE LIMITED,        15.68,        15.60,0.51
G,SEC RE NCD 8.90% SR VI,       980.00,       975.00,0.51
G,CUBEX TUBINGS LTD,        76.80,        76.41,0.51
G,JFL LIFE SCIENCES LIMITED,         9.85,         9.80,0.51
G,HP ADHESIVES LIMITED,        35.58,        35.40,0.51
G,LT FOODS LIMITED,       444.80,       442.55,0.51
G,QUANTUM GOLD ETF,       127.62,       126.98,0.50
G,2.50%GOLDBONDS2029SR-V,     15313.80,     15237.20,0.50
G,EASY TRIP PLANNERS LTD,         6.00,         5.97,0.50
G,BHARAT WIRE ROPES LTD.,       181.32,       180.42,0.50
G,ORISSA MIN DEV CO LTD,      4311.70,      4290.30,0.50
G,VIBRANT GLOBAL CAPITAL L,        52.62,        52.36,0.50
G,2.50%GOLDBONDS2027SR-VII,     15225.00,     15150.00,0.50
G,ART NIRMAN LIMITED,        40.63,        40.43,0.49
G,NINTEC SYSTEMS LIMITED,       712.75,       709.25,0.49
G,INDUS TOWERS LIMITED,       376.80,       374.95,0.49
G,AAVAS FINANCIERS LIMITED,      1304.20,      1297.80,0.49
G,HEMISPHERE PROP IND LTD,       126.55,       125.93,0.49
G,MAHANAGAR TELEPHONE NIGAM,        26.55,        26.42,0.49
G,UCL 10.50% SR V,      1015.00,      1010.05,0.49
G,NFP SAMPOORNA FOODS LTD,        20.60,        20.50,0.49
G,INVESCO INDIA GOLD ETF,       133.95,       133.30,0.49
G,WEALTH - TWCGOLDETF,       152.93,       152.19,0.49
G,S H KELKAR AND CO. LTD.,       150.87,       150.14,0.49
G,GOI LOAN  6.90% 2065,        93.74,        93.29,0.48
G,VIJAY SOLVEX LTD.,       687.70,       684.40,0.48
G,AEL 9.3% 2030 SR VII,      1045.00,      1040.00,0.48
G,ANAND RATHI WEALTH LTD,      2215.90,      2205.30,0.48
G,TECHD CYBERSECURITY LTD,       533.55,       531.00,0.48
G,BIRLASLAMC - BSLSENETFG,        77.52,        77.15,0.48
G,ASIAN HOTELS (EAST) LTD,       136.51,       135.86,0.48
G,RISHABH INSTRUMENTS LTD,       738.45,       734.95,0.48
G,MANGAL ELECTRICAL IND L,       285.10,       283.75,0.48
G,AURIONPRO SOLN LTD,       689.70,       686.45,0.47
G,GANESH GREEN BHARAT LTD,       222.90,       221.85,0.47
G,IRCON INTERNATIONAL LTD,       119.25,       118.69,0.47
G,SERENCD 8.65% SR.VI OP12,      1065.00,      1060.00,0.47
G,IPCA LABORATORIES LTD,      1965.30,      1956.10,0.47
G,LATENT VIEW ANALYTICS LTD,       267.25,       266.00,0.47
G,PARAS PETROFILS LTD.,         2.14,         2.13,0.47
G,MUFIN GREEN FINANCE LTD,       137.56,       136.92,0.47
G,AJAX ENGINEERING LIMITED,       582.45,       579.75,0.47
G,KAPSTON SERVICES LIMITED,       584.05,       581.35,0.46
G,ABBOTT INDIA LIMITED,     26065.00,     25945.00,0.46
G,MOTILALAMC - MONIFTY500,        23.91,        23.80,0.46
G,MODIS NAVNIRMAN LTD,       380.85,       379.10,0.46
G,SHARDA MOTOR INDS LTD,       881.95,       877.90,0.46
G,SAVITA OIL TECHNOLO. LTD,       740.75,       737.35,0.46
G,HDFCAMC - HDFCSENSEX,        87.15,        86.75,0.46
G,ULTRAMARINE & PIGMENTS L,       437.15,       435.15,0.46
G,DEEPAK FERTILIZERS & PETR,      1362.10,      1355.90,0.46
G,MISHRA DHATU NIGAM LTD,       418.80,       416.90,0.46
G,GOI TBILL 91D-22/10/26,        99.20,        98.75,0.46
G,ARIHANT ACADEMY LIMITED,       498.25,       496.00,0.45
G,GOI LOAN   6.20% 2029,       100.20,        99.75,0.45
G,SHALIBHADRA FINANCE LTD,        89.52,        89.12,0.45
G,KRISHNA DEF AND ALD IND L,      1013.20,      1008.70,0.45
G,SHREE AJIT PULP & PAPER L,       281.85,       280.60,0.45
G,CENTRUM CAPITAL LIMITED,        22.55,        22.45,0.45
G,HINDUSTAN COMPOSITES LTD.,       394.85,       393.10,0.45
G,LICNAMC - LICNMFET,        29.34,        29.21,0.45
G,RAINBOW CHILDRENS MED LTD,      1447.20,      1440.80,0.44
G,GREENPANEL INDUSTRIES LTD,       158.32,       157.62,0.44
G,MOTILALAMC - G5,        65.69,        65.40,0.44
G,AMARA RAJA ENERGY MOB LTD,       864.20,       860.40,0.44
G,DHANLAXMI BANK LIMITED,        31.86,        31.72,0.44
G,SONATA SOFTWARE LTD,       285.25,       284.00,0.44
G,MEDISTEP HEALTHCARE LTD,        22.90,        22.80,0.44
G,BANDHAN BANK LIMITED,       164.95,       164.23,0.44
G,H.G.INFRA ENGINEERING LTD,       482.00,       479.90,0.44
G,VEDANTA ALUMINIUM METAL L,       437.75,       435.85,0.44
G,SEC RED NCD 8.10% SR.IV,      1014.40,      1010.00,0.44
G,UNSE RE NCD 10% SR.I,      1046.98,      1042.46,0.43
G,SBIAMC - SBISMLETF,        18.55,        18.47,0.43
G,TRANSRAIL LIGHTING LTD,       429.30,       427.45,0.43
G,RHI MAGNESITA INDIA LTD,       371.35,       369.75,0.43
G,GOI LOAN  6.76% 2061,        90.65,        90.26,0.43
G,RAPID FLEET MGT SERVICE L,       233.00,       232.00,0.43
G,ICICI PRUD NIFTY 100 ETF,        28.05,        27.93,0.43
G,VENTIVE HOSPITALITY LTD,       588.20,       585.70,0.43
G,ELLENBARRIE INDUS GASES L,       331.85,       330.45,0.42
G,MOTILAL OSWAL M50 ETF,       251.47,       250.41,0.42
G,GROWWAMC - GROWWPSE,        98.30,        97.89,0.42
G,BMW VENTURES LIMITED,        55.36,        55.13,0.42
G,GOI TBILL 364D-11/03/27,        96.50,        96.10,0.42
G,RKEC PROJECTS LIMITED,        21.73,        21.64,0.42
G,EDELAMC - ENEXT50,        73.10,        72.80,0.41
G,UNICHEM LABORATORIES LTD,       550.20,       547.95,0.41
G,INDO BORAX & CHEMICAL LTD,       514.90,       512.80,0.41
G,MOTILALAMC - MOVALUE,       113.26,       112.80,0.41
G,KIOCL LIMITED,       382.10,       380.55,0.41
G,BRIGADE HOTEL VENTURE LTD,        59.19,        58.95,0.41
G,MARINE ELECTRICAL (I) LTD,       432.15,       430.40,0.41
G,AARVI ENCON LIMITED,       141.92,       141.35,0.40
G,LINC LIMITED,        95.07,        94.69,0.40
G,BAJAJ STEEL INDS. LTD.,       362.95,       361.50,0.40
G,UNIONAMC - UNIONGOLD,       150.20,       149.60,0.40
G,GREAVES COTTON LTD.,       195.56,       194.78,0.40
G,ANMOL INDIA LIMITED,        10.08,        10.04,0.40
G,EID PARRY INDIA LTD,       781.35,       778.25,0.40
G,SUNLITE RECYCLING IND LTD,       542.50,       540.35,0.40
G,KALPATARU LIMITED,       277.65,       276.55,0.40
G,SYNERGY GREEN IND. LTD,       606.20,       603.80,0.40
G,CREDITACCESS GRAMEEN LTD,      1443.10,      1437.40,0.40
G,EIH LIMITED,       291.90,       290.75,0.40
G,SARDA ENERGY & MIN LTD,       508.55,       506.55,0.39
G,JAY BHARAT MARUTI LTD,       122.29,       121.81,0.39
G,AXISAMC-NIFTYAXIS,       265.62,       264.58,0.39
G,SBIAMC - SBINEQWETF,        33.26,        33.13,0.39
G,UNSEC RED NCD 10.0% SR. V,      1024.00,      1020.00,0.39
G,SEAMEC LIMITED,      1793.60,      1786.60,0.39
G,WEIZMANN LTD,        74.50,        74.21,0.39
G,COROMANDEL INTERNTL. LTD,      1938.80,      1931.30,0.39
G,SJVN LTD,        65.23,        64.98,0.38
G,CSM TECHNOLOGIES LIMITED,        94.36,        94.00,0.38
G,RAVI KUMAR DIST. LTD.,        18.39,        18.32,0.38
G,JHS SVEND. LAB. LTD,         7.89,         7.86,0.38
G,SEC RE NCD 9.90% SR VII,      1055.00,      1051.00,0.38
G,AZAD ENGINEERING LIMITED,      2777.30,      2766.90,0.38
G,AUTOMOBILE CORPN OF GOA L,      1797.60,      1790.90,0.37
G,SOBHA LIMITED,      1263.80,      1259.10,0.37
G,JAI CORP LIMITED,        99.52,        99.15,0.37
G,MIRAEAMC - VALUE,        16.15,        16.09,0.37
G,NOCIL LIMITED,       172.44,       171.80,0.37
G,DHARMAJ CROP GUARD LTD,       270.05,       269.05,0.37
G,C.E. INFO SYSTEMS LIMITED,       972.20,       968.60,0.37
G,ONWARD TECHNOLOGIES LTD,       284.35,       283.30,0.37
G,KOTAKMAMC - MSCIINDIA,        29.82,        29.71,0.37
G,NIP IND ETF NIFTY 100,       266.58,       265.60,0.37
G,INDUSIND BANK LIMITED,      1008.50,      1004.80,0.37
G,CIE AUTOMOTIVE INDIA LTD,       385.35,       383.95,0.36
G,KSB LIMITED,       813.55,       810.60,0.36
G,OBCL LIMITED,        55.19,        54.99,0.36
G,YATRA ONLINE LIMITED,       113.49,       113.08,0.36
G,DEN NETWORKS LTD,        27.97,        27.87,0.36
G,TENNECO CLEAN AIR INDIA L,       517.55,       515.70,0.36
G,KOTAKMAMC - KTKNV20ETF,        13.99,        13.94,0.36
G,STANDARD INDUSTRIES LTD.,        19.59,        19.52,0.36
G,MAHINDRA EPC IRRIG LTD,       103.62,       103.25,0.36
G,ALGOQUANT FINTECH LIMITED,        64.50,        64.27,0.36
G,PONDY OXIDES & CHEM LTD,       477.80,       476.10,0.36
G,NIPPONAMC - SNXT30BEES,        42.58,        42.43,0.35
G,ICICIPRAMC - OILIETF,        11.37,        11.33,0.35
G,SEC RE NCD 7.90% STRPP C,       418.00,       416.53,0.35
G,CINEVISTA LIMITED,        14.24,        14.19,0.35
G,FDC LIMITED,       342.80,       341.60,0.35
G,SHIVA TEXYARN LIMITED,       182.86,       182.22,0.35
G,MINDTECK (INDIA) LIMITED,       168.81,       168.22,0.35
G,RASHTRIYA CHEMICALS & FER,       114.92,       114.52,0.35
G,GATEWAY DISTRIPARKS LTD,        54.69,        54.50,0.35
G,XTGLOBAL INFOTECH LIMITED,        31.69,        31.58,0.35
G,AVANTI FEEDS LIMITED,       798.60,       795.85,0.35
G,PARIN ENTERPRISES LIMITED,       716.30,       713.85,0.34
G,SHAILY ENG PLASTICS LTD,      3278.30,      3267.10,0.34
G,INTERARCH BLDNG SOLTN LTD,      1707.00,      1701.20,0.34
G,GOI LOAN  7.26% 2032,       103.40,       103.05,0.34
G,HINDUSTAN OIL EXPLORATION,       185.00,       184.38,0.34
G,BFAM - NIFTYBETF,       246.65,       245.83,0.33
G,A B COTSPIN INDIA LIMITED,       208.15,       207.46,0.33
G,ICICI PRUD NIFTY ETF,       271.88,       270.98,0.33
G,BOROSIL RENEWABLES LTD,       499.15,       497.50,0.33
G,ICICIPRAMC - VAL30IETF,        15.19,        15.14,0.33
G,EDELAMC - ELMDIV,        36.50,        36.38,0.33
G,CALIBER MINING AND LOG L,       503.05,       501.40,0.33
G,DCCL 12.75% 2028,      9976.14,      9943.42,0.33
G,2.50%GOLDBONDS2030SR-III,     15413.38,     15362.96,0.33
G,URJA GLOBAL LIMITED,         9.18,         9.15,0.33
G,INFLUX HEALTHTECH LIMITED,       291.35,       290.40,0.33
G,TATAAML - NETF,       261.40,       260.55,0.33
G,OSEL DEVICES LIMITED,       385.15,       383.90,0.33
G,SAI CAPITAL LTD.,       157.56,       157.05,0.32
G,COMFORT INTECH LTD.,         6.21,         6.19,0.32
G,MARKOLINES PAVEMENT TEC L,       171.89,       171.34,0.32
G,GODAWARI POW & ISP LTD,       240.67,       239.90,0.32
G,SOFTTECH ENGINEERS LTD,       423.15,       421.80,0.32
G,EXIDE INDUSTRIES LTD,       424.35,       423.00,0.32
G,CUBE HIGHWAYS TRUST,       157.50,       157.00,0.32
G,Q-LINE BIOTECH LIMITED,       639.60,       637.60,0.31
G,SYRMA SGS TECHNOLOGY LTD,      1457.30,      1452.80,0.31
G,STEEL STRIPS INFRA L,        19.55,        19.49,0.31
G,UTIAMC-NIFTYBETA,       265.73,       264.92,0.31
G,INDIAN RAIL TOUR CORP LTD,       476.05,       474.60,0.31
G,SEC RE NCD 8.43% SR.VI,       985.00,       982.00,0.31
G,CAN FIN HOMES LTD,       807.40,       804.95,0.30
G,KAMA HOLDINGS LTD.,      2348.20,      2341.10,0.30
G,PROTEAN EGOV TECHNO LTD,       496.30,       494.80,0.30
G,HDFCAMC - HDFCVALUE,       125.88,       125.50,0.30
G,PUNJAB CHEM & CROP PROT L,      1100.30,      1097.00,0.30
G,SARVESHWAR FOODS LIMITED,         3.36,         3.35,0.30
G,BIRLASLAMC - ABSL10BANK,       168.65,       168.15,0.30
G,HPL ELECTRIC & POWER LTD,       304.15,       303.25,0.30
G,SIGNATUREGLOBAL INDIA LTD,       796.55,       794.20,0.30
G,MOTILALAMC - MOBANK10,        16.95,        16.90,0.30
G,NIP IND ETF JUNIOR BEES,       791.07,       788.74,0.30
G,SHEELA FOAM LIMITED,       646.80,       644.90,0.29
G,VST TILLERS TRACTORS LTD,      4187.60,      4175.30,0.29
G,GODFREY PHILLIPS INDIA LT,      2051.00,      2045.00,0.29
G,GOI LOAN  7.09% 2054,        95.98,        95.70,0.29
G,BSL LTD,       123.58,       123.22,0.29
G,FUJIYAMA POWER SYSTEMS L,       429.75,       428.50,0.29
G,SBI-ETF NIFTY 50,       258.08,       257.33,0.29
G,STEEL STRIPS WHEELS LTD.,       361.85,       360.80,0.29
G,8.75% TAX FREE TR I S IIB,      1118.24,      1115.00,0.29
G,SUPERHOUSE LIMITED,       169.23,       168.74,0.29
G,LUX INDUSTRIES LIMITED,      1175.10,      1171.70,0.29
G,SHRINGAR HOU OF MANGALS L,       217.91,       217.28,0.29
G,2.50%GOLDBONDS2032SR-IV,     15787.91,     15742.54,0.29
G,ICICIPRAMC - ICICIMOM30,        31.36,        31.27,0.29
G,MOTILALAMC - MOENERGY,        38.42,        38.31,0.29
G,HDFCAMC - HDFCPVTBAN,        28.39,        28.31,0.28
G,GROWWAMC - GROWWSC250,        10.69,        10.66,0.28
G,BFAM - BANKBETF,        58.56,        58.40,0.27
G,ICICIPRAMC - BHARATIWIN,       114.34,       114.03,0.27
G,SUMIT WOODS LIMITED,        51.71,        51.57,0.27
G,SAI PARENTERALS LIMITED,       519.55,       518.15,0.27
G,AMBIKA COTTON MILL LTD.,      1639.10,      1634.70,0.27
G,NESCO LTD.,      1047.60,      1044.80,0.27
G,CARTRADE TECH LIMITED,      3000.20,      2992.20,0.27
G,RITCO LOGISTICS LIMITED,       301.80,       301.00,0.27
G,STEEL EXCHANGE INDIA LTD,        11.34,        11.31,0.27
G,GOI LOAN  7.18% 2037,       102.80,       102.53,0.26
G,ICICI PRUD SENSEX ETF,       884.24,       881.95,0.26
G,KOTAKMAMC - NEXT50ETF,        73.83,        73.64,0.26
G,NATIONAL FERT. LTD,        70.51,        70.33,0.26
G,NILKAMAL LIMITED,      2116.50,      2111.10,0.26
G,NCL INDUSTRIES LIMITED,       177.81,       177.36,0.25
G,SURAJ ESTATE DEVELOPERS L,       178.25,       177.80,0.25
G,MOHIT INDUSTRIES LTD,        23.78,        23.72,0.25
G,JK LAKSHMI CEMENT LTD,       515.70,       514.40,0.25
G,DIVINE POWER ENERGY LTD,       578.75,       577.30,0.25
G,MOTILAL OS NASDAQ100 ETF,       324.67,       323.86,0.25
G,DIGIKORE STUDIOS LIMITED,        40.10,        40.00,0.25
G,NAMAN INDUSTRE PRXIMA LTD,        40.10,        40.00,0.25
G,ADITYBIRLA SL NIF ETF-GR,        28.14,        28.07,0.25
G,BOMBAY DYEING & MFG. CO L,       113.47,       113.19,0.25
G,ICICIPRAMC - ICICINXT50,        77.25,        77.06,0.25
G,MIRAEAMC - MAN50ETF,       260.69,       260.05,0.25
G,RELIGARAMC - IVZBANKNF,        57.56,        57.42,0.24
G,PARAS DEF AND SPCE TECH L,      1414.90,      1411.50,0.24
G,UTIAMC - NIF500BETA,        37.54,        37.45,0.24
G,INDIGRID INFRASTRUCT TRST,       175.49,       175.07,0.24
G,MOTILALAMC - MOMENTUM50,        54.38,        54.25,0.24
G,EXCELLENT WIRES N PACK L,       209.50,       209.00,0.24
G,MIRAEAMC - MULTICAP,        16.79,        16.75,0.24
G,MINDSPACE BUSINESS P REIT,       501.11,       499.92,0.24
G,ICICIPRAMC - ICICIQTY30,        21.12,        21.07,0.24
G,SEC RE NCD 0% SR.VII,      1275.00,      1272.00,0.24
G,GALLANTT ISPAT LIMITED,       574.00,       572.65,0.24
G,BODHI TREE MULTIMEDIA LTD,         8.51,         8.49,0.24
G,DSPAMC - NEXT30ADD,        42.69,        42.59,0.23
G,NIP IND ETF NIFTY BEES,       273.27,       272.63,0.23
G,ASIAN HOTELS (NORTH) LTD,       384.75,       383.85,0.23
G,NACL INDUSTRIES LIMITED,       166.84,       166.45,0.23
G,RELAXO FOOT LTD.,       344.75,       343.95,0.23
G,MIRAEAMC - MAFANG,       207.56,       207.08,0.23
G,CHAMUNDA ELECTRICAL LTD,        43.35,        43.25,0.23
G,ZUARI AGRO CHEMICALS LTD,       225.56,       225.04,0.23
G,NIP IND ETF INFRA BEES,       956.45,       954.28,0.23
G,RELIANCE POWER LTD.,        22.08,        22.03,0.23
G,MIRAEAMC - ALPHAETF,        26.58,        26.52,0.23
G,TAMILNADU TELECOMMUNICATI,         8.88,         8.86,0.23
G,INDEGENE LIMITED,       601.50,       600.15,0.22
G,EPL LIMITED,       247.10,       246.55,0.22
G,HDFCAMC - HDFCQUAL,        58.65,        58.52,0.22
G,HARDWYN INDIA LIMITED,         9.13,         9.11,0.22
G,JSW DULUX LIMITED,      3174.50,      3167.60,0.22
G,DSPAMC - TOP10ADD,        87.98,        87.79,0.22
G,SHREE DIGVIJAY CEM CO LTD,        74.44,        74.28,0.22
G,AFIL 12% 2027 SR 1,     10002.20,      9980.84,0.21
G,SPIC LTD,        71.28,        71.13,0.21
G,HDFCAMC - HDFCSML250,       186.65,       186.26,0.21
G,SEC RED NCD 9.0% SR. VI,      1083.25,      1081.00,0.21
G,GROWWAMC - GROWWNIFTY,         9.68,         9.66,0.21
G,GROWWAMC - SMALLGROWW,        49.06,        48.96,0.20
G,GOI TBILL 364D-23/10/26,        98.90,        98.70,0.20
G,KSOLVES INDIA LIMITED,       272.05,       271.50,0.20
G,DSPAMC - DSPNIFTY,       252.48,       251.97,0.20
G,JYOTI RESINS & ADHESIVE L,       868.10,       866.35,0.20
G,SEC RE NCD 8.42% SR.V,       998.00,       996.00,0.20
G,360ONEAMC - GOLD360,       149.70,       149.40,0.20
G,MIRAEAMC - EQUAL50,       330.22,       329.56,0.20
G,KOTAK PSU BANK,        85.53,        85.36,0.20
G,GOI LOAN   7.09% 2074,        95.60,        95.41,0.20
G,BAID FINSERV LIMITED,        10.12,        10.10,0.20
G,MIRAEAMC - DIVIDEND,        35.62,        35.55,0.20
G,MIRAEAMC - MAESGETF,        41.15,        41.07,0.19
G,AONEAMC - AONETMMQ50,        10.30,        10.28,0.19
G,ECOLINE EXIM LIMITED,       180.35,       180.00,0.19
G,MERCURY EV-TECH LIMITED,        36.74,        36.67,0.19
G,UTIAMC-SENSEXBETA,       850.89,       849.27,0.19
G,ZERODHAAMC - TOP100CASE,        10.54,        10.52,0.19
G,QUANTUM NIFTY 50 ETF,       264.15,       263.65,0.19
G,HDFCAMC - HDFCNIFTY,       270.30,       269.79,0.19
G,KODY TECHNOLAB LIMITED,      1569.95,      1567.00,0.19
G,COMPUTER AGE MNGT SER LTD,       748.80,       747.40,0.19
G,NIP IND ETF ETF NV20,       139.39,       139.13,0.19
G,SEPC LIMITED,         5.38,         5.37,0.19
G,SBI-ETF NIFTY NEXT 50,       785.05,       783.60,0.19
G,DDEV PLASTIKS IND LTD,       273.00,       272.50,0.18
G,KIRLOSKAR INDUSTRIES LTD,      3731.50,      3724.70,0.18
G,EDELAMC - ESENSEX,        77.46,        77.32,0.18
G,SBFC FINANCE LIMITED,       100.08,        99.90,0.18
G,CHAMBAL FERTILIZERS LTD,       419.05,       418.30,0.18
G,AURUM PROPTECH LIMITED,       225.16,       224.76,0.18
G,AXISAMC-SENSEXAXIS,        79.81,        79.67,0.18
G,AEL 8.90% 2031 SR VII,      1056.90,      1055.05,0.18
G,ZERODHAAMC - SML100CASE,        11.43,        11.41,0.18
G,GO DIGIT GENERAL INS LTD,       258.30,       257.85,0.17
G,K M C SPECIALITY HOSP I L,       138.24,       138.00,0.17
G,ROBUST HOTELS LIMITED,       167.89,       167.60,0.17
G,KOTAKMAMC - NIFTY100EW,        35.06,        35.00,0.17
G,MSP STEEL & POWER LTD.,        35.40,        35.34,0.17
G,SHAKTI PUMPS (I) LTD,       473.00,       472.20,0.17
G,AMAGI MEDIA LABS LIMITED,       563.30,       562.35,0.17
G,MAN INFRA LTD,       124.80,       124.59,0.17
G,JANA SMALL FIN BANK LTD,       535.10,       534.20,0.17
G,DCM SHRIRAM LIMITED,      1020.90,      1019.20,0.17
G,SUPREME HOLDIN N HOSP I L,        36.27,        36.21,0.17
G,EDELAMC - ENIFTY,        24.19,        24.15,0.17
G,GROWWAMC - GROWWCHEM,        30.24,        30.19,0.17
G,VEDAVAAG SYSTEMS LTD.,        18.17,        18.14,0.17
G,2.50%GOLDBONDS2026SR-IV,     15175.00,     15150.00,0.17
G,NECTAR LIFESCIENCES LTD.,        12.19,        12.17,0.16
G,AUTHUM INVEST & INFRA LTD,       519.90,       519.05,0.16
G,MIRAEAMC - SMALL250,        18.54,        18.51,0.16
G,ICICIPRAMC - SMALLIETF,        18.57,        18.54,0.16
G,SBIAMC - SBIBPB,        49.56,        49.48,0.16
G,GOI LOAN  6.54% 2032,       100.16,       100.00,0.16
G,S J LOGISTICS (INDIA) LTD,       315.70,       315.20,0.16
G,N T C INDUSTRIES LTD.,       133.16,       132.95,0.16
G,BAJAJ HOUSING FINANCE LTD,        83.08,        82.95,0.16
G,STEL HOLDINGS LIMITED,       607.90,       606.95,0.16
G,INDIA TOUR. DEV. CO. LTD.,       644.35,       643.35,0.16
G,GOI LOAN  7.25% 2063,        96.98,        96.83,0.15
G,UTIAMC-NEXT50BETA,        79.05,        78.93,0.15
G,RELCAPAMC - NETFGILT5Y,        66.33,        66.23,0.15
G,KOTAK NIFTY ETF,       265.82,       265.42,0.15
G,FACT LTD,       801.40,       800.20,0.15
G,VERANDA LEARNING SOL LTD,       242.63,       242.27,0.15
G,HDFCAMC - HDFCNEXT50,        74.75,        74.64,0.15
G,ELIN ELECTRONICS LIMITED,        95.40,        95.26,0.15
G,SCHAEFFLER INDIA LIMITED,      3956.40,      3950.60,0.15
G,SEC RED NCD 9.85% SR. VII,      1003.99,      1002.52,0.15
G,MOTILALAMC - MOMOMENTUM,        62.27,        62.18,0.14
G,RACHANA INFRA LTD,        35.15,        35.10,0.14
G,BPL LTD,        49.38,        49.31,0.14
G,MOTILALAMC - MONQ50,       141.93,       141.73,0.14
G,RAAJMARG INFRA INVEST T,       121.57,       121.40,0.14
G,AIRO LAM LIMITED,        86.46,        86.34,0.14
G,CPSE ETF,        93.70,        93.57,0.14
G,DSPAMC - DSPSENXETF,        79.29,        79.18,0.14
G,TAAL TECH LTD.,      4502.20,      4496.00,0.14
G,LOTUS EYE HOSP & INST L,       109.43,       109.28,0.14
G,GROWWAMC - CEMNTGROWW,        14.66,        14.64,0.14
G,C G V A K SOFTWARE & EX L,       148.21,       148.01,0.14
G,EDELAMC - EBBETF0433,      1311.12,      1309.36,0.13
G,H B ESTATE DEVELOPERS L,        75.10,        75.00,0.13
G,8.76% TAX FREETRI SR2B,      1135.00,      1133.51,0.13
G,NRB INDUS. BEARINGS LTD.,        30.80,        30.76,0.13
G,SYMBIOTEC PHARMALAB LTD,      1078.25,      1076.85,0.13
G,KFIN TECHNOLOGIES LIMITED,       928.90,       927.70,0.13
G,KOPRAN LTD,       232.54,       232.24,0.13
G,VAIDYA SANE AYUR LAB LTD,       160.50,       160.30,0.12
G,BEDMUTHA INDUST LTD,       112.37,       112.23,0.12
G,ACCELYA SOLN INDIA LTD,      1131.00,      1129.60,0.12
G,MOTILALAMC - MONEXT50,        73.14,        73.05,0.12
G,GOI LOAN  6.68% 2040,        97.80,        97.68,0.12
G,CANARA ROBECO AMC LIMITED,       251.50,       251.20,0.12
G,DIGISPICE TECHNOLOGIES LT,        16.98,        16.96,0.12
G,NIP IND ETF DIV OPP,        76.77,        76.68,0.12
G,TRANS & RECTI. LTD,       300.95,       300.60,0.12
G,NBCC (INDIA) LIMITED,        86.60,        86.50,0.12
G,GOI LOAN  7.06% 2028,       104.32,       104.20,0.12
G,KROSS LIMITED,       211.57,       211.34,0.11
G,AGRI-TECH (INDIA) LIMITED,       101.21,       101.10,0.11
G,GROWWAMC - GROWWRAIL,        28.08,        28.05,0.11
G,J & K BANK LTD.,       150.02,       149.86,0.11
G,KARNATAKA BANK LIMITED,       340.10,       339.75,0.10
G,SEC RE NCD 8.65% SR.V,       986.01,       985.00,0.10
G,ELECTROTHERM (I) LTD.,       980.90,       979.90,0.10
G,MIRAEAMC - SENSEXETF,        79.20,        79.12,0.10
G,EPACK DURABLE LIMITED,       189.27,       189.08,0.10
G,DSPAMC - FLEXIADD,        10.06,        10.05,0.10
G,GROWWAMC - GROWWRLTY,        10.21,        10.20,0.10
G,HOLMARC OPTO MECHATRO L,       105.05,       104.95,0.10
G,SUKHJIT STARCH & CHEM LTD,       157.86,       157.71,0.10
G,PAKKA LIMITED,        73.71,        73.64,0.10
G,EKI ENERGY SERVICES LTD,        74.13,        74.06,0.09
G,BIOFIL CHEM & PHARMA LTD,        32.00,        31.97,0.09
G,VST INDUSTRIES LTD,       208.15,       207.96,0.09
G,BIRLASLAMC - ABSLNN50ET,        77.08,        77.01,0.09
G,ALLIED BLEND N DISTILS L,       609.95,       609.40,0.09
G,GROWWAMC - GROWWPOWER,        11.33,        11.32,0.09
G,GROWWAMC - GROWWN200,        11.34,        11.33,0.09
G,GOI LOAN  6.94% 2036,       102.20,       102.11,0.09
G,GLOBALE TESSILE LIMITED,        11.39,        11.38,0.09
G,SWARAJ ENGINES LTD,      3557.80,      3554.70,0.09
G,KIRLOSKAR PNEUMATIC COM L,       760.45,       759.80,0.09
G,ICICIPRAMC - ICICIINFRA,        94.80,        94.72,0.08
G,EDELAMC - EBBETF0430,      1609.05,      1607.71,0.08
G,MIRAEAMC - CONSUMER,        12.03,        12.02,0.08
G,MIRAEAMC - INFRA,        12.04,        12.03,0.08
G,BALMER LAWRIE INVSTS. L,        72.53,        72.47,0.08
G,MIRAEAMC - LARGEMID50,        36.39,        36.36,0.08
G,GOI LOAN  7.3% 2053,        98.85,        98.77,0.08
G,GOI LOAN  7.43% 2076,        99.83,        99.75,0.08
G,AEL 9% 2030 SR VI,      1050.85,      1050.01,0.08
G,21ST CENTURY MGMT SERVICE,        38.13,        38.10,0.08
G,BRIGHT BROTHERS LTD.,       254.80,       254.60,0.08
G,SEC RE NCD 7.90% STRPP A,       311.25,       311.01,0.08
G,PNC INFRATECH LTD.,       183.11,       182.97,0.08
G,3M INDIA LIMITED,     32845.00,     32820.00,0.08
G,GANDHAR OIL REFINE IND L,       267.60,       267.40,0.07
G,YUKEN INDIA LIMITED,      1010.80,      1010.05,0.07
G,SERVICE CARE LIMITED,        69.45,        69.40,0.07
G,ICICIPRAMC - ICICIBANKP,        28.17,        28.15,0.07
G,EDELAMC - EBANKNIFTY,        58.26,        58.22,0.07
G,DSPAMC - DSPBANK,        58.99,        58.95,0.07
G,HDFCAMC - HDFCNIFBAN,        59.22,        59.18,0.07
G,TRACXN TECHNOLOGIES LTD,        29.96,        29.94,0.07
G,GOI LOAN 8.32% 2032,       107.01,       106.94,0.07
G,TAX FREE 7.69% SR. IIB,      1153.00,      1152.25,0.07
G,DSPAMC - FMCGADD,        46.25,        46.22,0.06
G,JSW ENERGY LIMITED,       539.85,       539.50,0.06
G,IDEAFORGE TECHNO LTD,       777.05,       776.55,0.06
G,GARWARE TECH FIBRES LTD,       800.55,       800.05,0.06
G,IRB INVIT FUND,        64.54,        64.50,0.06
G,EDELAMC - EBBETF0431,      1440.43,      1439.55,0.06
G,ARVEE LABORATORIES I LTD,       165.10,       165.00,0.06
G,EDELAMC - EBANK10,        16.84,        16.83,0.06
G,GOI LOAN 7.38% 2027,       102.62,       102.56,0.06
G,LEMON TREE HOTELS LTD,       104.95,       104.89,0.06
G,MIRAEAMC - BANKETF,       586.33,       586.00,0.06
G,ASHIMA LTD,        17.89,        17.88,0.06
G,RAILTEL CORP OF IND LTD,       271.05,       270.90,0.06
G,VARDHMAN SPC STEEL LTD,       364.15,       363.95,0.05
G,KHAITAN CHEM & FERT LTD,        54.86,        54.83,0.05
G,DABUR INDIA LTD,       380.90,       380.70,0.05
G,SCODA TUBES LIMITED,       135.02,       134.95,0.05
G,COFORGE LIMITED,      1972.80,      1971.80,0.05
G,ASTRAZENECA PHARMA IND LT,      6944.00,      6940.50,0.05
G,SEC RED NCD 9.70% SR. V,      1091.55,      1091.00,0.05
G,ICICI PRUD MIDCAP SEL ETF,        19.93,        19.92,0.05
G,GOI LOAN   6.79% 2034,        99.93,        99.88,0.05
G,DOMS INDUSTRIES LIMITED,      2208.70,      2207.60,0.05
G,DHANUKA AGRITECH LTD,      1010.65,      1010.15,0.05
G,SEC RE NCD 9.65% SR IV,      1012.00,      1011.50,0.05
G,DIVGI TORQTRANSFER SYST L,      1235.80,      1235.20,0.05
G,TEAMLEASE SERVICES LTD.,      1250.60,      1250.00,0.05
G,SHALBY LIMITED,       152.71,       152.64,0.05
G,TAX FREE7.60% SR.IIB,      1110.10,      1109.60,0.05
G,TOLINS TYRES LIMITED,        91.98,        91.94,0.04
G,VERTIS INFRASTRUCTURE TST,       115.05,       115.00,0.04
G,CENTRAL DEPO SER (I) LTD,      1394.60,      1394.00,0.04
G,SAGILITY LIMITED,        46.82,        46.80,0.04
G,PTC INDUSTRIES LIMITED,     23830.00,     23820.00,0.04
G,RUPA & COMPANY LTD,       144.49,       144.43,0.04
G,CEMINDIA PROJECTS LIMITED,      1297.40,      1296.90,0.04
G,SHREE TIRUPATI BALAJEE L,        26.16,        26.15,0.04
G,SANDESH LTD,      1051.30,      1050.90,0.04
G,GOI LOAN  7.54% 2036,       106.18,       106.14,0.04
G,NEOGEN CHEMICALS LIMITED,      2137.90,      2137.10,0.04
G,LICNAMC - LICNFENGP,       267.77,       267.67,0.04
G,ICICIPRAMC - CASHIETF,      1078.38,      1077.99,0.04
G,GROWWAMC - GROWWLIQID,       110.64,       110.60,0.04
G,SBIAMC - SBILIQETF,      1054.81,      1054.43,0.04
G,AONEAMC - AONELIQUID,      1075.67,      1075.29,0.04
G,KOTAKMAMC - KOTAKLIQ,      1121.43,      1121.04,0.03
G,ZERODHAAMC - LIQUIDCASE,       115.80,       115.76,0.03
G,MIRAEAMC - LIQUIDPLUS,      1102.01,      1101.63,0.03
G,MOTILALAMC - MOINFRA,        58.68,        58.66,0.03
G,UTIAMC - LIQUIDBETA,      1007.04,      1006.70,0.03
G,EDELAMC - ELIQUID,      1046.60,      1046.25,0.03
G,HDFCAMC - HDFCLIQUID,      1076.75,      1076.39,0.03
G,DSPAMC - LIQUIDADD,      1143.51,      1143.13,0.03
G,SHRIRAM - LIQUIDSHRI,      1120.33,      1119.96,0.03
G,BFAM - LIQUIDBETF,      1097.63,      1097.27,0.03
G,DECCAN GOLD MINES LTD.,       213.87,       213.80,0.03
G,NATH BIO-GENES (I) LTD,       153.12,       153.07,0.03
G,BOND 8.30% PA TAX FREE S2,      1086.40,      1086.06,0.03
G,NIPPONAMC - LIQGRWBEES,      1054.46,      1054.14,0.03
G,NIP IND ETF BANK BEES,       596.20,       596.02,0.03
G,MOTILALAMC - MON50EQUAL,        33.17,        33.16,0.03
G,BHARAT COKING COAL LTD,        33.81,        33.80,0.03
G,SHEETAL UNIVERSAL LIMITED,       348.10,       348.00,0.03
G,EXPLEO SOLUTIONS LIMITED,       899.00,       898.75,0.03
G,EMBASSY OFFICE PARKS REIT,       438.69,       438.57,0.03
G,NATIONAL ALUMINIUM CO LTD,       374.10,       374.00,0.03
G,NETWORK PEOPLE SRV TECH L,      1718.80,      1718.40,0.02
G,BAL PHARMA LTD.,        87.73,        87.71,0.02
G,ANIK INDUSTRIES LTD,        45.00,        44.99,0.02
G,SHIPROCKET LIMITED,       135.92,       135.89,0.02
G,ALFRED HERBERT INDIA L,      2898.90,      2898.30,0.02
G,ICICIPRAMC - ICICIFMCG,        49.47,        49.46,0.02
G,ANAND RATHI SH N STK BR L,       515.05,       514.95,0.02
G,UTI ASSET MNGMT CO LTD,       880.55,       880.40,0.02
G,BIRLASLAMC - ABSLBANETF,        59.06,        59.05,0.02
G,ROYAL ORCHID HOTELS LTD,       298.55,       298.50,0.02
G,PANSARI DEVELOPERS LTD,       300.05,       300.00,0.02
G,TIMKEN INDIA LTD.,      3125.30,      3124.80,0.02
G,SHERVANI INDUSTRIAL SYN L,       315.10,       315.05,0.02
G,HAPPIEST MINDS TECHNO LTD,       354.00,       353.95,0.01
G,HINDUSTAN ADHESIVES LTD.,       370.90,       370.85,0.01
G,GOI LOAN  7.46% 2073,       101.50,       101.49,0.01
G,PNGS REVA DIAMOND JEWEL L,       516.35,       516.30,0.01
G,GOI LOAN  7.17% 2030,       103.81,       103.80,0.01
G,GOI LOAN  7.41% 2036,       105.00,       104.99,0.01
G,NIP IND ETF MIDCAP 150,       240.15,       240.14,0.00
G,BIRLASLAMC - ABSLLIQUID,      1000.00,       999.99,0.00
G,SEC RE NCD 10.65% SR.IV,      1011.00,      1010.99,0.00
 , , , , 
L,FLYWINGS SIMULAT T C LTD,       175.15,       197.00,-11.09
L,DYNAMIC CABLES LIMITED,       487.90,       544.30,-10.36
L,SKYTECH INFINITE PLATFM L,        40.05,        44.50,-10.00
L,VIJAYPD CEUTICAL LIMITED,        63.00,        69.90,-9.87
L,JAYASWAL NECO INDUSTR LTD,        89.04,        98.68,-9.77
L,RAJGOR CASTOR DERIVATI L,        14.15,        15.65,-9.58
L,KEI INDUSTRIES LTD.,      4850.00,      5327.00,-8.95
L,THE UGAR SUGAR WORKS LTD,        53.35,        58.56,-8.90
L,ROCKINGDCE RS.5 PPD UP,        64.00,        70.00,-8.57
L,SEC RE NCD 9.90% SR IV,       365.80,       399.80,-8.50
L,V MARC INDIA LIMITED,       320.10,       348.70,-8.20
L,SEC RE NCD 10.50% SR.VII,       411.00,       446.41,-7.93
L,PREMIUM PLAST LIMITED,        38.00,        41.20,-7.77
L,JAYKAY ENTERPRISES LTD,       153.69,       166.46,-7.67
L,YASONS CHEMEX CARE LTD,         8.60,         9.25,-7.03
L,AUTOLINE INDUSTRIES LTD,        86.45,        92.75,-6.79
L,BABA FOOD PROCESSING,        23.85,        25.50,-6.47
L,R R KABEL LIMITED,      2454.10,      2617.70,-6.25
L,LANDSMILL GREEN LIMITED,         0.63,         0.67,-5.97
L,UTTAM SUGAR MILLS LTD.,       281.20,       299.00,-5.95
L,POLYCAB INDIA LIMITED,      8300.00,      8807.50,-5.76
L,VARVEE GLOBAL LIMITED,        53.31,        56.56,-5.75
L,SKYWAYS AIR SERVICES LTD,       122.72,       130.06,-5.64
L,GAJANAND INTERNATIONAL L,         8.40,         8.90,-5.62
L,CREDENT CONNECT N CARE L,       317.70,       336.50,-5.59
L,ANTELOPUS SELAN ENRGY LTD,       957.15,      1013.30,-5.54
L,IDENTICAL BRAINS STUDIO L,        18.05,        19.10,-5.50
L,MAKERS LABORATORIES LTD.,       189.90,       200.77,-5.41
L,DHAMPUR SUGAR MILLS LTD.,       167.59,       177.05,-5.34
L,BEST AGROLIFE LIMITED,        19.29,        20.34,-5.16
L,ANNAPURNA SWADISHT LTD,       140.20,       147.78,-5.13
L,CHAMAN METALLICS LIMITED,       115.75,       121.95,-5.08
L,TARMAT LIMITED,        61.23,        64.49,-5.06
L,NIDAN LABS AND HEALTH LTD,        14.10,        14.85,-5.05
L,SDL MH 7.57% 2031,        95.00,       100.00,-5.00
L,SWASTIK PIPE LIMITED,        19.00,        20.00,-5.00
L,GSM FOILS LIMITED,       111.15,       117.00,-5.00
L,INDO THAI SEC LTD,        35.75,        37.63,-5.00
L,K J M C FINANCIAL SERV L,        63.14,        66.46,-5.00
L,R&B DENIMS LIMITED,        10.27,        10.81,-5.00
L,MODISON LIMITED,       469.95,       494.65,-4.99
L,ACCORD SYNERGY LIMITED,       188.45,       198.35,-4.99
L,PURV FLEXIPACK LIMITED,        45.80,        48.20,-4.98
L,FASCINATE TEXTILES LTD,        72.55,        76.35,-4.98
L,RADIOWALLA NETWORK LTD,        28.70,        30.20,-4.97
L,GIRIRAJ CIVIL DEVP LTD,        74.65,        78.55,-4.96
L,BIKEWO GREEN TECH LIMITED,        97.80,       102.90,-4.96
L,VISAMAN GLOBAL SALES LTD,        61.40,        64.60,-4.95
L,ABH HEALTHCARE LIMITED,        80.70,        84.90,-4.95
L,RAJ TV NETWORK LTD,         8.07,         8.49,-4.95
L,CENTURY EXTRUSIONS LTD,        20.19,        21.24,-4.94
L,SHREE TIRUPATI BALAJEE,       308.00,       324.00,-4.94
L,ELITECON INTERNATIONAL L,         8.68,         9.13,-4.93
L,VERITAAS ADVERTISING LTD,        29.90,        31.45,-4.93
L,MOBILISE APP LAB LIMITED,       108.15,       113.75,-4.92
L,JAINAM FER ALLOYS (I) LTD,       203.50,       214.00,-4.91
L,FOCE INDIA LIMITED,       487.00,       512.00,-4.88
L,DALMIA BHARAT SUG IN LTD,       438.55,       461.05,-4.88
L,ADITYA ULTRA STEEL LTD,        24.55,        25.80,-4.84
L,JINKUSHAL INDUSTRIES LTD,       100.56,       105.66,-4.83
L,DHRUV CONSULTANCY SER LTD,        22.32,        23.45,-4.82
L,ALCOKRAFT DISTILLERIE LTD,        68.40,        71.85,-4.80
L,VADIVARHE SPCLTY CHEM LTD,        20.90,        21.95,-4.78
L,IBL FINANCE LIMITED,        58.00,        60.90,-4.76
L,MAHENDRA REALTO & INFRA L,        57.30,        60.15,-4.74
L,OMFURN INDIA LIMITED,        53.85,        56.50,-4.69
L,EMKAY TOOLS LIMITED,      1047.00,      1098.10,-4.65
L,EPW INDIA LIMITED,       244.10,       256.00,-4.65
L,SEMAC CONSTRUCTION LTD,       277.25,       290.55,-4.58
L,GANGA FORGING LIMITED,         1.68,         1.76,-4.55
L,NEPHRO CARE INDIA LIMITED,        93.55,        98.00,-4.54
L,SHEEL BIOTECH LIMITED,        61.60,        64.50,-4.50
L,CURRENT INFRAPROJECTS LTD,        85.00,        89.00,-4.49
L,IND SWIFT LABORATORIES LT,       355.95,       372.70,-4.49
L,ONYX BIOTEC LIMITED,        37.50,        39.25,-4.46
L,TRUST FINTECH LIMITED,        30.00,        31.40,-4.46
L,LAHOTI OVERSEAS LTD.,        43.08,        45.08,-4.44
L,MOS UTILITY LIMITED,         7.55,         7.90,-4.43
L,REGENCY CERAMICS LTD.,        34.86,        36.47,-4.41
L,BN AGROCHEM LTD.,       216.73,       226.73,-4.41
L,C K K RETAIL MART LIMITED,       151.00,       157.95,-4.40
L,Z-TECH (INDIA) LIMITED,       476.30,       498.00,-4.36
L,SJS ENTERPRISES LIMITED,      2306.10,      2411.10,-4.35
L,VADILAL ENTERPRISES LTD.,     10045.00,     10495.00,-4.29
L,TECHNVISION VENTURES LTD.,      4917.50,      5136.50,-4.26
L,GRETEX INDUSTRIES LTD.,       237.00,       247.50,-4.24
L,BEACON TRUSTEESHIP LTD,        83.60,        87.30,-4.24
L,MEGA FLEX PLASTICS LTD,        91.00,        95.00,-4.21
L,WONDER ELECTRICALS LTD,        76.03,        79.37,-4.21
L,SDL TS 7.97% 2043,        96.43,       100.64,-4.18
L,RAGHAV PRODUCTIVITY ENH L,      1807.20,      1885.20,-4.14
L,K M SUGAR MILLS LTD,        30.68,        32.00,-4.13
L,MANAKSIA STEELS LTD,       107.30,       111.91,-4.12
L,PRAJAY ENG. SYN. LTD.,        24.69,        25.75,-4.12
L,DWARIKESH SUGAR IND LTD,        47.31,        49.32,-4.08
L,PONNIE SUGARS (ERODE) LTD,       382.45,       398.65,-4.06
L,AURO IMPEX & CHEMICALS L,        27.50,        28.65,-4.01
L,SEC RE NCD 10.25% SR XII,       840.00,       875.00,-4.00
L,DAVANGERE SUGAR COMPANY L,         1.96,         2.04,-3.92
L,SHRI KANHA STAINLESS LTD,        20.85,        21.70,-3.92
L,POWER MECH PROJECTS LTD.,      2306.10,      2399.80,-3.90
L,SHIGAN QUANTUM TECH LTD,        71.10,        73.95,-3.85
L,GALAXY SURFACTANTS LTD,      2165.00,      2251.60,-3.85
L,HAVELLS INDIA LIMITED,      1154.00,      1200.00,-3.83
L,EFC (I) LIMITED,       193.24,       200.84,-3.78
L,INSPIRISYS SOLUTIONS LTD,        89.53,        93.03,-3.76
L,SUMAX ENGINEERING LIMITED,       106.50,       110.65,-3.75
L,INTRASOFT TECH. LTD,        81.61,        84.79,-3.75
L,POLY MEDICURE LIMITED,      1702.50,      1768.70,-3.74
L,DIVINE HIRA JEWELLERS LTD,       109.45,       113.70,-3.74
L,SHILP GRAVURES LTD.,       144.80,       150.42,-3.74
L,KNOWLEDGE MARINE & EN W L,      3033.40,      3150.40,-3.71
L,TAMILNADU PETROPRODUCTS L,       132.70,       137.81,-3.71
L,RICHA INFO SYSTEMS LTD,        78.00,        81.00,-3.70
L,PULZ ELECTRONICS LIMITED,        22.10,        22.95,-3.70
L,ALIVUS LIFE SCIENCES LTD,      1366.30,      1418.80,-3.70
L,INDOCO REMEDIES LTD.,       262.51,       272.56,-3.69
L,MANGLAM INFRA & ENG LTD,        11.85,        12.30,-3.66
L,GOI LOAN  6.67% 2035,       100.20,       104.00,-3.65
L,SYNCOM FORMU (I) LTD,        20.58,        21.36,-3.65
L,PRESSTONIC ENGINEERING L,        33.05,        34.30,-3.64
L,RUCHI INFRASTRUCTURE LTD,         5.82,         6.04,-3.64
L,INDUSTRIAL INV TRUST LTD,       146.40,       151.92,-3.63
L,TTK PRESTIGE LTD,       562.75,       583.95,-3.63
L,WEBSOL ENERGY SYSTEM LTD,        74.53,        77.33,-3.62
L,DHAMPUR BIO ORGANICS LTD,       124.99,       129.64,-3.59
L,RAMKRISHNA FORGINGS LTD,       700.85,       726.85,-3.58
L,ENFUSE SOLUTIONS LIMITED,       155.00,       160.75,-3.58
L,JUBILANT AGRI N CON PRO L,      2222.60,      2304.80,-3.57
L,THEMIS MEDICARE LTD.,       120.42,       124.87,-3.56
L,VINIT MOBILE LIMITED,        58.85,        61.00,-3.52
L,SHIVA GLOBAL AGRO INDS. L,        41.39,        42.90,-3.52
L,PETRO CARBON AND CHEMI L,       425.15,       440.55,-3.50
L,CRAYONS ADVERTISING LTD,        25.10,        26.00,-3.46
L,TEAM INDIA GUARANTY LTD,       235.29,       243.68,-3.44
L,KCP LTD,       162.38,       168.17,-3.44
L,DCM SHRIRAM IND LTD,        44.91,        46.51,-3.44
L,KIRI INDUSTRIES LIMITED,       559.10,       578.95,-3.43
L,KANCO TEA & INDS. LTD.,        54.85,        56.79,-3.42
L,SDL GJ 7.55% 2030,        96.59,       100.00,-3.41
L,GNG ELECTRONICS LIMITED,       601.25,       622.10,-3.35
L,ATHER ENERGY LIMITED,      1584.00,      1638.90,-3.35
L,ECLERX SERVICES LTD,      1905.70,      1971.70,-3.35
L,KN AGRI RESOURCES LIMITED,       199.40,       206.23,-3.31
L,MANALI PETROCHEMICALS LT,        86.76,        89.73,-3.31
L,VINTAGE COFFEE N BVRGS L,       170.65,       176.48,-3.30
L,ATAM VALVES LIMITED,        52.99,        54.79,-3.29
L,ASTEC LIFESCIENCES LTD,       554.45,       573.25,-3.28
L,MARCO CABLE & CONDUCTOR L,        31.15,        32.20,-3.26
L,SAMAY PROJECT SERVICES L,        44.50,        46.00,-3.26
L,GUJARAT THEMIS BIOSYN LTD,       411.35,       425.10,-3.23
L,SONA MACHINERY LIMITED,        33.00,        34.10,-3.23
L,QUESS CORP LIMITED,       354.75,       366.55,-3.22
L,ABANS FINANCIAL SRVCS LTD,       202.07,       208.77,-3.21
L,FRESHARA AGRO EXPORTS LTD,       425.70,       439.75,-3.19
L,THE INVEST TRUST OF IND L,        95.00,        98.10,-3.16
L,MOREPEN LAB. LTD,       113.74,       117.45,-3.16
L,APRAMEYA ENGINEERING LTD,       116.50,       120.30,-3.16
L,LOTUS CHOCOLATE CO. LTD.,       630.40,       650.95,-3.16
L,SAYAJI INDUSTRIES LTD.,       116.11,       119.89,-3.15
L,SEDEMAC MECHATRONICS LTD,      2814.40,      2905.90,-3.15
L,MAITREYA MEDICARE LIMITED,       120.00,       123.90,-3.15
L,W H BRADY & CO. LTD.,       482.20,       497.85,-3.14
L,LUMAX INDUSTRIES LTD,      6181.50,      6380.50,-3.12
L,UNIVERSAL CABLES LTD,      1576.30,      1626.80,-3.10
L,FROG INNOVATIONS LIMITED,       257.65,       265.90,-3.10
L,PRECISION WIRES INDIA LTD,       472.80,       487.85,-3.08
L,RBM INFRACON LIMITED,       236.90,       244.40,-3.07
L,RENOL POLYCHEM LIMITED,        79.00,        81.50,-3.07
L,RULKA ELECTRICALS LIMITED,       106.25,       109.60,-3.06
L,SANGHVI MOVERS LTD,       439.20,       453.00,-3.05
L,NOIDA TOLL BRIDGE CO LTD,         4.14,         4.27,-3.04
L,SAMEERA AGRO AND INFRA L,         4.80,         4.95,-3.03
L,VIRTUAL GALAXY INFOTECH L,       139.40,       143.75,-3.03
L,SHIVALIK BIMETAL CON. LTD,      1121.10,      1155.90,-3.01
L,VISA CHROME LIMITED,        38.34,        39.53,-3.01
L,DURLAX TOP SURFACE LTD,        64.50,        66.50,-3.01
L,GUJARAT FLUOROCHEM LTD,      4554.00,      4694.60,-2.99
L,GOI LOAN  6.10% 2031,        97.00,        99.99,-2.99
L,SDL RJ 7.37% 2030,        97.03,       100.00,-2.97
L,HAMPTON SKY REALTY LTD.,         7.86,         8.10,-2.96
L,HEC INFRA PROJECTS LTD,       117.78,       121.34,-2.93
L,C P S SHAPERS LIMITED,      1130.00,      1164.00,-2.92
L,SURATWWALA BUS GROUP LTD,        23.96,        24.68,-2.92
L,KIRLOSKAR OIL ENG LTD,      2201.90,      2267.60,-2.90
L,UNIPARTS INDIA LIMITED,       874.05,       899.90,-2.87
L,EMAMI REALTY LIMITED,        66.74,        68.70,-2.85
L,ARIHANT SUPERSTRUCT LTD,       229.50,       236.15,-2.82
L,MASON INFRATECH LIMITED,       113.90,       117.20,-2.82
L,READYMIX CONSTRU MACHI L,        76.00,        78.20,-2.81
L,SAKTHI SUGARS LTD,        19.78,        20.35,-2.80
L,AVRO INDIA LIMITED,         8.72,         8.97,-2.79
L,GKB OPHTHALMICS LTD.,        63.97,        65.80,-2.78
L,DEEP POLYMERS LTD.,        35.00,        36.00,-2.78
L,NEXT MEDIAWORKS LIMITED,         3.89,         4.00,-2.75
L,ORIANA POWER LIMITED,      1205.70,      1239.70,-2.74
L,SECMARK CONSULTANCY LTD,       144.40,       148.46,-2.73
L,BASILIC FLY STUDIO LTD,       188.65,       193.95,-2.73
L,SOMA TEXTILES & INDUST LT,        90.22,        92.75,-2.73
L,JALAN TRANSOLU. INDIA LTD,         1.80,         1.85,-2.70
L,ADVAIT ENRGY TRANSITION L,      2151.30,      2210.90,-2.70
L,NIMBUS PROJECTS LIMITED,       147.84,       151.93,-2.69
L,SRF LTD,      2547.00,      2617.00,-2.67
L,FISCHER MEDICAL VENTURE L,        36.04,        37.03,-2.67
L,ANTARCTICA LTD,         0.73,         0.75,-2.67
L,WISE TRAVEL INDIA LIMITED,       104.15,       107.00,-2.66
L,KD GREEN INDUSTRIES LTD,        50.44,        51.81,-2.64
L,SHARP CHUCKS N MACHINES L,        81.00,        83.20,-2.64
L,RAJSHREE SUGAR & CHEMICAL,        35.47,        36.43,-2.64
L,TRIDENT TECHLABS LIMITED,       115.20,       118.30,-2.62
L,TECIL CHEMICALS,         9.72,         9.98,-2.61
L,AVADH SUG & ENERGY LTD,       809.50,       831.10,-2.60
L,KALANA ISPAT LIMITED,        18.80,        19.30,-2.59
L,DHUNSERI INVESTMENTS LTD,      1019.15,      1046.25,-2.59
L,MAGADH SUGAR & ENERGY LTD,       552.05,       566.70,-2.59
L,TBO TEK LIMITED,      1688.90,      1733.70,-2.58
L,AUTOMOTIVE STAMPINGS & AS,       473.75,       486.30,-2.58
L,THERMAX LTD,      3637.60,      3733.90,-2.58
L,R T S POWER CORPN. LTD.,        88.08,        90.40,-2.57
L,PAUSHAK LIMITED,       785.50,       806.15,-2.56
L,VIMTA LABS LIMITED,       635.65,       652.25,-2.55
L,SEC RE NCD 10.25% SR XII,       915.20,       939.00,-2.53
L,TATA CHEMICALS LTD,       625.10,       641.35,-2.53
L,ROX HI TECH LIMITED,        46.30,        47.50,-2.53
L,WINDSOR MACHINES LIMITED,       304.25,       312.10,-2.52
L,VERTOZ LIMITED,        37.66,        38.63,-2.51
L,ARC INSULATION & INSU LTD,        36.95,        37.90,-2.51
L,IVALUE INFOSOLUTIONS LTD,       230.26,       236.18,-2.51
L,SEC RE NCD 9.48% SR V,       325.55,       333.90,-2.50
L,KEN ENTERPRISES LIMITED,        39.00,        40.00,-2.50
L,SHOPPERS STOP LIMITED,       381.75,       391.45,-2.48
L,DR. LAL PATH LABS LTD.,      1877.50,      1925.20,-2.48
L,DHARA RAIL PROJECTS LTD,       136.60,       140.05,-2.46
L,VIVID ELECTROMECH LIMITED,      1591.60,      1631.55,-2.45
L,ISHAN DYES N CHEMICALS L,        44.29,        45.40,-2.44
L,HAPPY FORGINGS LIMITED,      2238.50,      2294.40,-2.44
L,SUNTECH INFRA SOLUTIONS L,        40.05,        41.05,-2.44
L,MALU PAPER MILLS LIMITED,        31.65,        32.44,-2.44
L,TEMPSENS INST (INDIA) LTD,       554.80,       568.55,-2.42
L,KANPUR PLASTIPACK LIMITED,       250.20,       256.40,-2.42
L,AASTHA SPINTEX LIMITED,        78.12,        80.05,-2.41
L,NELCO LTD,       911.25,       933.75,-2.41
L,SHYAM DHANI INDUSTRIES L,        52.70,        54.00,-2.41
L,ONESOURCE SPECL PHARMA L,      1537.80,      1575.70,-2.41
L,WOMANCART LIMITED,       105.70,       108.30,-2.40
L,MAAN ALUMINIUM LIMITED,       117.90,       120.77,-2.38
L,TAURIAN MPS LIMITED,       494.00,       506.00,-2.37
L,WCAPL 10.75% 2028,      9405.00,      9633.00,-2.37
L,TOURISM FINANCE CORP. OF,       143.26,       146.71,-2.35
L,ADOR WELDING LTD,      1674.40,      1714.60,-2.34
L,IREDA 8.80NCDTR I SR IIIB,      1250.00,      1280.00,-2.34
L,AIMTRON ELECTRONICS LTD,      1582.60,      1620.35,-2.33
L,SUBEX LTD,        17.28,        17.69,-2.32
L,A2Z INFRA ENGINEERING LTD,        15.61,        15.98,-2.32
L,AVALON TECHNOLOGIES LTD,      2196.60,      2248.60,-2.31
L,SDL MH 7.35% 2031,        97.20,        99.50,-2.31
L,RANA SUGARS LTD.,        14.80,        15.15,-2.31
L,UNIINFO TELECOM SERVI LTD,        11.00,        11.26,-2.31
L,TERAI TEA CO. LTD.,       121.43,       124.30,-2.31
L,GUJARAT PIPAVAV PORT LTD,       161.62,       165.43,-2.30
L,AUGMONT ENTERPRISES LTD,       901.50,       922.70,-2.30
L,SECUREKLOUD TECH LIMITED,        17.01,        17.41,-2.30
L,J.G.CHEMICALS LIMITED,       598.15,       612.20,-2.30
L,LAKSHMI MILLS CO. LTD.,      7621.00,      7800.00,-2.29
L,DANISH POWER LIMITED,       854.10,       874.15,-2.29
L,APCOTEX INDUSTRIES LIMITE,       635.50,       650.40,-2.29
L,BALKRISHNA PAPER MILLS L,        17.08,        17.48,-2.29
L,LATTEYS INDUSTRIES LTD,        20.50,        20.98,-2.29
L,BRIGADE ENTER. LTD,       696.10,       712.30,-2.27
L,SUPREME FACILITY MGMT LTD,        21.50,        22.00,-2.27
L,TARAPUR TRANSFORMERS LTD,        13.03,        13.33,-2.25
L,RAYMOND LTD,       740.85,       757.90,-2.25
L,BLUE WATER LOGISTICS LTD,       486.75,       497.95,-2.25
L,PRINCE PIPES FITTINGS LTD,       283.00,       289.50,-2.25
L,CREATIVE NEWTECH LIMITED,      1215.50,      1243.40,-2.24
L,KOHINOOR FOODS LIMITED,        32.77,        33.52,-2.24
L,JYOTI CNC AUTOMATION LTD,      1003.90,      1026.85,-2.23
L,TECHNOCRAFT IND LTD,      3194.60,      3267.40,-2.23
L,SEJAL GLASS LIMITED,       657.50,       672.45,-2.22
L,UTKARSH SMALL FIN BANK L,        14.56,        14.89,-2.22
L,EFFWA INFRA & RESEARCH L,       360.00,       368.15,-2.21
L,LAKSHYA POWERTECH LIMITED,        81.80,        83.65,-2.21
L,MAHA RASHTRA APEX COPR. L,        53.51,        54.72,-2.21
L,PEARL GLOBAL IND LIMITED,      2278.30,      2329.00,-2.18
L,DCM SHRIRAM INTERNATNL L,        68.76,        70.29,-2.18
L,GANGA BATH FITTINGS LTD,        20.30,        20.75,-2.17
L,TGB BANQUETS&HOTELS LTD,         9.48,         9.69,-2.17
L,FIVE-STAR BUS FIN LTD,       523.05,       534.60,-2.16
L,COSMO FIRST LIMITED,       919.85,       940.15,-2.16
L,HB PORTFOLIO LTD.,        58.38,        59.66,-2.15
L,SEC RE NCGB 8.25% STRPP D,       251.00,       256.50,-2.14
L,GODREJ AGROVET LIMITED,       644.85,       658.95,-2.14
L,RATEGAIN TRAVEL TECHN LTD,       851.15,       869.75,-2.14
L,CONFIDENCE PETRO IND LTD.,        82.48,        84.28,-2.14
L,SAR TELEVENTURE LIMITED,        89.40,        91.35,-2.13
L,SOMANY CERAMICS LIMITED,       557.35,       569.50,-2.13
L,GE POWER INDIA LIMITED,       649.60,       663.75,-2.13
L,SRIVARI SPICES N FOODS L,       260.00,       265.65,-2.13
L,SUDARSHAN CHEMICAL INDS L,      1222.80,      1249.30,-2.12
L,LEELA PALACES HOTEL LTD,       554.05,       566.05,-2.12
L,IZMO LIMITED,       902.45,       921.95,-2.12
L,CONCORD BIOTECH LIMITED,      1417.10,      1447.70,-2.11
L,ASK AUTOMOTIVE LIMITED,       618.85,       632.20,-2.11
L,SYSTANGO TECHNOLOGIES LTD,       225.25,       230.10,-2.11
L,SURAKSHA DIAGNOSTIC LTD,       332.45,       339.60,-2.11
L,PARTH ELEC & ENG LTD,       525.70,       537.00,-2.10
L,SUPRAJIT ENGINEERING LTD,       479.45,       489.70,-2.09
L,TIGER LOGISTICS (INDIA) L,        28.61,        29.22,-2.09
L,HALEOS LABS LIMITED,      1451.30,      1482.10,-2.08
L,NEELAMALAI AGRO INDS. L,      3300.10,      3370.10,-2.08
L,ARFIN INDIA LIMITED,        87.24,        89.09,-2.08
L,PLAZA WIRES LIMITED,        61.32,        62.62,-2.08
L,AYM SYNTEX LIMITED,       310.70,       317.25,-2.06
L,PREMIER ROADLINES LIMITED,        38.05,        38.85,-2.06
L,BOROSIL SCIENTIFIC LTD,       132.16,       134.93,-2.05
L,STL GLOBAL LIMITED,        10.05,        10.26,-2.05
L,CHAVDA INFRA LIMITED,       124.50,       127.10,-2.05
L,KEYSTONE REALTORS LIMITED,       373.95,       381.75,-2.04
L,AEQUS LIMITED,       242.18,       247.23,-2.04
L,THAKKERS DEVELOPERS LTD.,       144.00,       147.00,-2.04
L,EIH ASSOCIATED HOTELS LTD,       297.65,       303.85,-2.04
L,LAMBODHARA TEXTILES LTD.,       134.67,       137.47,-2.04
L,SKM EGG PROD EXPORT(I) LT,       257.10,       262.40,-2.02
L,MACPOWER CNC MACHINES LTD,      1904.90,      1944.10,-2.02
L,LAXMI ORGANIC INDUS LTD,       172.04,       175.58,-2.02
L,PANACEA BIOTEC LTD,       381.25,       389.05,-2.00
L,GOI LOAN   6.92% 2039,        97.02,        99.00,-2.00
L,DC INFOTECH AND COMUN LTD,       350.55,       357.65,-1.99
L,MPHASIS LIMITED,      2422.00,      2471.00,-1.98
L,JITF INFRALOGISTICS LTD,       304.50,       310.65,-1.98
L,KWALITY PHARMACEUTICALS L,      3285.50,      3351.70,-1.98
L,STAR PAPER MILLS LTD,       151.42,       154.47,-1.97
L,LAXMI GOLDORNA HOUSE LTD,       175.42,       178.95,-1.97
L,STRIDERS IMPEX LIMITED,        64.70,        66.00,-1.97
L,SKF IND (INDUSTRIAL) LTD,      3002.50,      3062.80,-1.97
L,ZIM LABORATORIES LIMITED,       125.50,       128.02,-1.97
L,LICNAMC - LICNFNHGP,       270.61,       276.04,-1.97
L,PRIME SECURITIES LIMITED,       284.50,       290.20,-1.96
L,AARTI INDUSTRIES LTD,       492.05,       501.90,-1.96
L,BALRAMPUR CHINI MILLS LTD,       690.60,       704.35,-1.95
L,WELSPUN CORP LIMITED,      2590.60,      2641.60,-1.93
L,JARO INS OF TEC MG N RE L,       445.65,       454.40,-1.93
L,M AND B ENGINEERING LTD,       270.15,       275.45,-1.92
L,AVI ANSH TEXTILE LIMITED,       102.50,       104.50,-1.91
L,ASHIANA HOUSING LTD,       359.55,       366.55,-1.91
L,SARLA PERF. FIBERS LTD,       100.20,       102.15,-1.91
L,TECHNOCRAFT VENTURES LTD,       366.10,       373.20,-1.90
L,TEERTH GOPICON LIMITED,        18.05,        18.40,-1.90
L,OPTIMYSTIX ENT INDIA LTD,       141.85,       144.60,-1.90
L,NANDANI CREATION LIMITED,        25.33,        25.82,-1.90
L,AKUMS DRUGS AND PHARMA L,       765.75,       780.55,-1.90
L,GAYATRI PROJECTS LTD,        21.76,        22.18,-1.89
L,HINDUSTAN FOODS LIMITED,       615.05,       626.90,-1.89
L,VEDANTA IRON AND STEEL L,        35.39,        36.07,-1.89
L,URBAN ENVIRO WASTE MGMT L,       117.60,       119.85,-1.88
L,VDEAL SYSTEM LIMITED,       157.00,       160.00,-1.88
L,SPL INDUSTRIES LIMITED,        30.39,        30.97,-1.87
L,INDRAPRASTHA MEDICAL CORP,       349.70,       356.35,-1.87
L,VIKRAM SOLAR LIMITED,       168.45,       171.65,-1.86
L,SHREE RAMA NEWSPRINT LTD,        31.75,        32.35,-1.85
L,BANNARI AMMAN SUGARS LTD,      3803.30,      3874.70,-1.84
L,WESTLIFE FOODWORLD LTD,       530.60,       540.55,-1.84
L,PATE 10.25% 2028,     99500.00,    101363.78,-1.84
L,JM FINANCIAL LIMITED,       132.06,       134.53,-1.84
L,BALKRISHNA IND. LTD,      2284.60,      2327.30,-1.83
L,AWL AGRI BUSINESS LIMITED,       187.29,       190.79,-1.83
L,GOI LOAN 8.24%2027,       101.70,       103.60,-1.83
L,PITTI ENGINEERING LIMITED,      1084.90,      1105.10,-1.83
L,UNSERENCD8.85%SRIVCIII&IV,      1021.00,      1040.00,-1.83
L,MM FORGINGS LTD,       630.10,       641.80,-1.82
L,PB FINTECH LIMITED,      1836.00,      1870.00,-1.82
L,PARAG MILK FOODS LTD.,       249.60,       254.20,-1.81
L,QUADRANT FUTURE TEK LTD,       417.90,       425.60,-1.81
L,EMBASSY DEVELOPMENTS LTD,        57.53,        58.59,-1.81
L,AMINES & PLASTICIZERS LTD,       172.89,       176.07,-1.81
L,JULLUNDUR MOT AGENCY LTD,        90.58,        92.24,-1.80
L,KUSUMGAR LIMITED,       571.20,       581.65,-1.80
L,GUJARAT AMBUJA EXPORTS LT,       167.81,       170.88,-1.80
L,LASER POWER & INFRA LTD,       295.65,       301.05,-1.79
L,BETA DRUGS LIMITED,      2218.50,      2258.90,-1.79
L,JINDAL SAW LIMITED,       305.30,       310.85,-1.79
L,SIL INVESTMENTS LIMITED,       478.80,       487.50,-1.78
L,ATLANTAA LIMITED,        39.15,        39.86,-1.78
L,ROLEX RINGS LIMITED,       171.72,       174.83,-1.78
L,VMART RETAIL LTD,       824.20,       839.10,-1.78
L,FLAIR WRITING INDUST LTD,       243.71,       248.11,-1.77
L,PRAJ INDUSTRIES LTD,       335.55,       341.60,-1.77
L,WENDT (INDIA) LIMITED,      8160.00,      8307.00,-1.77
L,TEJA ENGINEERING IND L,       236.05,       240.30,-1.77
L,AETHER INDUSTRIES LIMITED,      1625.60,      1654.70,-1.76
L,ANDHRA SUGARS LTD,        99.51,       101.29,-1.76
L,3B BLACKBIO DX LTD.,      1460.10,      1486.20,-1.76
L,ACTION CONST EQUIP LTD,      1125.40,      1145.50,-1.75
L,SHIVA MILLS LIMITED,        60.50,        61.58,-1.75
L,ANTHEM BIOSCIENCES LTD,       934.05,       950.70,-1.75
L,PRESTIGE ESTATE LTD,      1587.00,      1615.20,-1.75
L,SEC RED NCD 10.6% SR. VII,      1069.50,      1088.50,-1.75
L,TRIVENI ENGG. & INDS. LTD,       275.65,       280.50,-1.73
L,HINDWARE HME INOVATON LTD,       182.61,       185.82,-1.73
L,MANKIND PHARMA LIMITED,      2327.90,      2368.80,-1.73
L,BHANSALI ENG. POLYMERS LT,       127.50,       129.74,-1.73
L,CREST VENTURES LIMITED,       359.00,       365.30,-1.72
L,KOTHARI INDUSTRIAL CORP L,       132.47,       134.79,-1.72
L,FOSECO INDIA LTD,      6263.00,      6372.50,-1.72
L,ARVIND FASHIONS LIMITED,       446.50,       454.30,-1.72
L,METALIC TECHNOFORGE LTD,       134.65,       137.00,-1.72
L,POKARNA LIMITED,       817.15,       831.40,-1.71
L,KOLTE PATIL DEV. LTD.,       441.85,       449.55,-1.71
L,SRG HOUSING FINANCE L,       245.45,       249.70,-1.70
L,INDO US BIOTECH LTD,        77.48,        78.82,-1.70
L,SUBA HOTELS LIMITED,        98.30,       100.00,-1.70
L,MAHICKRA CHEMICAL LIMITED,       290.00,       295.00,-1.69
L,PROCTER & GAMBLE HEALTH L,      5660.00,      5757.50,-1.69
L,SRM CONTRACTORS LIMITED,       462.35,       470.30,-1.69
L,LUMAX AUTO TECH LTD,      1951.90,      1985.40,-1.69
L,ARO GRANITE IND. LTD.,        24.55,        24.97,-1.68
L,TILAKNAGAR INDUSTRIES LTD,       535.10,       544.25,-1.68
L,SHREEOSWAL S AND CHE LTD,        11.72,        11.92,-1.68
L,SILGO RETAIL LIMITED,        69.97,        71.16,-1.67
L,SHREE KARNI FABCOM LTD,       380.20,       386.65,-1.67
L,BALAXI PHARMA LTD,        25.37,        25.80,-1.67
L,KAJARIA CERAMICS LTD,      1239.60,      1260.60,-1.67
L,JINDAL POLY FILMS LIMITED,       672.35,       683.70,-1.66
L,HT MEDIA LIMITED,        26.12,        26.56,-1.66
L,BLB LIMITED,        16.68,        16.96,-1.65
L,TOKYO PLAST INTL LTD,        76.51,        77.79,-1.65
L,EXXARO TILES LIMITED,         6.59,         6.70,-1.64
L,MARKSANS PHARMA LIMITED,       326.75,       332.20,-1.64
L,R.P.P INFRA PROJECTS LTD,        54.14,        55.04,-1.64
L,RACE ECO CHAIN LIMITED,        99.30,       100.94,-1.62
L,UFLEX LIMITED,       675.60,       686.70,-1.62
L,NAVIN FLUORINE INT. LTD,      8557.50,      8697.00,-1.60
L,AGRO PHOS INDIA LIMITED,        25.77,        26.19,-1.60
L,SIGMA SOLVE LIMITED,        46.66,        47.42,-1.60
L,AJANTA PHARMA LIMITED,      3464.80,      3521.10,-1.60
L,APAR INDUSTRIES LTD.,     17421.00,     17704.00,-1.60
L,PHOENIX INTERNATIONAL LTD,        29.01,        29.48,-1.59
L,TRANSWARRANTY FIN. LTD.,        12.36,        12.56,-1.59
L,GOKUL AGRO RESOURCES LTD,       231.17,       234.91,-1.59
L,BOSS PACKAGING SOLU LTD,        55.70,        56.60,-1.59
L,MONOLITHISCH INDIA LTD,      1265.65,      1286.10,-1.59
L,BLUE JET HEALTHCARE LTD,       569.80,       579.00,-1.59
L,VISHNUSURYA PROJ N INFR L,       158.00,       160.55,-1.59
L,JAI BALAJI INDUSTRIES LTD,        69.73,        70.85,-1.58
L,DSJ KEEP LEARNING LTD,         1.87,         1.90,-1.58
L,GLOBE CIVIL PROJECTS LTD,        48.15,        48.92,-1.57
L,HINDCON CHEMICALS LIMITED,        23.90,        24.28,-1.57
L,360 ONE WAM LIMITED,      1137.00,      1155.00,-1.56
L,HDB FINANCIAL SERVICES L,       682.70,       693.45,-1.55
L,DIAMINES & CHEMICALS LTD,       240.99,       244.76,-1.54
L,VISHAL MEGA MART LIMITED,       106.14,       107.80,-1.54
L,APOLLO PIPES LIMITED,       605.10,       614.55,-1.54
L,AAA TECHNOLOGIES LIMITED,        91.74,        93.17,-1.53
L,DISH TV INDIA LTD.,         2.57,         2.61,-1.53
L,GAYATRI HIGHWAYS LIMITED,         1.93,         1.96,-1.53
L,HUBTOWN LIMITED,       189.26,       192.20,-1.53
L,GANESHA ECOSPHERE LIMITED,       999.90,      1015.40,-1.53
L,VARROC ENGINEERING LTD.,       826.35,       839.15,-1.53
L,LAURUS LABS LIMITED,      1840.00,      1868.50,-1.53
L,UNO MINDA LIMITED,      1249.70,      1269.00,-1.52
L,B&B TRIPLEWALL CONT LTD,       230.22,       233.77,-1.52
L,SUN PHARMA ADV.RES.CO.LTD,       199.47,       202.54,-1.52
L,SAFE ENTER RETAIL FIX LTD,       273.00,       277.20,-1.52
L,ASHOKA BUILDCON LTD,       115.55,       117.32,-1.51
L,KABRA JEWELS LIMITED,        98.00,        99.50,-1.51
L,MRS BECTORS FOOD SPE LTD,       225.96,       229.41,-1.50
L,NELCAST LIMITED,       116.99,       118.76,-1.49
L,DE NORA INDIA LIMITED,       812.30,       824.55,-1.49
L,JUBILANT INGREVIA LIMITED,       680.30,       690.55,-1.48
L,MARICO LIMITED,       815.15,       827.40,-1.48
L,SUZLON ENERGY LIMITED,        45.35,        46.03,-1.48
L,DISHMAN CARBO AMCIS LTD,       174.38,       176.99,-1.47
L,GENXAI ANALYTICS LIMITED,        80.30,        81.50,-1.47
L,DRONE DESTINATION LIMITED,        33.50,        34.00,-1.47
L,GILLANDERS ARBUTHNOT LTD,       103.19,       104.73,-1.47
L,KEYNOTE FIN SERV LTD.,       245.05,       248.70,-1.47
L,NUCLEUS SOFTWARE EXPORTS,       729.15,       740.00,-1.47
L,MAC CHARLES (INDIA) LTD.,       670.00,       679.95,-1.46
L,NETWEB TECH INDIA LTD,      5193.00,      5270.00,-1.46
L,VOITH PAPER FABRICS IND L,      1458.60,      1480.20,-1.46
L,MAX INDIA LIMITED,       150.66,       152.89,-1.46
L,WE WIN LIMITED,        41.91,        42.53,-1.46
L,IDBI BANK LIMITED,        90.63,        91.97,-1.46
L,WALPAR NUTRITIONS LIMITED,        23.75,        24.10,-1.45
L,GODAVARI BIOREFINERIES L,       241.70,       245.25,-1.45
L,ARCL ORGANICS LTD.,       225.00,       228.30,-1.45
L,STANLEY LIFESTYLES LTD,       135.48,       137.46,-1.44
L,TEXMACO INFRA & HOLDG LTD,       115.02,       116.70,-1.44
L,VIRAT INDUSTRIES LTD.,       423.35,       429.50,-1.43
L,ORIENT HOTELS LTD,       139.93,       141.96,-1.43
L,PUDUMJEE PAPER PRO. LTD,        93.22,        94.57,-1.43
L,GOYAL ALUMINIUMS LIMITED,         6.22,         6.31,-1.43
L,RADICO KHAITAN LTD,      4494.00,      4559.00,-1.43
L,DIXON TECHNO (INDIA) LTD,     14240.00,     14445.00,-1.42
L,ORCHASP LIMITED,         1.39,         1.41,-1.42
L,RAYMOND REALTY LIMITED,       529.15,       536.75,-1.42
L,LEAP INDIA LIMITED,       150.26,       152.41,-1.41
L,TROM INDUSTRIES LIMITED,        59.50,        60.35,-1.41
L,GOYAL SALT LIMITED,       105.00,       106.50,-1.41
L,NIRAJ CEMENT STRUC LTD,        28.72,        29.13,-1.41
L,CARYSIL LIMITED,      1140.80,      1157.00,-1.40
L,PASHUPATI COTSPIN LIMITED,        81.94,        83.10,-1.40
L,LLOYDS METALS N ENERGY L,      1823.00,      1848.70,-1.39
L,DELHIVERY LIMITED,       457.90,       464.35,-1.39
L,OBEROI REALTY LIMITED,      1875.60,      1902.00,-1.39
L,AFFORD ROBO & AUTO LTD,       157.47,       159.68,-1.38
L,KPIT TECHNOLOGIES LIMITED,       575.45,       583.50,-1.38
L,MOTHERSON SUMI WRNG IND L,        36.52,        37.03,-1.38
L,GRAVITA INDIA LIMITED,      1661.60,      1684.80,-1.38
L,SONA BLW PRECISION FRGS L,       789.00,       800.00,-1.38
L,GUJ IND POW CO. LTD,       205.18,       208.04,-1.37
L,EPIGRAL LIMITED,      1219.70,      1236.70,-1.37
L,ELECTRONICS MART IND LTD,       173.74,       176.16,-1.37
L,PEARL POLYMERS LTD,        15.08,        15.29,-1.37
L,NEPHROCARE HEALTH SERV L,       697.05,       706.75,-1.37
L,TUBE INVEST OF INDIA LTD,      2698.00,      2735.40,-1.37
L,FORTIS HEALTHCARE LTD,       905.00,       917.50,-1.36
L,MSTC LIMITED,       734.20,       744.25,-1.35
L,HINDUSTAN PETROLEUM CORP,       356.50,       361.35,-1.34
L,PIONEER EMBROIDERIES LTD,        21.36,        21.65,-1.34
L,DAI-ICHI KARKARIA LTD.,       364.80,       369.75,-1.34
L,MANGALAM WORLDWIDE LTD,        38.56,        39.08,-1.33
L,BIRLASOFT LIMITED,       289.35,       293.25,-1.33
L,MANGAL CREDIT N FINCORP L,       228.33,       231.40,-1.33
L,JUPITER LIFE LINE HOSP L,       286.45,       290.30,-1.33
L,IFGL REFRACTORIES LIMITED,       204.69,       207.44,-1.33
L,AEGIS LOGISTICS LIMITED,      1270.20,      1287.20,-1.32
L,LASA SUPERGENERICS LTD,         6.73,         6.82,-1.32
L,SHRADHA REALTY LIMITED,        31.48,        31.90,-1.32
L,KUANTUM PAPERS LIMITED,        74.18,        75.16,-1.30
L,BONLON INDUSTRIES LIMITED,        40.13,        40.66,-1.30
L,CORONA REMEDIES LIMITED,      2100.10,      2127.80,-1.30
L,LG ELECTRONICS INDIA LTD,      1640.70,      1662.30,-1.30
L,SYNGENE INTERNATIONAL LTD,       395.60,       400.80,-1.30
L,BIRLASLAMC - HEALTHY,        16.84,        17.06,-1.29
L,DATAMATICS GLOBAL SER LTD,       764.90,       774.85,-1.28
L,IP RINGS LTD.,       159.99,       162.07,-1.28
L,NUVAMA WEALTH MANAGE LTD,      1815.60,      1839.20,-1.28
L,ATUL LTD,      6386.00,      6469.00,-1.28
L,MAFATLAL INDUSTRIES LTD.,       121.66,       123.24,-1.28
L,EUREKA FORBES LIMITED,       423.75,       429.25,-1.28
L,GE VERNOVA T&D INDIA LTD,      4306.30,      4362.00,-1.28
L,MEGHMANI ORGANICS LIMITED,        66.66,        67.52,-1.27
L,OLECTRA GREENTECH LIMITED,      1229.00,      1244.80,-1.27
L,SAT KARTAR LIFE LIMITED,       116.70,       118.20,-1.27
L,DEV INFO TECHNOLOGY LTD,        24.21,        24.52,-1.26
L,BHARAT FORGE LTD,      1956.00,      1981.00,-1.26
L,NARAYANA HRUDAYALAYA LTD.,      1858.50,      1882.20,-1.26
L,HONASA CONSUMER LIMITED,       471.05,       477.05,-1.26
L,DELTA AUTOCORP LIMITED,        35.35,        35.80,-1.26
L,CENTURY ENKA LTD,       608.90,       616.65,-1.26
L,BANSAL WIRE INDUSTRIES L,       315.00,       319.00,-1.25
L,PRIME CABLE INDUSTRIES L,       197.50,       200.00,-1.25
L,GTL LTD,         7.11,         7.20,-1.25
L,ADITYA INFOTECH LIMITED,      3704.60,      3751.30,-1.24
L,BERGER PAINTS (I) LTD,       485.30,       491.40,-1.24
L,PLATINUM INDUSTRIES LTD,       231.54,       234.45,-1.24
L,HUHTAMAKI INDIA LIMITED,       255.00,       258.20,-1.24
L,DALMIA BHARAT LIMITED,      1749.30,      1771.20,-1.24
L,KIRAN VYAPAR LTD.,       205.41,       207.98,-1.24
L,DECCAN TRANSCON LEASING L,        20.00,        20.25,-1.23
L,NAVKAR CORPORATION LTD.,        96.24,        97.44,-1.23
L,ROSSELL INDIA LIMITED,        56.96,        57.67,-1.23
L,THE ANUP ENGINEERING LTD,      1785.80,      1808.00,-1.23
L,CHEMBOND MATERIALTECH LTD,       170.90,       173.02,-1.23
L,CRIZAC LIMITED,       160.29,       162.27,-1.22
L,EURO PRATIK SALES LIMITED,       263.75,       267.00,-1.22
L,APOLLO SINDOORI HOTEL LTD,      1218.10,      1233.10,-1.22
L,LANCER CONTAINER LINES L,        13.03,        13.19,-1.21
L,ZYDUS WELLNESS LIMITED,       531.70,       538.20,-1.21
L,JHS SVENDGAARD RETAIL V L,        17.24,        17.45,-1.20
L,CAPLIN POINT LAB LTD.,      2810.80,      2845.00,-1.20
L,KRISHANA PHOSCHEM LIMITED,       184.13,       186.37,-1.20
L,VALUE 360 COMMUNICATION L,        74.00,        74.90,-1.20
L,BLACK BOX LIMITED,       712.25,       720.90,-1.20
L,HERANBA INDUSTRIES LTD,       173.83,       175.93,-1.19
L,ASHAPURA LOGISTICS LTD,        62.50,        63.25,-1.19
L,FREDUN PHARMACEUTICALS L,      1470.70,      1488.30,-1.18
L,VARDHMAN POLYTEX LTD.,         5.87,         5.94,-1.18
L,GOI LOAN 8.24% 2033,       108.46,       109.75,-1.18
L,SUDARSHAN COLORNT IND LTD,       383.45,       388.00,-1.17
L,RAJDARSHAN INDUSTRIES LTD,        34.65,        35.06,-1.17
L,GSS INFOTECH LIMITED,        11.03,        11.16,-1.16
L,LOVABLE LINGERIE LTD,        71.37,        72.21,-1.16
L,SADHAV SHIPPING LIMITED,       110.65,       111.95,-1.16
L,CONTROL PRINT LIMITED,       593.35,       600.30,-1.16
L,BAJAJ HEALTHCARE LIMITED,       321.45,       325.20,-1.15
L,LMW LIMITED,     18774.00,     18993.00,-1.15
L,NATCO PHARMA LTD.,       828.65,       838.30,-1.15
L,JIWANRAM SHEODUTTRA IND L,         4.30,         4.35,-1.15
L,REPRO INDIA LIMITED,       319.45,       323.15,-1.14
L,BIOCON LIMITED.,       397.40,       402.00,-1.14
L,E FACTOR EXPERIENCES LTD,       173.00,       175.00,-1.14
L,V2 RETAIL LIMITED,       216.50,       219.00,-1.14
L,EIMCO ELECON (INDIA) LTD,      2254.40,      2280.40,-1.14
L,NEXUS SELECT TRUST,       165.89,       167.80,-1.14
L,ALBERT DAVID LIMITED,       860.25,       870.15,-1.14
L,SUNRAKSHAKK INDUS IND L,       369.55,       373.80,-1.14
L,VEEKAYEM FASH & APP LTD,       113.05,       114.35,-1.14
L,V-GUARD IND LTD.,       335.40,       339.25,-1.13
L,GIC HOUSING FINANCE LTD,       140.45,       142.06,-1.13
L,NGL FINE CHEM LIMITED,      2907.50,      2940.80,-1.13
L,COLGATE PALMOLIVE LTD.,      1829.20,      1850.00,-1.12
L,SIS LIMITED,       430.95,       435.85,-1.12
L,RAMKY INFRA LTD,       347.40,       351.35,-1.12
L,JEYYAM GLOBAL FOODS LTD,        22.15,        22.40,-1.12
L,RDB REAL ESTATE CONS L,       136.83,       138.37,-1.11
L,BLS E-SERVICES LIMITED,       320.05,       323.65,-1.11
L,KRYSTAL INTEGRATED SER L,       654.60,       661.95,-1.11
L,EMS LIMITED,       383.05,       387.35,-1.11
L,SASKEN TECHNOLOGIES LTD,      1881.30,      1902.40,-1.11
L,JAMNA AUTO IND LTD,       120.69,       122.04,-1.11
L,ENTERO HEALTHCARE SOLU L,      1827.60,      1848.00,-1.10
L,MASTEK LTD,      1772.90,      1792.60,-1.10
L,ATL RE.0.50 PPD UP,         9.00,         9.10,-1.10
L,MAXVOLT ENERGY INDUS L,       324.80,       328.40,-1.10
L,HITACHI ENERGY INDIA LTD,     31650.00,     32000.00,-1.09
L,TPL PLASTECH LIMITED,        71.74,        72.53,-1.09
L,AXISCADES TECH LTD,      1711.60,      1730.40,-1.09
L,ARCHIDPLY DECOR LIMITED,        72.00,        72.79,-1.09
L,HIRECT LIMITED,      1222.40,      1235.80,-1.08
L,VIRINCHI LIMITED,        14.70,        14.86,-1.08
L,SIYARAM SILK MILLS LTD,       552.65,       558.65,-1.07
L,CONCORD ENVIRO SYSTEMS L,       262.55,       265.40,-1.07
L,AARTI PHARMALABS LIMITED,       858.80,       868.10,-1.07
L,INNOVANA THINKLABS LTD,       305.20,       308.50,-1.07
L,TALBROS AUTO. COMP. LTD,       407.75,       412.15,-1.07
L,STEEL CITY SECURITIES LTD,        85.55,        86.47,-1.06
L,GSP CROP SCIENCE LIMITED,       619.25,       625.90,-1.06
L,ASIAN ENERGY SERVICES LTD,       517.45,       523.00,-1.06
L,TAMILNAD MERCA BANK LTD,       932.45,       942.45,-1.06
L,JK PAPER LIMITED,       405.80,       410.15,-1.06
L,TRIGYN TECHNOLOGIES LTD,        58.97,        59.60,-1.06
L,POWER INSTRUMENT (G) LTD,        98.78,        99.83,-1.05
L,RUSHIL DECOR LIMITED,        16.01,        16.18,-1.05
L,TUTICORIN ALKAL CH & FE L,        60.36,        61.00,-1.05
L,BHARAT RASAYAN LTD,      1171.80,      1184.20,-1.05
L,GLOBE ENTERPRISE (I) LTD,         1.89,         1.91,-1.05
L,MEDI ASSIST HEALTH SER L,       340.35,       343.95,-1.05
L,GLOBAL VEC HELICORP LTD,       141.16,       142.65,-1.04
L,VENKY S (INDIA) LIMITED,      1659.60,      1677.10,-1.04
L,TRANSTEEL SEATING TECH L,        75.90,        76.70,-1.04
L,PAUL MERCHANTS LTD.,       488.80,       493.95,-1.04
L,PARAGON FINE S.C. LTD.,        47.50,        48.00,-1.04
L,CMR GREEN TECHNOLOGIES L,       228.34,       230.74,-1.04
L,LCC INFOTECH LTD,         3.81,         3.85,-1.04
L,BEML LIMITED,      2057.80,      2079.40,-1.04
L,ARCHIDPLY IND. LTD,       104.89,       105.99,-1.04
L,INDOSOLAR LIMITED,       272.00,       274.85,-1.04
L,MURUDESHWAR CERAMICS LTD,        29.66,        29.97,-1.03
L,LUPIN LIMITED,      2110.00,      2132.00,-1.03
L,SHYAM METALICS AND ENGY L,      1065.30,      1076.40,-1.03
L,SILVER TOUCH TECHNO LTD,       167.97,       169.72,-1.03
L,KONTOR SPACE LIMITED,        52.95,        53.50,-1.03
L,ARUNAYA ORGANICS LIMITED,        14.45,        14.60,-1.03
L,KIRLOSKAR BROTHERS LTD,      1862.00,      1881.30,-1.03
L,PATEL RETAIL LIMITED,       218.32,       220.58,-1.02
L,SANOFI INDIA LIMITED,      3158.20,      3190.80,-1.02
L,KALYANI STEELS LIMITED,       940.50,       950.20,-1.02
L,WEST COAST PAPER MILLS LT,       650.25,       656.95,-1.02
L,ZAGGLE PREPA OCEAN SER L,       180.77,       182.63,-1.02
L,INDIAN BANK,       879.70,       888.75,-1.02
L,JSW HOLDINGS LIMITED,     11472.00,     11590.00,-1.02
L,ACUTAAS CHEMICALS LIMITED,      3168.50,      3201.00,-1.02
L,ADF FOODS LIMITED,       264.80,       267.50,-1.01
L,BAJEL PROJECTS LIMITED,       183.82,       185.69,-1.01
L,MATRIX GEO SOLUTIONS LTD,        73.80,        74.55,-1.01
L,ARYAMAN FINANCIAL SERV L,       620.20,       626.50,-1.01
L,HORIZON INDUSTRIAL PRKS L,        55.13,        55.69,-1.01
L,NEULAND LAB LTD.,     22660.00,     22890.00,-1.00
L,GOI LOAN  7.18% 2033,       101.97,       103.00,-1.00
L,SDL MH 7.26% 2030,        99.00,       100.00,-1.00
L,LORENZINI APPARELS LTD,         8.91,         9.00,-1.00
L,SAMBHAAV MEDIA LTD,         5.94,         6.00,-1.00
L,SDL DL 7.75% 2041,        99.12,       100.12,-1.00
L,BAJAJ HINDUSTHAN SUGAR LT,        21.86,        22.08,-1.00
L,SUMITOMO CHEM INDIA LTD,       493.40,       498.35,-0.99
L,GANGES SECURITIES LIMITED,       118.71,       119.90,-0.99
L,MOTILALAMC - MOREALTY,        90.84,        91.75,-0.99
L,APOLLO TYRES LTD,       429.55,       433.85,-0.99
L,ACCRETION PHARMA LIMITED,       200.00,       202.00,-0.99
L,UNSEC RE NCD 10% SR.I,      1000.00,      1009.99,-0.99
L,BIRLASLAMC - MOMENTUM,        31.06,        31.37,-0.99
L,CESC LTD,       146.50,       147.96,-0.99
L,M K PROTEINS LIMITED,         4.02,         4.06,-0.99
L,SAGAR CEMENTS LIMITED,       152.86,       154.38,-0.98
L,AVANTEL LIMITED,       154.96,       156.50,-0.98
L,REFRACTORY SHAPES LIMITED,        25.25,        25.50,-0.98
L,AUTOMOTIVE AXLES LIMITED,      1688.70,      1705.40,-0.98
L,AXISAMC-HEALTHAXIS,       167.04,       168.69,-0.98
L,SURYODAY SMALL FIN BK LTD,       152.07,       153.57,-0.98
L,CHOICE INTERNATIONAL LTD,       760.95,       768.45,-0.98
L,GODREJ PROPERTIES LTD,      1982.00,      2001.50,-0.97
L,POLYPLEX CORPORATION LTD,      1191.00,      1202.70,-0.97
L,VINNY OVERSEAS LIMITED,         1.02,         1.03,-0.97
L,GOI LOAN  7.02% 2027,       102.00,       103.00,-0.97
L,PRAMARA PROMOTIONS LTD,       102.25,       103.25,-0.97
L,KAKATIYA CEM SUGAR &IND L,       109.60,       110.67,-0.97
L,AKME FINTRADE (INDIA) LTD,         9.22,         9.31,-0.97
L,PUSHPA JEWELLERS LIMITED,       108.95,       110.00,-0.95
L,SOMI CONVEYOR BELT. LTD.,        91.33,        92.21,-0.95
L,SEC RED NCD 9.30% SR. II,      1040.00,      1050.00,-0.95
L,CHAMAN LAL SETIA EXP LTD,       301.90,       304.80,-0.95
L,SHANTI OVERSEAS INDIA LTD,         6.25,         6.31,-0.95
L,UNITED NILGIRI TEA LTD,       442.80,       447.05,-0.95
L,SHREE RENUKA SUGARS LTD,        24.04,        24.27,-0.95
L,ADVANCED ENZYME TECH LTD,       293.20,       296.00,-0.95
L,SUPREME INDUSTRIES LTD,      3475.00,      3508.10,-0.94
L,B.A.G.CONVERGENCE LIMITED,       105.00,       106.00,-0.94
L,GOI LOAN  7.4% 2062,       103.00,       103.98,-0.94
L,CAPITAL INDIA FINANCE LTD,        19.98,        20.17,-0.94
L,GHCL TEXTILES LIMITED,       136.72,       138.02,-0.94
L,AGI GREENPAC LIMITED,       735.25,       742.20,-0.94
L,BHARAT SEATS LIMITED,       211.69,       213.69,-0.94
L,OPTIMUS FINANCE LTD.,        14.84,        14.98,-0.93
L,ALPA LABORATORIES LTD,        62.71,        63.30,-0.93
L,ADVANCE AGROLIFE LIMITED,       117.43,       118.53,-0.93
L,VIKAS ECOTECH LIMITED,         1.07,         1.08,-0.93
L,UNIPHOS ENTERPRISES LTD,        93.19,        94.06,-0.92
L,MANGALAM DRUG & CHEM LTD,        30.02,        30.30,-0.92
L,COHANCE LIFESCIENCES LTD,       456.60,       460.85,-0.92
L,THE PHOENIX MILLS LTD,      1942.00,      1960.00,-0.92
L,DUCOL ORGS AND COLOURS LT,       108.00,       109.00,-0.92
L,SESHAASAI TECHNOLOGIES L,       383.50,       387.05,-0.92
L,C2C ADVANCED SYSTEMS LTD,       221.80,       223.85,-0.92
L,SWAN CORP LIMITED,       281.50,       284.10,-0.92
L,L&T FINANCE LIMITED,       314.00,       316.90,-0.92
L,ENVIROTECH SYSTEMS LTD,        70.50,        71.15,-0.91
L,BAJAJ ELECT.LTD,       331.15,       334.20,-0.91
L,IDFC FIRST BANK LIMITED,        86.71,        87.50,-0.90
L,AEL 0% 2030 SR VIII,      1095.00,      1104.94,-0.90
L,JIND POL INV & FIN CO LTD,       997.45,      1006.50,-0.90
L,KNOWLEDGE REALTY TRUST,       112.49,       113.51,-0.90
L,SHREE RAMA MULTI TECH LTD,        44.12,        44.52,-0.90
L,NRB BEARING LIMITED,       447.00,       451.05,-0.90
L,LAMOSAIC INDIA LIMITED,        60.85,        61.40,-0.90
L,FAZE THREE LIMITED,       493.95,       498.40,-0.89
L,TAC INFOSEC LIMITED,       433.35,       437.25,-0.89
L,MONARCH NETWORTH CAP LTD,       377.90,       381.30,-0.89
L,SCL 9.05% 2036,    100100.00,    101000.00,-0.89
L,ENGINEERS INDIA LTD,       279.45,       281.95,-0.89
L,GLENMARK PHARMACEUTICALS,      2437.20,      2459.00,-0.89
L,ADVIK CAPITAL LTD.,         1.12,         1.13,-0.88
L,NEOCHEM BIO SOLUTIONS LTD,        95.25,        96.10,-0.88
L,AMAL LTD.,       743.20,       749.80,-0.88
L,POPULAR VEHICLES N SER L,       102.63,       103.54,-0.88
L,BHARTIYA INTERNATIONAL,       907.85,       915.85,-0.87
L,LLOYDS ENGG WORK LIMITED,        84.21,        84.95,-0.87
L,AEROFLEX INDUSTRIES LTD,       537.45,       542.15,-0.87
L,RAJPUTANA INDUSTRIES LTD,        63.00,        63.55,-0.87
L,IRM ENERGY LIMITED,       281.40,       283.85,-0.86
L,THE SOUTH INDIAN BANK LTD,        47.29,        47.70,-0.86
L,KELLTON TECH SOL LTD,        13.87,        13.99,-0.86
L,GANESH HOUSING LIMITED,       758.95,       765.50,-0.86
L,CYIENT LIMITED,      1101.80,      1111.30,-0.85
L,LE MERITE EXPORTS LIMITED,        20.93,        21.11,-0.85
L,ZODIAC CLOTHING CO. LTD.,        72.23,        72.85,-0.85
L,PARKHOTELS,       112.18,       113.14,-0.85
L,ICICIPRAMC - ICICIPHARM,       168.65,       170.09,-0.85
L,DIGIDRIVE DISTRIBUTORS L,        17.65,        17.80,-0.84
L,8.92% TAX FREE NCD,      1276.05,      1286.87,-0.84
L,ZENSAR TECHNOLOGIES  LTD,       461.55,       465.45,-0.84
L,PRATHAM EPC PROJECTS LTD,       119.00,       120.00,-0.83
L,MUTHOOT CAP SERV LTD,       241.72,       243.75,-0.83
L,SHANKAR LAL RAMPAL LTD,        39.33,        39.66,-0.83
L,STRLNG & WIL REN ENE LTD,       186.23,       187.79,-0.83
L,TINNA RUBBER AND INFR LTD,      1028.20,      1036.80,-0.83
L,SUYOG TELEMATICS LIMITED,       731.20,       737.30,-0.83
L,BANARAS BEADS LTD,       113.90,       114.85,-0.83
L,RAJ OIL MILLS LIMITED,        42.00,        42.35,-0.83
L,VISION INFRA EQUIP SOL L,       393.10,       396.35,-0.82
L,AEGIS VOPAK TERMINALS LTD,       284.50,       286.85,-0.82
L,SAHANA SYSTEM LIMITED,       920.30,       927.90,-0.82
L,VIJAYA DIAGNOSTIC CEN LTD,      1493.20,      1505.50,-0.82
L,S.A.L. STEEL LTD.,        81.37,        82.04,-0.82
L,VRAJ IRON AND STEEL LTD,       121.71,       122.71,-0.81
L,PACIFIC INDUSTRIES LTD.,       143.82,       145.00,-0.81
L,AZAD INDIA MOBILITY LTD.,        89.59,        90.32,-0.81
L,SUNFLAG IRON AND STEEL CO,       343.70,       346.50,-0.81
L,NARMADA AGROBASE LIMITED,        13.51,        13.62,-0.81
L,SATTVA ENGINEERING CSTN L,        61.50,        62.00,-0.81
L,KOTAKMAMC - KOTAKLOVOL,        20.93,        21.10,-0.81
L,NORTHERN ARC CAPITAL LTD,       302.15,       304.60,-0.80
L,BHAGYANAGAR INDIA LIMITED,       370.45,       373.45,-0.80
L,MIRAEAMC - MANV30F,       204.13,       205.78,-0.80
L,V T M LTD.,        56.12,        56.57,-0.80
L,TATAAML - NPBET,       290.32,       292.64,-0.79
L,ESPRIT STONES LIMITED,        63.00,        63.50,-0.79
L,SHIVASHRIT FOODS LIMITED,       120.00,       120.95,-0.79
L,SERVOTECH REN POW SYS LTD,        79.62,        80.25,-0.79
L,KALPATARU PROJECT INT LTD,      1406.60,      1417.70,-0.78
L,SHANTI EDU INITIATIVES L,       200.76,       202.34,-0.78
L,LG BALAKRISHNAN & BROS,      1702.80,      1716.20,-0.78
L,HAZOOR MULTI PROJECTS LTD,        19.13,        19.28,-0.78
L,MUTHOOT MICROFIN LIMITED,       205.29,       206.89,-0.77
L,VIKAS LIFECARE LIMITED,         1.29,         1.30,-0.77
L,ANZEN IND ENE YLD PLU TRU,       129.00,       130.00,-0.77
L,ICICI LOMBARD GIC LIMITED,      1510.00,      1521.70,-0.77
L,NIVA BUPA HEALTH INS CO L,        80.11,        80.73,-0.77
L,INFO EDGE (I) LTD,      1319.80,      1330.00,-0.77
L,PICCADILY AGRO INDUSTRI L,       615.75,       620.50,-0.77
L,SWELECT ENERGY SYS LTD,       572.50,       576.90,-0.76
L,AVONMORE CAP&MGT SERV LTD,        13.02,        13.12,-0.76
L,I S T LTD.,       654.55,       659.55,-0.76
L,FERMENTA BIOTECH LTD.,       498.50,       502.30,-0.76
L,RESTAURANT BRAND ASIA LTD,        97.15,        97.89,-0.76
L,GANESH INFRAWORLD LIMITED,        99.00,        99.75,-0.75
L,INTL GEMOLOGICAL INST LTD,       323.50,       325.95,-0.75
L,ORACLE FIN SERV SOFT LTD.,     12058.00,     12149.00,-0.75
L,DEEPAK NITRITE LTD,      1712.40,      1725.30,-0.75
L,P&G HYGIENE & HEALTH CARE,      7667.50,      7725.00,-0.74
L,INDIAN HUME PIPE CO. LTD.,       387.80,       390.70,-0.74
L,AFIL 12% 2028,      9900.00,      9974.00,-0.74
L,REGAAL RESOURCES LIMITED,        88.51,        89.17,-0.74
L,BLUE DART EXPRESS LTD,      4991.70,      5028.80,-0.74
L,DYNEMIC PRODUCTS LIMITED,       236.06,       237.81,-0.74
L,TRUCAP FINANCE LIMITED,         4.05,         4.08,-0.74
L,AEROFLEX ENTERPRISES LTD,       141.81,       142.86,-0.73
L,SAMBHV STEEL TUBES LTD,       128.69,       129.64,-0.73
L,PFIZER LTD,      4609.70,      4643.70,-0.73
L,OBSC PERFECTION LIMITED,       835.75,       841.90,-0.73
L,SHRI HARE-KRI SPO IRON L,        34.00,        34.25,-0.73
L,CEDAAR TEXTILE LIMITED,        13.60,        13.70,-0.73
L,T T LIMITED,         6.81,         6.86,-0.73
L,DMCC SPECIALITY CHEMICALS,       293.35,       295.50,-0.73
L,GUJARAT RAFFIA INDUST LTD,        41.00,        41.30,-0.73
L,TEAMTECH FORMWORK SOL LTD,       137.00,       138.00,-0.72
L,BRANDMAN RETAIL LIMITED,       171.30,       172.55,-0.72
L,MIRAEAMC - MAHKTECH,        22.10,        22.26,-0.72
L,DSPAMC - HEALTHADD,        16.58,        16.70,-0.72
L,UNSERENCD9.1%SRIIICIII&IV,      1107.00,      1114.99,-0.72
L,TATA TELESERV(MAHARASTRA),        37.74,        38.01,-0.71
L,JAY BEE LAMINATIONS LTD,        84.35,        84.95,-0.71
L,PILANI INV & IND COR LTD,      4323.80,      4354.50,-0.71
L,MIRAEAMC - EVINDIA,        32.44,        32.67,-0.70
L,TASTY BITE EATABLES LTD,      9982.00,     10052.00,-0.70
L,KRBL LIMITED,       421.95,       424.90,-0.69
L,DCW LTD,        45.98,        46.30,-0.69
L,WESTERN CARRIERS (IND) L,        83.38,        83.96,-0.69
L,IIFL TR I SR VII,      1012.00,      1019.00,-0.69
L,ALLIED DIGITAL SERV. LTD,       104.13,       104.85,-0.69
L,2.5%GOLDBONDS2029SR-VI,     15246.68,     15352.09,-0.69
L,BATA INDIA LTD,       672.75,       677.40,-0.69
L,WEALTH FRST PORT. MG. LTD,       841.70,       847.50,-0.68
L,SEC RED NCD 9.43% SR. VI,      1003.00,      1009.90,-0.68
L,SBIAMC - SBIETFPB,       283.57,       285.51,-0.68
L,SURAJ LIMITED,       201.79,       203.17,-0.68
L,VOLTAS LTD,      1170.00,      1178.00,-0.68
L,BHARTI HEXACOM LIMITED,      1495.40,      1505.60,-0.68
L,AVT NATURAL PRODUCTS LTD,        91.02,        91.64,-0.68
L,GRAVISS HOSPITALITY LTD.,        29.40,        29.60,-0.68
L,VILAS TRANSCORE LIMITED,       353.70,       356.10,-0.67
L,NLC INDIA LIMITED,       273.05,       274.90,-0.67
L,ARISINFRA SOLUTIONS LTD,       128.56,       129.43,-0.67
L,ICICIPRAMC - ICICITECH,        34.01,        34.24,-0.67
L,PYRAMID TECHNOPLAST LTD,       153.83,       154.87,-0.67
L,ON DOOR CONCEPTS LIMITED,       289.60,       291.55,-0.67
L,BENGAL & ASSAM CO. LTD.,      6332.50,      6375.00,-0.67
L,TATA INVESTMENT CORP LTD,       633.70,       637.95,-0.67
L,MCLEOD RUSSEL INDIA LTD.,        46.30,        46.61,-0.67
L,UTIAMC-MIDCAPBETA,       233.21,       234.77,-0.66
L,KARMA ENERGY LIMITED,        37.45,        37.70,-0.66
L,JAIN RESOURCE RECYCLING L,       277.95,       279.80,-0.66
L,ELGI RUBBER CO. LTD,        58.69,        59.08,-0.66
L,ASAHI INDIA GLASS LIMITED,       955.90,       962.25,-0.66
L,MRPL,       174.83,       175.99,-0.66
L,NAVNEET EDUCATION LTD,       131.21,       132.08,-0.66
L,INDIABULLS LIMITED,        25.67,        25.84,-0.66
L,DCB BANK LIMITED,       220.74,       222.20,-0.66
L,BIRLASLAMC - ABGSEC,       113.58,       114.33,-0.66
L,SBIAMC - SBIETFQLTY,       221.86,       223.32,-0.65
L,AU SMALL FINANCE BANK LTD,      1065.00,      1072.00,-0.65
L,GRANULES INDIA LIMITED,       848.30,       853.85,-0.65
L,HINDUSTAN CONSTRUCTION CO,        22.98,        23.13,-0.65
L,BEML LAND ASSETS LIMITED,       160.88,       161.93,-0.65
L,SWARNSARITA JEWELS IND L,        35.25,        35.48,-0.65
L,JUSTDIAL LTD.,       692.85,       697.35,-0.65
L,AFCONS INFRASTRUCTURE LTD,       292.80,       294.70,-0.64
L,STUDDS ACCESSORIES LTD,       424.20,       426.95,-0.64
L,TANKUP ENGINEERS LIMITED,      1598.00,      1608.35,-0.64
L,MAGELLANIC CLOUD LIMITED,        26.29,        26.46,-0.64
L,FINO PAYMENTS BANK LTD,       139.33,       140.23,-0.64
L,CREATIVE GRAPHICS S IND L,       147.60,       148.55,-0.64
L,BHAGIRADHA CHEM & INDS L,       264.60,       266.30,-0.64
L,M&M FIN. SERVICES LTD,       373.65,       376.05,-0.64
L,GREENLAM INDUSTRIES LTD.,       242.62,       244.17,-0.63
L,TATA TECHNOLOGIES LIMITED,       800.00,       805.10,-0.63
L,MOTILALAMC - MOLOWVOL,        36.12,        36.35,-0.63
L,MOTILALAMC - MOHEALTH,        51.84,        52.17,-0.63
L,MOSCHIP TECHNOLOGIES LTD,       212.22,       213.57,-0.63
L,SICAGEN INDIA LIMITED,        58.28,        58.65,-0.63
L,METROGLOBAL LTD.,       136.14,       137.00,-0.63
L,PTC INDIA FIN SERV LTD,        26.94,        27.11,-0.63
L,BANSWARA SYNTEX LIMITED,       117.05,       117.78,-0.62
L,FIBERWEB INDIA LIMITED,        25.75,        25.91,-0.62
L,ALUFLUORIDE LTD.,       499.05,       502.15,-0.62
L,TATA ELXSI LIMITED,      3558.00,      3580.00,-0.61
L,GROWWAMC - GROWWEV,        32.37,        32.57,-0.61
L,ADITYA BIRLA MONEY LTD,       126.37,       127.15,-0.61
L,SANDHAR TECHNOLOGIES LTD,       624.00,       627.85,-0.61
L,ICICIPRAMC - ICICIALPLV,        27.59,        27.76,-0.61
L,MAN INDUSTRIES (I) LTD.,       788.55,       793.40,-0.61
L,EXCELSOFT TECHNOLOGIES L,        70.23,        70.66,-0.61
L,UTIAMC-SNXT50BETA,        94.98,        95.56,-0.61
L,SESHASAYEE PAPER & BOARDS,       233.09,       234.51,-0.61
L,GRINDWELL NORTON LIMITED,      1962.50,      1974.40,-0.60
L,ISF 9.75% NCD 2028,     99000.00,     99599.00,-0.60
L,OSWAL AGRO MILLS LTD,        36.66,        36.88,-0.60
L,PREMIER ENERGIES LIMITED,      1002.00,      1008.00,-0.60
L,TUNWAL E-MOTORS LIMITED,        25.10,        25.25,-0.59
L,SAGARDEEP ALLOYS LIMITED,        23.62,        23.76,-0.59
L,AHLADA ENGINEERS LIMITED,        37.29,        37.51,-0.59
L,EMAMI LIMITED,       366.05,       368.20,-0.58
L,NIP IND ETF IT,        34.09,        34.29,-0.58
L,SHUBHSHREE BIOFUELS ENE L,       349.95,       352.00,-0.58
L,GLOBUS SPIRITS LTD,       914.30,       919.65,-0.58
L,LADDERUP FINANCE LTD.,        51.40,        51.70,-0.58
L,MAWANA SUGARS LIMITED,       145.43,       146.27,-0.57
L,MBL INFRASTRUCTURE LTD,        24.30,        24.44,-0.57
L,CMS INFO SYSTEMS LIMITED,       243.46,       244.86,-0.57
L,SHARDA CROPCHEM LTD.,       768.35,       772.75,-0.57
L,JK TYRE & INDUSTRIES LTD,       367.35,       369.45,-0.57
L,KNACK PACKAGING LIMITED,       187.30,       188.37,-0.57
L,MUNJAL AUTO IND. LTD.,       112.28,       112.92,-0.57
L,BLS INTL SERVS LTD,       238.79,       240.15,-0.57
L,DIFFUSION ENGINEERS LTD,       474.90,       477.60,-0.57
L,AEL 9.15% 2028 SR IV,      1019.22,      1025.00,-0.56
L,SUMMIT SECURITIES LTD,      1434.20,      1442.30,-0.56
L,ALLCARGO LOGISTICS LTD,        12.44,        12.51,-0.56
L,GENUS POWER INFRASTRU LTD,       337.80,       339.70,-0.56
L,JBM AUTO LIMITED,       625.60,       629.10,-0.56
L,MIRAEAMC - HEALTHCARE,        21.51,        21.63,-0.55
L,UNSE RE NCD 0% SR.III,      1659.70,      1668.95,-0.55
L,RAJAPALAYAM MILLS LTD.,       795.30,       799.70,-0.55
L,UPL LIMITED,       582.15,       585.35,-0.55
L,PARNAX LAB LTD.,       134.80,       135.54,-0.55
L,8.20 NCD05MAR27 FV 1000,      1053.01,      1058.75,-0.54
L,EVEREST KANTO CYLINDERLTD,       106.42,       107.00,-0.54
L,METROPOLIS HEALTHCARE LTD,       588.70,       591.90,-0.54
L,UFO MOVIEZ INDIA LTD.,        65.09,        65.44,-0.53
L,FINE ORGANIC IND. LTD.,      5152.00,      5179.50,-0.53
L,BELRISE INDUSTRIES LTD,       236.86,       238.11,-0.52
L,MINDA CORPORATION LTD,       702.80,       706.50,-0.52
L,INDOGULF CROPSCIENCES LTD,        72.89,        73.27,-0.52
L,AXISAMC-CONSUMAXIS,       119.02,       119.64,-0.52
L,DUCON INFRATECHNOLOGIES L,         1.92,         1.93,-0.52
L,GOI TBILL 182D-26/02/27,        96.50,        97.00,-0.52
L,HIGHWAY INFRASTRUCTURE L,        44.45,        44.68,-0.51
L,GUJARAT MINERAL DEV CORP,       562.95,       565.85,-0.51
L,BEEKAY STEEL INDS. LTD.,       417.40,       419.55,-0.51
L,FSN E COMMERCE VENTURES,       332.50,       334.20,-0.51
L,VISHWARAJ SUGAR IND LTD,         5.90,         5.93,-0.51
L,GOI LOAN  6.01% 2030,        98.50,        99.00,-0.51
L,ANDHRA CEMENTS LIMITED,        43.36,        43.58,-0.50
L,ELECON ENG. CO. LTD,       433.75,       435.95,-0.50
L,BIKAJI FOODS INTERN LTD,       584.20,       587.15,-0.50
L,INDOKEM LTD.,       625.55,       628.70,-0.50
L,SOLEX ENERGY LIMITED,       725.30,       728.95,-0.50
L,GOI LOAN   6.79% 2031,       100.50,       101.00,-0.50
L,GOI LOAN  7.24% 2055,        96.82,        97.30,-0.49
L,GOI LOAN  6.8% 2060,        91.00,        91.45,-0.49
L,ZEN TECHNOLOGIES LIMITED,      1801.40,      1810.30,-0.49
L,ESTER INDUSTRIES LTD,        93.57,        94.03,-0.49
L,8.91%S-R-NCD SERIES 3B,      1273.74,      1280.00,-0.49
L,SIGNPOST INDIA LIMITED,       244.25,       245.45,-0.49
L,KRISHNA INST OF MED SCI L,       764.10,       767.85,-0.49
L,JINDAL PHOTO LIMITED,      1021.20,      1026.20,-0.49
L,THAAI CASTING LIMITED,       123.00,       123.60,-0.49
L,EVEREADY INDS. IND.  LTD.,       317.90,       319.45,-0.49
L,PETRONET LNG LIMITED,       288.10,       289.50,-0.48
L,AEL 8.85% 2028 SR III,      1030.00,      1035.00,-0.48
L,KOTAKMAMC - QUALITY30,        20.65,        20.75,-0.48
L,RALLIS INDIA LTD,       208.82,       209.83,-0.48
L,VAISHALI PHARMA LIMITED,         8.32,         8.36,-0.48
L,AAKAAR MEDICAL TECHNO LTD,        62.70,        63.00,-0.48
L,KOVAI MEDICAL CENTER & HO,      6062.50,      6091.50,-0.48
L,LAKSHMI FIN IND CORP LTD,       134.64,       135.28,-0.47
L,KANSAI NEROLAC PAINTS LTD,       194.20,       195.11,-0.47
L,VALOR ESTATE LIMITED,       102.57,       103.05,-0.47
L,UTIAMC-ITBETA,       322.95,       324.46,-0.47
L,IFB INDUSTRIES LTD,      1305.70,      1311.80,-0.47
L,CAPTAIN POLYPLAST LIMITED,        62.11,        62.40,-0.46
L,FEDERAL BANK LTD,       343.00,       344.60,-0.46
L,COMMERCIAL SYN BAGS LTD,       301.30,       302.70,-0.46
L,HEALTHCARE GLOB. ENT. LTD,       700.20,       703.45,-0.46
L,SHRE PUSH CHEM & FERT LTD,       475.25,       477.45,-0.46
L,DHATRE UDYOG LTD.,         4.33,         4.35,-0.46
L,TIME TECHNOPLAST LTD.,       188.49,       189.36,-0.46
L,MOTILALAMC - MOALPHA50,        56.36,        56.62,-0.46
L,MIRAEAMC - ITETF,        32.54,        32.69,-0.46
L,ENERGY MISSION MACH IND L,       120.10,       120.65,-0.46
L,GK ENERGY LIMITED,       128.96,       129.55,-0.46
L,ANANT RAJ LIMITED,       625.45,       628.30,-0.45
L,REMUS PHARMACEUTICALS L,       890.05,       894.10,-0.45
L,INDBANK MERCH BANK,        28.58,        28.71,-0.45
L,RAMDEVBABA SOLVENT LTD,        88.10,        88.50,-0.45
L,JTEKT INDIA LIMITED,       121.27,       121.82,-0.45
L,GREENCHEF APPLIANCES LTD,        66.20,        66.50,-0.45
L,HDFCAMC - HDFCBSE500,        37.56,        37.73,-0.45
L,KWALITY WALL'S (INDIA) L,        42.12,        42.31,-0.45
L,PRICOL LIMITED,       764.95,       768.40,-0.45
L,NILA INFRASTRUCTURES LTD,         6.67,         6.70,-0.45
L,GEM AROMATICS LIMITED,       161.50,       162.22,-0.44
L,GROWWAMC - GROWWHOSPI,        51.83,        52.06,-0.44
L,HVAX TECHNOLOGIES LIMITED,       667.00,       669.95,-0.44
L,LIBERTY SHOES LTD,       233.27,       234.30,-0.44
L,INVICTA DIAGNOSTIC LTD,        68.00,        68.30,-0.44
L,DCX SYSTEMS LIMITED,       168.83,       169.57,-0.44
L,SHIV AUM STEELS LIMITED,       448.05,       450.00,-0.43
L,OWAIS METAL & MINERAL,        80.45,        80.80,-0.43
L,MRF LTD,    129945.00,    130510.00,-0.43
L,THYROCARE TECH LTD,       576.15,       578.65,-0.43
L,HMA AGRO INDUSTRIES LTD,        20.84,        20.93,-0.43
L,NIPPON L I A M LTD,      1159.90,      1164.90,-0.43
L,BANK OF MAHARASHTRA,        85.95,        86.32,-0.43
L,PIX TRANSMISSIONS LIMITED,      1791.70,      1799.40,-0.43
L,HILTON METAL FORGING LTD,        18.63,        18.71,-0.43
L,RAMA PHOSPHATES LIMITED,       123.48,       124.01,-0.43
L,SBIAMC - SBIETFIT,       340.64,       342.10,-0.43
L,MIRAEAMC - MAGS813ETF,        30.37,        30.50,-0.43
L,APEX FROZEN FOODS LIMITED,       375.15,       376.75,-0.42
L,THIRUMALAI CHEMICALS LTD,       157.19,       157.86,-0.42
L,HDFCAMC - HDFCNIFIT,        32.86,        33.00,-0.42
L,LINDE INDIA LIMITED,      6346.00,      6373.00,-0.42
L,CELLO WORLD LIMITED,       342.00,       343.45,-0.42
L,SINCLAIRS HOTELS LIMITED,        83.50,        83.85,-0.42
L,ROUTE MOBILE LIMITED,       501.55,       503.65,-0.42
L,RUBICON RESEARCH LIMITED,      1768.30,      1775.70,-0.42
L,SBI CARDS & PAY SER LTD,       658.25,       661.00,-0.42
L,AARON INDUSTRIES LIMITED,       128.45,       128.98,-0.41
L,SATHLOKHAR SYN E&C GLOB L,       400.60,       402.25,-0.41
L,JAGRAN PRAKASHAN LIMITED,        60.98,        61.23,-0.41
L,NILA SPACES LIMITED,        12.23,        12.28,-0.41
L,BAHETI RECYCLING IND LTD,       846.00,       849.45,-0.41
L,MIRAEAMC - MIDSMALL,        51.82,        52.03,-0.40
L,NITTA GELATIN INDIA LTD.,      1632.50,      1639.10,-0.40
L,MODI RUBBER LTD,       131.30,       131.83,-0.40
L,GRAND OAK CANYONS DIST L,        34.84,        34.98,-0.40
L,JUNIPER HOTELS LIMITED,       216.82,       217.69,-0.40
L,MIRAEAMC - HYBRIDETF,        10.03,        10.07,-0.40
L,HCL INFOSYSTEMS LTD,        10.10,        10.14,-0.39
L,BEARDSELL LIMITED,        25.31,        25.41,-0.39
L,BHARAT BIJLEE LTD,      2289.30,      2298.30,-0.39
L,MERCANTILE VENTURES LTD.,        25.45,        25.55,-0.39
L,GRAPHISADS LIMITED,        25.50,        25.60,-0.39
L,PRAMODINI MEDICARE LTD,       114.80,       115.25,-0.39
L,9.01% TAX FREETRII SR3B,      1280.00,      1284.99,-0.39
L,GILLETTE INDIA LTD,      7312.50,      7341.00,-0.39
L,CHEMCRUX ENTERPRISES LTD.,        82.16,        82.48,-0.39
L,GROWWAMC - GROWWLOVOL,        10.30,        10.34,-0.39
L,MANBA FINANCE LIMITED,       128.95,       129.45,-0.39
L,MANAPPURAM FINANCE LTD,       339.70,       341.00,-0.38
L,HISAR METAL IND. LIMITED,       162.19,       162.81,-0.38
L,INDO FARM EQUIPMENT LTD,       134.03,       134.54,-0.38
L,UTIAMC-GILT10BETA,        26.58,        26.68,-0.37
L,AMRUTAJAN HEALTH LTD,       505.45,       507.35,-0.37
L,TAJ GVK HOTELS & RESORTS,       332.55,       333.80,-0.37
L,UNITED BREWERIES LTD,      1279.40,      1284.20,-0.37
L,GOI LOAN 7.10% 2029,       104.00,       104.39,-0.37
L,LIFE INSURA CORP OF INDIA,       415.35,       416.90,-0.37
L,KRITIKA WIRES LIMITED,         5.37,         5.39,-0.37
L,SEC RE NCD SR IV,      1210.50,      1215.00,-0.37
L,EMMVEE PHOTOVOLTAIC PWR L,       325.20,       326.40,-0.37
L,MARUSHIKA TECHNOLOGY LTD,       109.60,       110.00,-0.36
L,JAYSHREE TEA & INDUSTRIES,        98.95,        99.31,-0.36
L,W P I L LTD.,       443.90,       445.50,-0.36
L,STAR HEALTH & AL INS CO L,       557.35,       559.35,-0.36
L,MOHITE INDUSTRIES LTD.,         2.79,         2.80,-0.36
L,PIRAMAL FINANCE LIMITED,      2225.00,      2232.90,-0.35
L,GRAUER & WEIL IND LTD,        70.59,        70.84,-0.35
L,MEESHO LIMITED,       209.00,       209.74,-0.35
L,TIPS MUSIC LIMITED,       649.75,       652.05,-0.35
L,PREMIER EXPLOSIVES LTD,       664.00,       666.35,-0.35
L,SBIAMC - SBIETFCON,       119.89,       120.31,-0.35
L,GOI LOAN  7.06% 2041,       100.15,       100.50,-0.35
L,VINEET LABORATORIES LTD,        37.37,        37.50,-0.35
L,ICICIPRAMC - ICICIAUTO,        28.81,        28.91,-0.35
L,GOI LOAN  7.36% 2052,       101.15,       101.50,-0.34
L,ECOS (INDIA) MOB & HOSP L,       113.54,       113.93,-0.34
L,M TEK COPPER LIMITED,        58.30,        58.50,-0.34
L,HDFCAMC - HDFCLOWVOL,        20.48,        20.55,-0.34
L,FIRSTSOURCE SOLU. LTD.,       264.40,       265.30,-0.34
L,EXCEL INDUSTRIES LTD,      1031.40,      1034.90,-0.34
L,GLOTTIS LIMITED,        62.10,        62.31,-0.34
L,SBI FUNDS MANAGEMENT LTD,       562.10,       564.00,-0.34
L,TFB 7.62% 2035 SR. 3B,      1217.00,      1221.06,-0.33
L,TSF INVESTMENTS LIMITED,       404.70,       406.05,-0.33
L,INDOWIND ENERGY LTD,         9.02,         9.05,-0.33
L,JSW INFRASTRUCTURE LTD,       333.00,       334.10,-0.33
L,HDFCAMC - HDFCGROWTH,       118.29,       118.68,-0.33
L,KARUR VYSYA BANK LTD,       348.85,       350.00,-0.33
L,AMJ LAND HOLDINGS LIMITED,        39.47,        39.60,-0.33
L,MIRAEAMC - SMALLCAP,        48.90,        49.06,-0.33
L,CAMPUS ACTIVEWEAR LIMITED,       223.24,       223.97,-0.33
L,ICICIPRAMC - ICICICONSU,       120.67,       121.06,-0.32
L,BOMBAY BURMAH TRADING COR,      1496.80,      1501.60,-0.32
L,NILE LTD.,      1465.80,      1470.50,-0.32
L,CAPITAL SMALL FIN BANK L,       280.95,       281.85,-0.32
L,SPR AUTO TECHNOLOGIES LTD,      4536.90,      4551.30,-0.32
L,INDUSTRIAL & PRU INV CO L,      6305.00,      6325.00,-0.32
L,ESCORTS KUBOTA LIMITED,      2968.80,      2978.20,-0.32
L,TRANSPORT CORPN OF INDIA,       868.20,       870.90,-0.31
L,MOTILALAMC - MOMNC,        32.19,        32.29,-0.31
L,TEGA INDUSTRIES LIMITED,      1548.00,      1552.80,-0.31
L,BANDHANAMC - IDFNIFTYET,       264.49,       265.31,-0.31
L,REDINGTON LIMITED,       371.30,       372.45,-0.31
L,SILLY MONKS ENTERTAIN LTD,        16.19,        16.24,-0.31
L,VCCL 12.5% 2031,     97199.00,     97499.00,-0.31
L,K2 INFRAGEN LIMITED,        48.80,        48.95,-0.31
L,DSPAMC - DSPIT,        32.57,        32.67,-0.31
L,ICICI PRUDENTIAL AMC LTD,      2970.90,      2980.00,-0.31
L,HSG & URBAN DEV CORPN LTD,       180.52,       181.07,-0.30
L,ADVENT HOTELS INTERNATI L,       134.57,       134.98,-0.30
L,SURANI STEEL TUBES LTD.,        99.70,       100.00,-0.30
L,R R I L LTD.,        16.66,        16.71,-0.30
L,KOTAKMAMC - CHEMICAL,        30.20,        30.29,-0.30
L,LINCOLN PHARMA LTD,       620.80,       622.65,-0.30
L,SOLARWORLD ENERGY SOL LTD,       149.32,       149.76,-0.29
L,INNOVISION LIMITED,       254.90,       255.65,-0.29
L,KOTAKMAMC - KOTAKIT,        34.09,        34.19,-0.29
L,ORIENT PAPER AND INDS LTD,        17.08,        17.13,-0.29
L,USHA MARTIN LTD.,       514.15,       515.65,-0.29
L,DODLA DAIRY LIMITED,      1066.80,      1069.90,-0.29
L,VA TECH WABAG LTD,      2005.30,      2011.10,-0.29
L,SHREYANS INDUSTRIES LTD,       128.93,       129.30,-0.29
L,AESTHETIK ENGINEERS LTD,        69.80,        70.00,-0.29
L,BF UTILITIES LIMITED,       542.45,       544.00,-0.28
L,SBIAMC - SETF10GILT,       263.10,       263.85,-0.28
L,OMAX AUTOS LTD,       183.07,       183.59,-0.28
L,DOLLAR INDUSTRIES LIMITED,       264.25,       265.00,-0.28
L,TARSONS PRODUCTS LIMITED,       335.55,       336.50,-0.28
L,CLAY CRAFT INDIA LIMITED,       159.40,       159.85,-0.28
L,KOTHARI PRODUCTS LTD,        67.39,        67.58,-0.28
L,SEC RE NCD 8.65% SR.V,       991.00,       993.76,-0.28
L,ADANI TOTAL GAS LIMITED,       612.35,       614.05,-0.28
L,ICICIPRAMC - EVIETF,        32.47,        32.56,-0.28
L,MANGALAM CEMENT LTD,      1095.20,      1098.20,-0.27
L,GOI TBILL 91D-12/11/26,        98.69,        98.96,-0.27
L,GROWWAMC - GROWWMOM50,        10.99,        11.02,-0.27
L,TTK HEALTHCARE LIMITED,      1100.20,      1103.20,-0.27
L,MAHARASHTRA SCOOTERS LTD,     13602.00,     13639.00,-0.27
L,TRUALT BIOENERGY LIMITED,       425.25,       426.40,-0.27
L,RELIABLE DATA SERVICE LTD,       140.88,       141.26,-0.27
L,GANDHI SPL. TUBES LTD,       900.15,       902.55,-0.27
L,RELIANCE INDUSTRIAL INFRA,       750.95,       752.95,-0.27
L,D-LINK INDIA LTD,       451.15,       452.35,-0.27
L,PRECOT LIMITED,       698.05,       699.90,-0.26
L,VEDANTA POWER LIMITED,        34.20,        34.29,-0.26
L,NHPC LTD,        76.25,        76.45,-0.26
L,DAM CAPITAL ADVISORS LTD,       144.90,       145.28,-0.26
L,SIRCA PAINT INDIA LIMITED,       439.25,       440.40,-0.26
L,AXISAMC - ENERGYAXIS,        19.15,        19.20,-0.26
L,HDFCAMC - HDFCMOMENT,        30.99,        31.07,-0.26
L,NIRLON LTD,       620.00,       621.60,-0.26
L,AVP INFRACON LIMITED,        58.25,        58.40,-0.26
L,KHAITAN (INDIA)LTD.,       162.00,       162.41,-0.25
L,ELPRO INTERNATIONAL LTD,       174.00,       174.44,-0.25
L,NIPPONAMC - NETFAUTO,       287.47,       288.19,-0.25
L,KOTAKMAMC - KOTAKCONS,        11.98,        12.01,-0.25
L,ATLANTA ELECTRICALS LTD,      1881.70,      1886.40,-0.25
L,PERSISTENT SYSTEMS LTD,      5643.00,      5657.00,-0.25
L,RUDRA GLOBAL INFRA PROD L,        20.33,        20.38,-0.25
L,MAHINDRA HOLIDAYS LTD,       207.40,       207.91,-0.25
L,SPENCER S RETAIL LIMITED,        28.50,        28.57,-0.25
L,GOI TBILL 364D-29/10/26,        98.85,        99.09,-0.24
L,BEHARI LAL ENGINEERING L,       453.15,       454.25,-0.24
L,NIP IND ETF PSU BANK BEES,        95.45,        95.68,-0.24
L,EDELAMC - ELM250,        16.61,        16.65,-0.24
L,THE GROB TEA COMPANY LTD,       977.65,       980.00,-0.24
L,ADITYA BIRLA REAL EST LTD,      1373.60,      1376.90,-0.24
L,NAHAR INDS ENT LTD,       137.63,       137.96,-0.24
L,SRI KPR INDUSTRIES LTD.,        33.38,        33.46,-0.24
L,COUNTRY CLUB HOSP HOL LTD,        12.61,        12.64,-0.24
L,7.69% TAX FREETRII SR2B,      1136.80,      1139.50,-0.24
L,S CHAND AND COMPANY LTD,       136.41,       136.73,-0.23
L,ARHAM TECHNOLOGIES LTD,       213.95,       214.45,-0.23
L,CENTUM ELECTRONICS LTD,      3767.30,      3776.10,-0.23
L,MOTILALAMC - MOMIDMTM,        64.55,        64.70,-0.23
L,RAMCO INDUSTRIES LIMITED,       323.25,       324.00,-0.23
L,DELTA CORP LIMITED,        56.12,        56.25,-0.23
L,GOI LOAN  7.71% 2066,       103.66,       103.90,-0.23
L,MIRAEAMC - MOMMIDCAP,        12.99,        13.02,-0.23
L,G R INFRAPROJECTS LIMITED,       869.10,       871.10,-0.23
L,SEC RE NCD 8.89% SR.VIII,       991.20,       993.47,-0.23
L,VINATI ORGANICS LTD,      1310.70,      1313.70,-0.23
L,AAKASH EXPLORATION SER L,         8.75,         8.77,-0.23
L,RPSG VENTURES LIMITED,       831.40,       833.30,-0.23
L,L&T TECHNOLOGY SER. LTD.,      3493.30,      3501.20,-0.23
L,PLASTIBLENDS INDIA LTD,       187.91,       188.33,-0.22
L,BRIGHTCOM GROUP LIMITED,         8.98,         9.00,-0.22
L,HEXA TRADEX LIMITED,       157.65,       158.00,-0.22
L,MIRAEAMC - BANKPSU,        86.14,        86.33,-0.22
L,SBIAMC - SBIMIDMOM,        63.73,        63.87,-0.22
L,TVS SRICHAKRA LIMITED,      5237.50,      5249.00,-0.22
L,DSPAMC - NEXT50ADD,        73.52,        73.68,-0.22
L,GHCL LIMITED,       436.60,       437.55,-0.22
L,GOI LOAN 9.20% 2030,       115.25,       115.50,-0.22
L,AXISAMC-ITAXIS,       339.03,       339.76,-0.21
L,BHARAT DYNAMICS LIMITED,      1255.00,      1257.70,-0.21
L,GALA PRECISION ENG LTD,      1024.00,      1026.20,-0.21
L,NEWMALAYALAM STEEL LTD,        23.85,        23.90,-0.21
L,ASHOK LEYLAND LTD,       169.00,       169.35,-0.21
L,ASIAN TEA & EXPORTS LTD.,         9.74,         9.76,-0.20
L,BIRLASLAMC - ABSLMSCIN,        29.44,        29.50,-0.20
L,ICICIPRAMC - ICICI500,        39.33,        39.41,-0.20
L,KOTAKMAMC - KOTAKALPHA,        54.16,        54.27,-0.20
L,VESUVIUS INDIA LTD,       419.15,       420.00,-0.20
L,INDIAN ENERGY EXC LTD,       118.91,       119.15,-0.20
L,RNFI SERVICES LIMITED,       299.15,       299.75,-0.20
L,DSPAMC - DSPQ50ETF,        25.01,        25.06,-0.20
L,GOI LOAN   6.64% 2027,       101.20,       101.40,-0.20
L,HDFCAMC HDFCPSUBK,        86.16,        86.33,-0.20
L,SEC RED NCD 10.15% SR. VI,      1017.00,      1019.00,-0.20
L,ECL 8.88% 2028 SR V,       982.10,       984.01,-0.19
L,AHIMSA INDUSTRIES LTD.,        25.75,        25.80,-0.19
L,GUJARAT ENERGY LIMITED,       263.59,       264.10,-0.19
L,SERENCD8.65%SR.IIICIII&IV,      1009.05,      1011.00,-0.19
L,MAHINDRA LIFESPACE DEVLTD,       362.40,       363.10,-0.19
L,MOTILALAMC - MOTOUR,        77.74,        77.89,-0.19
L,LIBAS CONSU PRODUCTS LTD,        10.46,        10.48,-0.19
L,GARWARE HI-TECH FILMS LTD,      7086.50,      7100.00,-0.19
L,MEGHNA INFRACON INFRA L,       717.05,       718.40,-0.19
L,NITIN SPINNERS LIMITED,       639.05,       640.25,-0.19
L,BIRLASLAMC - NIFTYQLITY,        21.32,        21.36,-0.19
L,NITCO LIMITED,        96.10,        96.28,-0.19
L,3P LAND HOLDINGS LIMITED,        32.39,        32.45,-0.18
L,DSPAMC - DSPPSBKETF,        86.43,        86.59,-0.18
L,SANSERA ENGINEERING LTD,      3782.60,      3789.60,-0.18
L,NIP IND ETF CONSUMPTION,       129.78,       130.02,-0.18
L,PRIVI SPECIALITY CHE LTD,      3367.30,      3373.50,-0.18
L,NIPPONAMC - NETFPHARMA,        27.32,        27.37,-0.18
L,SAREGAMA INDIA LIMITED,       492.75,       493.65,-0.18
L,KALYANI INVEST CO LTD,      5203.00,      5212.50,-0.18
L,MILKY MIST DAIRY FOOD L,       252.43,       252.89,-0.18
L,KOTAKMAMC - KOTAKMNC,        33.21,        33.27,-0.18
L,INDIAMART INTERMESH LTD,      1726.40,      1729.50,-0.18
L,ATMASTCO LIMITED,       139.50,       139.75,-0.18
L,ANDREW YULE & CO. LTD.,        27.93,        27.98,-0.18
L,YES BANK LIMITED,        22.50,        22.54,-0.18
L,DSPAMC - BANK10ADD,        16.93,        16.96,-0.18
L,NIRMAN AGRI GENTICS LTD,        28.30,        28.35,-0.18
L,UNSEC RE NCD 9.60% SR.II,      1002.24,      1004.00,-0.18
L,GUJARAT ALKALIES & CHEM,       721.60,       722.85,-0.17
L,VAKRANGEE LIMITED,         5.79,         5.80,-0.17
L,TV TODAY NETWORK LTD,       110.95,       111.14,-0.17
L,ELDECO HSG & IND LTD.,       789.10,       790.45,-0.17
L,PRISM JOHNSON LIMITED,       111.12,       111.31,-0.17
L,FINOLEX INDUSTRIES LTD,       158.63,       158.90,-0.17
L,BROOKFIELD INDIA RET,       341.79,       342.37,-0.17
L,IC ELECTRICALS COMPANY L,       119.05,       119.25,-0.17
L,CONTAINER CORP OF IND LTD,       508.00,       508.85,-0.17
L,ELECTROSTEEL CASTINGS LTD,        83.71,        83.85,-0.17
L,TAX FREE  7.53% SR. 103 A,      1137.00,      1138.89,-0.17
L,ESAB INDIA LTD,      6067.50,      6077.50,-0.16
L,SG FINSERVE LIMITED,       675.70,       676.80,-0.16
L,BHEL,       431.10,       431.80,-0.16
L,MOTILALAMC - MOSMALL250,        18.52,        18.55,-0.16
L,DSPAMC - SMALLADD,        18.53,        18.56,-0.16
L,ANTONY WASTE HDG CELL LTD,       370.80,       371.40,-0.16
L,HERO MOTOCORP LIMITED,      5300.00,      5308.50,-0.16
L,ASTER DM QUALITY CARE LTD,       785.75,       787.00,-0.16
L,PARK MEDI WORLD LIMITED,       286.25,       286.70,-0.16
L,ASTRAL LIMITED,      1492.90,      1495.20,-0.15
L,VMS TMT LIMITED,        45.46,        45.53,-0.15
L,MANGALAM ORGANICS LIMITED,       489.50,       490.25,-0.15
L,ORIENT TECHNOLOGIES LTD,       238.39,       238.75,-0.15
L,TURTLEMINT FINTECH SOLS L,       144.08,       144.29,-0.15
L,MIRAEAMC - MAMFGETF,       165.23,       165.47,-0.15
L,SAPPHIRE FOODS INDIA LTD,       228.43,       228.76,-0.14
L,MIRAEAMC - SELECTIPO,        48.65,        48.72,-0.14
L,DSPAMC - DSPPVBKETF,        28.34,        28.38,-0.14
L,MOTILALAMC - MOQUALITY,       198.73,       199.01,-0.14
L,SENORES PHARMACEUTICALS L,      1428.40,      1430.40,-0.14
L,GULSHAN POLYOLS LIMITED,       186.01,       186.27,-0.14
L,SHADOWFAX TECHNOLOGIES L,       259.55,       259.90,-0.13
L,NIP IND ETF SHARIAH BEES,       452.84,       453.44,-0.13
L,MV ELECTROSYSTEMS LIMITED,       729.70,       730.65,-0.13
L,PRATAAP SNACKS LIMITED,      1158.30,      1159.80,-0.13
L,VINDHYA TELELINKS LTD,      2732.70,      2736.20,-0.13
L,HDFCAMC - HDFCMID150,        23.50,        23.53,-0.13
L,PIRAMAL PHARMA LIMITED,       214.22,       214.49,-0.13
L,OSWAL PUMPS LIMITED,       279.20,       279.55,-0.13
L,EQUITAS SMALL FIN BNK LTD,        72.95,        73.04,-0.12
L,ANUPAM RASAYAN INDIA LTD,      1238.70,      1240.20,-0.12
L,ASSAM ENTRADE LIMITED,       830.00,       831.00,-0.12
L,COASTAL CORPORATION LTD,        41.88,        41.93,-0.12
L,CEINSYS TECH LIMITED,       677.85,       678.65,-0.12
L,PATANJALI FOODS LIMITED,       342.50,       342.90,-0.12
L,BLUE STAR LIMITED,      1484.00,      1485.70,-0.11
L,DSPAMC - MIDBANKADD,        17.50,        17.52,-0.11
L,GOPAL SNACKS LIMITED,       265.10,       265.40,-0.11
L,MANIPAL HEALTH ENTERPRI L,       725.20,       726.00,-0.11
L,TVS ELECTRONICS LTD,       420.85,       421.30,-0.11
L,TIPS FILMS LIMITED,       331.00,       331.35,-0.11
L,UNSE RE NCD 9.6% SR.II,      1003.63,      1004.68,-0.10
L,MATRIMONY.COM LIMITED,       529.05,       529.60,-0.10
L,NDR AUTO COMPONENTS LTD,       723.45,       724.20,-0.10
L,GOI LOAN  7.37% 2028,       106.47,       106.58,-0.10
L,5PAISA CAPITAL LIMITED,       342.10,       342.45,-0.10
L,AUSTRALIAN PREM SOLAR I L,       244.75,       245.00,-0.10
L,IRB INFRA DEV LTD.,        19.65,        19.67,-0.10
L,STEEL AUTHORITY OF INDIA,       196.80,       197.00,-0.10
L,ICICI PRU LIFE INS CO LTD,       494.55,       495.05,-0.10
L,BLUE CLOUD SOFTECH SOLU L,        19.88,        19.90,-0.10
L,CENTURY PLYBOARDS (I) LTD,       748.45,       749.20,-0.10
L,JAYANT AGRO ORGANICS LTD,       230.60,       230.83,-0.10
L,SHRI BAJRANG ALLIANCE L,       160.67,       160.83,-0.10
L,CCL PRODUCTS (I) LTD,      1106.20,      1107.30,-0.10
L,VIP CLOTHING LIMITED,        20.15,        20.17,-0.10
L,ICRA LIMITED,      4884.50,      4889.30,-0.10
L,MIRZA INTERNATIONAL LIMIT,        30.96,        30.99,-0.10
L,SAINT GOBAIN SEKUR IND L,       114.56,       114.67,-0.10
L,HEXAWARE TECHNOLOGIES LTD,       528.60,       529.10,-0.09
L,KSE LTD.,       180.12,       180.29,-0.09
L,BAGMANE PRIME OFFICE REIT,       106.28,       106.38,-0.09
L,KAVERI SEED CO. LTD.,       744.10,       744.80,-0.09
L,SOUTH WEST PINNACLE LTD,       212.92,       213.12,-0.09
L,SUVEN LIFE SCIENCES LTD,       378.00,       378.35,-0.09
L,BOND 8.10% PA TAX FREE S2,      1082.00,      1083.00,-0.09
L,RELIGARAMC - IVZSENSEX,        76.56,        76.63,-0.09
L,BOND 8.65% PA TF TI-SIIB,      1107.00,      1108.00,-0.09
L,GROWWAMC - GROWWMC150,       233.51,       233.72,-0.09
L,7.64% TAX FREE TRI SRIIB,      1118.00,      1119.00,-0.09
L,SANOFI CONS HEALTHC IND L,      4201.70,      4205.40,-0.09
L,ICE MAKE REFRIGERAT LTD,       738.60,       739.25,-0.09
L,SBIAMC - SBINMID150,        23.30,        23.32,-0.09
L,ODIGMA CONSULTANCY SOL L,        23.45,        23.47,-0.09
L,KOTAKMAMC - MID150,        23.61,        23.63,-0.08
L,AXISAMC-BNKETFAXIS,       592.50,       593.00,-0.08
L,MIRAEAMC - MAM150ETF,        23.73,        23.75,-0.08
L,BOND 9.01%PA TF TR-I S 3B,      6378.63,      6384.00,-0.08
L,GARUDA CONSTRUCT N ENG L,       178.73,       178.88,-0.08
L,SUPREME INFRA. LTD.,        83.42,        83.49,-0.08
L,SURYA ROSHNI LTD,       216.49,       216.66,-0.08
L,ARCHIES LTD,        12.90,        12.91,-0.08
L,TATAAML - TNIDETF,        90.94,        91.01,-0.08
L,SERENCD8.84%SRVICIII&IV,       992.00,       992.76,-0.08
L,SBI-ETF NIFTY BANK,       590.86,       591.31,-0.08
L,AXTEL INDUSTRIES LTD.,       394.50,       394.80,-0.08
L,N.B.I. IND. FIN. CO. LTD,      1981.90,      1983.40,-0.08
L,JINDAL STAINLESS LIMITED,       737.85,       738.40,-0.07
L,LEXUS GRANITO (INDIA) LTD,        13.53,        13.54,-0.07
L,ALLCARGO GLOBAL LIMITED,        13.65,        13.66,-0.07
L,MIRAEAMC - EQUAL200,        13.82,        13.83,-0.07
L,HIND ALUMINIUM INDS. LTD.,        97.43,        97.50,-0.07
L,JKUMAR INFR.LTD.,       487.35,       487.70,-0.07
L,TANEJA AEROSPACE & AVIA L,       282.15,       282.35,-0.07
L,DSPAMC - DSPNEWETF,       340.33,       340.57,-0.07
L,ORIENT CERATECH LIMITED,        43.91,        43.94,-0.07
L,MUKESH BABU FINANC SER L,       133.91,       134.00,-0.07
L,NIP IND ETF LONGTERM GILT,        29.84,        29.86,-0.07
L,KOTAKMAMC-KOTAKBKETF,        59.71,        59.75,-0.07
L,WINDLAS BIOTECH LIMITED,      1126.35,      1127.10,-0.07
L,EURO PANEL PRODUCTS LTD,       151.00,       151.10,-0.07
L,LICNAMC - LICNFESGP,       862.89,       863.46,-0.07
L,ENERGY DEVE. CO.LTD,        15.49,        15.50,-0.06
L,KRISHCA STRAPPING SLTN L,       161.85,       161.95,-0.06
L,EMERALD TYRE MANUF LTD,        81.95,        82.00,-0.06
L,GEOJIT FINANCIAL SER L,        82.72,        82.77,-0.06
L,ADITYA VISION LIMITED,       600.05,       600.40,-0.06
L,ALKEM LABORATORIES LTD.,      5190.00,      5193.00,-0.06
L,BOND 8.71% TAX FREE S2B,      1121.42,      1122.06,-0.06
L,CARRARO INDIA LIMITED,       533.65,       533.95,-0.06
L,SHERA ENERGY LIMITED,       182.30,       182.40,-0.05
L,KOTAKMAMC - KOTAKMID50,        18.51,        18.52,-0.05
L,VLS FINANCE LTD,       246.44,       246.57,-0.05
L,INDUS INFRA TRUST,       133.94,       134.01,-0.05
L,ALICON CASTALLOY LIMITED,       684.20,       684.55,-0.05
L,EDELAMC - BBETF0432,      1342.30,      1342.98,-0.05
L,VRL LOGISTICS LIMITED,       297.70,       297.85,-0.05
L,DATA PATTERNS INDIA LTD,      4585.00,      4587.30,-0.05
L,NIPPONAMC - MANUFGBEES,       163.73,       163.81,-0.05
L,SEC RED NCD 9.30% SR. II,      1042.00,      1042.50,-0.05
L,INVESCO INDIA NIFTY ETF,       274.53,       274.66,-0.05
L,MUNJAL SHOWA LTD,       129.21,       129.27,-0.05
L,JUBILANT FOODWORKS LTD,       482.70,       482.90,-0.04
L,HDFCAMC - HDFCNIF100,        25.93,        25.94,-0.04
L,GOI LOAN 10.18% 2026,       104.96,       105.00,-0.04
L,Z F STEERING GEAR (I) LTD,       667.50,       667.75,-0.04
L,INGERSOLL-RAND INDIA LTD,      4844.70,      4846.40,-0.04
L,ICICIPRAMC - PSUBANKICI,        86.53,        86.56,-0.03
L,RELIANCE CHEMOTEX IND LTD,       116.73,       116.77,-0.03
L,RAJPUTANA STAINLESS LTD,       181.50,       181.56,-0.03
L,ZERODHAAMC - LTGILTCASE,        30.41,        30.42,-0.03
L,ZEE ENTERTAINMENT ENT LTD,        91.61,        91.64,-0.03
L,GOI LOAN  7.34% 2064,        98.85,        98.88,-0.03
L,SANDUR MANG & IRON ORES L,       197.83,       197.89,-0.03
L,LAXMI DENTAL LIMITED,       199.14,       199.20,-0.03
L,BIRLASLAMC - TECH,        33.81,        33.82,-0.03
L,RAM RATNA WIRES LIMITED,       560.65,       560.80,-0.03
L,ANAWIL WIRE AND ENGIN LTD,       382.40,       382.50,-0.03
L,EMPIRE INDUSTRIES LTD.,      1195.60,      1195.90,-0.03
L,BF INVESTMENT LIMITED,       469.35,       469.45,-0.02
L,ZODIAC ENERGY LIMITED,       240.17,       240.22,-0.02
L,SUNSHIELD CHEMICALS LTD.,      1144.90,      1145.10,-0.02
L,UTIAMC-BANKBETA,        59.57,        59.58,-0.02
L,MADRAS FERTILISERS LTD,        65.12,        65.13,-0.02
L,SUNIL HEALTHCARE LTD.,        79.98,        79.99,-0.01
L,SONAL MERCANTILE LTD.,        88.98,        88.99,-0.01
L,ETHOS LIMITED,      2792.80,      2793.10,-0.01
L,MIRAEAMC - MANXT50,       755.10,       755.13,-0.00
L,SEC RED NCD 8.85% SR. VI,      1077.00,      1077.02,-0.00
L,SBIAMC - LIQUIDSBI,      1000.00,      1000.01,-0.00
