MKT,SERIES,SYMBOL,SECURITY,PREV_CL_PR,OPEN_PRICE,HIGH_PRICE,LOW_PRICE,CLOSE_PRICE,NET_TRDVAL,NET_TRDQTY,IND_SEC,CORP_IND,TRADES,HI_52_WK,LO_52_WK
Y, , ,Nifty 50,     23873.45,     23910.90,     24005.75,     23895.85,     23897.70,1161633618900.02,6115795223,Y, ,35661613,     26373.20,     22182.55
Y, , ,NIFTY50 EQL Wgt,     32567.70,     32614.35,     32690.70,     32571.25,     32587.20,0.00,0,Y, ,0,         0.00,         0.00
Y, , ,NIFTY100 EQL Wgt,     34618.05,     34665.60,     34715.05,     34601.60,     34602.75,0.00,0,Y, ,0,         0.00,         0.00
Y, , ,NIFTY100 LowVol30,     19941.05,     19977.80,     20016.10,     19913.55,     19913.55,0.00,0,Y, ,0,         0.00,         0.00
Y, , ,NIFTY Alpha 50,     56618.75,     56702.10,     56723.70,     56382.40,     56408.30,0.00,0,Y, ,0,         0.00,         0.00
Y, , ,NIFTY MIDCAP 150,     23220.50,     23229.75,     23278.65,     23163.35,     23168.35,0.00,0,Y, ,0,     23647.50,     19218.00
Y, , ,NIFTY SMLCAP 50,      9987.95,     10022.55,     10064.35,     10002.30,     10019.50,0.00,0,Y, ,0,     10064.35,      7338.35
Y, , ,NIFTY SMLCAP 250,     18444.95,     18496.20,     18551.00,     18469.25,     18481.40,0.00,0,Y, ,0,     18551.00,     14143.45
Y, , ,NIFTY MIDSML 400,     21495.25,     21521.45,     21566.85,     21472.40,     21478.20,0.00,0,Y, ,0,     21770.30,     17390.85
Y, , ,NIFTY200 QUALTY30,     20336.95,     20371.15,     20373.20,     20220.40,     20220.50,0.00,0,Y, ,0,         0.00,         0.00
Y, , ,Nifty FinSrv25 50,     28084.50,     28145.65,     28357.70,     28141.35,     28217.10,0.00,0,Y, ,0,         0.00,         0.00
Y, , ,NIFTY AlphaLowVol,     26723.65,     26746.85,     26748.00,     26629.45,     26640.75,0.00,0,Y, ,0,         0.00,         0.00
Y, , ,Nifty200Momentm30,     30734.95,     30752.80,     30821.55,     30623.85,     30718.25,0.00,0,Y, ,0,         0.00,         0.00
Y, , ,Nifty100ESGSecLdr,      3998.55,      4004.25,      4020.85,      4002.35,      4005.80,0.00,0,Y, ,0,         0.00,         0.00
Y, , ,NIFTY100 ESG,      4955.75,      4962.75,      4972.75,      4954.35,      4954.35,0.00,0,Y, ,0,         0.00,         0.00
Y, , ,NIFTY M150 QLTY50,     24311.50,     24292.00,     24308.45,     24184.40,     24191.90,0.00,0,Y, ,0,         0.00,         0.00
Y, , ,NIFTY INDIA MFG,     16271.80,     16272.60,     16288.85,     16207.10,     16221.40,0.00,0,Y, ,0,         0.00,         0.00
Y, , ,Nifty200 Alpha 30,     26624.25,     26642.35,     26755.10,     26555.10,     26626.05,0.00,0,Y, ,0,         0.00,         0.00
Y, , ,NiftyM150Momntm50,     63843.65,     63785.65,     63977.60,     63578.05,     63611.25,0.00,0,Y, ,0,         0.00,         0.00
Y, , ,Nifty50 USD,      8753.95,      8753.95,      8807.20,      8710.30,      8762.45,0.00,0,Y, ,0,         0.00,         0.00
Y, , ,Nifty IT,     30838.85,     30956.15,     31263.20,     30656.70,     30695.10,0.00,0,Y, ,0,     40301.40,     25699.10
Y, , ,Nifty Next 50,     73051.85,     73133.50,     73207.30,     72871.70,     72880.90,0.00,0,Y, ,0,     75000.40,     59896.10
Y, , ,Nifty Bank,     57380.60,     57492.65,     57677.15,     57324.55,     57369.65,0.00,0,Y, ,0,     61764.85,     49954.85
Y, , ,NIFTY MIDCAP 100,     63235.20,     63243.75,     63407.80,     63063.10,     63079.05,0.00,0,Y, ,0,     64450.90,     52032.85
Y, , ,Nifty 500,     23254.05,     23286.50,     23349.90,     23254.15,     23254.15,0.00,0,Y, ,0,     24144.20,     20385.65
Y, , ,Nifty 100,     25013.45,     25050.55,     25132.10,     25022.55,     25023.15,0.00,0,Y, ,0,     26975.15,     22720.45
Y, , ,Nifty Midcap 50,     18170.25,     18185.70,     18226.20,     18114.65,     18127.75,0.00,0,Y, ,0,     18500.95,     14804.55
Y, , ,Nifty Realty,       916.15,       916.75,       923.20,       904.55,       907.90,0.00,0,Y, ,0,       974.50,       638.65
Y, , ,Nifty Infra,      9204.20,      9211.40,      9252.60,      9197.80,      9197.80,0.00,0,Y, ,0,      9792.60,      8426.65
Y, , ,Nifty Energy,     38140.80,     38146.65,     38189.10,     38016.15,     38067.85,0.00,0,Y, ,0,     41828.55,     32890.30
Y, , ,Nifty FMCG,     45955.65,     46035.20,     46134.55,     45803.10,     45892.75,0.00,0,Y, ,0,     57445.20,     45334.15
Y, , ,Nifty MNC,     32219.65,     32272.00,     32277.30,     32100.15,     32110.95,0.00,0,Y, ,0,     34028.00,     27597.20
Y, , ,Nifty Pharma,     26658.65,     26659.55,     26695.00,     26461.40,     26478.10,0.00,0,Y, ,0,     27188.45,     21149.90
Y, , ,Nifty PSE,      9706.65,      9722.40,      9737.80,      9692.25,      9710.15,0.00,0,Y, ,0,     10839.05,      9342.00
Y, , ,Nifty PSU Bank,      8552.60,      8574.35,      8603.75,      8514.75,      8514.85,0.00,0,Y, ,0,      9918.65,      7027.75
Y, , ,Nifty Serv Sector,     30575.05,     30641.80,     30753.00,     30575.55,     30575.55,0.00,0,Y, ,0,     34549.75,     28232.65
Y, , ,Nifty Auto,     27837.40,     27873.95,     27884.70,     27673.70,     27710.90,0.00,0,Y, ,0,     29865.50,     23560.10
Y, , ,Nifty Metal,     13176.05,     13198.85,     13382.30,     13144.65,     13317.45,0.00,0,Y, ,0,     13931.35,      9800.25
Y, , ,Nifty Media,      1560.75,      1557.90,      1567.80,      1553.25,      1565.45,0.00,0,Y, ,0,      1643.80,      1245.05
Y, , ,NIFTY SMLCAP 100,     20050.75,     20121.65,     20187.80,     20077.40,     20095.45,0.00,0,Y, ,0,     20187.80,     14986.00
Y, , ,Nifty 200,     13911.20,     13928.00,     13969.65,     13908.35,     13908.50,0.00,0,Y, ,0,     14700.95,     12396.10
Y, , ,Nifty Div Opps 50,      5809.45,      5824.45,      5828.85,      5803.05,      5803.05,0.00,0,Y, ,0,      6584.65,      5614.00
Y, , ,Nifty Commodities,      9750.60,      9757.25,      9829.80,      9720.00,      9803.85,0.00,0,Y, ,0,     10569.65,      8873.15
Y, , ,Nifty Consumption,     11644.80,     11654.85,     11656.50,     11596.45,     11597.70,0.00,0,Y, ,0,     12716.20,     10298.50
Y, , ,Nifty Fin Service,     25923.05,     25988.90,     26174.00,     25987.10,     26051.00,0.00,0,Y, ,0,     28562.50,     23373.95
Y, , ,Nifty50 Div Point,       193.19,       196.79,       196.79,       196.79,       196.79,0.00,0,Y, ,0,         0.00,         0.00
Y, , ,Nifty100 Liq 15,      7498.00,      7511.65,      7551.80,      7500.80,      7500.80,0.00,0,Y, ,0,      7785.85,      6565.70
Y, , ,Nifty CPSE,      6439.35,      6449.05,      6449.35,      6416.25,      6419.80,0.00,0,Y, ,0,      7593.35,      6101.90
Y, , ,Nifty GrowSect 15,     11350.25,     11361.25,     11384.05,     11299.25,     11307.20,0.00,0,Y, ,0,     12852.45,     10329.35
Y, , ,Nifty50 PR 2x Lev,     11676.30,     11711.45,     11803.35,     11696.90,     11698.60,0.00,0,Y, ,0,     31895.45,      1056.45
Y, , ,Nifty50 PR 1x Inv,       223.00,       222.65,       222.80,       221.80,       222.80,0.00,0,Y, ,0,     31895.45,       197.80
Y, , ,Nifty50 TR 2x Lev,     17796.65,     17855.60,     17995.70,     17833.45,     17836.00,0.00,0,Y, ,0,     31895.45,      1056.45
Y, , ,Nifty50 TR 1x Inv,       180.90,       180.65,       180.75,       179.90,       180.75,0.00,0,Y, ,0,     31895.45,       161.80
Y, , ,Nifty50 Value 20,     11798.80,     11821.00,     11873.60,     11810.50,     11817.40,0.00,0,Y, ,0,     13684.40,     11528.60
Y, , ,Nifty Mid Liq 15,     17237.05,     17311.00,     17426.75,     17290.30,     17338.65,0.00,0,Y, ,0,     17721.85,     13702.75
Y, , ,Nifty Pvt Bank,     27747.85,     27795.25,     27932.50,     27734.00,     27824.50,0.00,0,Y, ,0,     29748.45,     23957.45
Y, , ,NIFTY100 Qualty30,      5637.55,      5652.85,      5655.70,      5615.00,      5615.00,0.00,0,Y, ,0,         0.00,         0.00
Y, , ,Nifty GS 8 13Yr,      3040.59,      3041.15,      3043.84,      3040.48,      3040.60,0.00,0,Y, ,0,         0.00,         0.00
Y, , ,Nifty GS 10Yr,      2659.65,      2660.15,      2662.59,      2659.20,      2659.40,0.00,0,Y, ,0,         0.00,         0.00
Y, , ,Nifty GS 10Yr Cln,       866.86,       866.86,       867.68,       866.55,       866.62,0.00,0,Y, ,0,         0.00,         0.00
Y, , ,Nifty GS 4 8Yr,      3339.87,      3340.47,      3343.96,      3340.47,      3341.37,0.00,0,Y, ,0,         0.00,         0.00
Y, , ,Nifty GS 11 15Yr,      3370.05,      3370.70,      3373.96,      3369.04,      3371.74,0.00,0,Y, ,0,         0.00,         0.00
Y, , ,Nifty GS 15YrPlus,      3530.21,      3530.94,      3533.19,      3529.74,      3529.74,0.00,0,Y, ,0,         0.00,         0.00
Y, , ,Nifty GS Compsite,      3129.34,      3129.94,      3132.72,      3129.94,      3130.08,0.00,0,Y, ,0,         0.00,         0.00
Y, , ,NIFTY HEALTHCARE,     16552.20,     16548.95,     16573.30,     16400.70,     16408.05,0.00,0,Y, ,0,     16941.70,     13536.50
Y, , ,NIFTY CONSR DURBL,     39652.70,     39556.35,     39609.65,     39364.65,     39483.80,0.00,0,Y, ,0,     40964.55,     32587.95
Y, , ,NIFTY OIL AND GAS,     11164.65,     11157.60,     11238.45,     11152.20,     11187.65,0.00,0,Y, ,0,     12445.70,     10580.95
Y, , ,NIFTY500 MULTICAP,     16559.45,     16584.95,     16626.35,     16561.50,     16561.60,0.00,0,Y, ,0,     16847.15,     14102.20
Y, , ,NIFTY LARGEMID250,     16670.70,     16686.25,     16723.95,     16654.90,     16654.90,0.00,0,Y, ,0,     17077.75,     14445.65
Y, , ,NIFTY MID SELECT,     14760.00,     14780.90,     14823.20,     14712.85,     14713.65,0.00,0,Y, ,0,     15089.75,     12046.20
Y, , ,NIFTY TOTAL MKT,     13144.00,     13163.65,     13198.75,     13148.10,     13148.10,0.00,0,Y, ,0,     13548.00,     11436.55
Y, , ,NIFTY MICROCAP250,     26288.90,     26381.95,     26482.65,     26366.35,     26466.20,0.00,0,Y, ,0,     26612.50,     18858.50
Y, , ,NIFTY IND DIGITAL,      8773.25,      8787.15,      8847.25,      8758.55,      8761.45,0.00,0,Y, ,0,      9723.25,      7233.65
Y, , ,Nifty Tata 25 Cap,     14352.25,     14373.45,     14405.65,     14303.75,     14367.00,0.00,0,Y, ,0,     15588.85,     13218.65
Y, , ,Nifty MidSml Hlth,     52175.60,     52180.50,     52244.65,     51883.05,     51936.75,0.00,0,Y, ,0,     53040.55,     40352.90
Y, , ,Nifty Multi Mfg,     16787.10,     16795.05,     16821.25,     16746.95,     16769.35,0.00,0,Y, ,0,     17180.30,     14148.20
Y, , ,Nifty Multi Infra,     14469.35,     14487.95,     14535.20,     14450.85,     14453.25,0.00,0,Y, ,0,     14885.80,     12542.85
Y, , ,BHARATBOND-APR30,      1610.58,      1610.90,      1611.14,      1610.90,      1611.14,0.00,0,Y, ,0,         0.00,         0.00
Y, , ,BHARATBOND-APR31,      1460.65,      1460.94,      1460.95,      1460.94,      1460.94,0.00,0,Y, ,0,         0.00,         0.00
Y, , ,BHARATBOND-APR32,      1324.23,      1324.48,      1324.49,      1324.40,      1324.40,0.00,0,Y, ,0,         0.00,         0.00
Y, , ,BHARATBOND-APR33,      1283.54,      1283.80,      1283.80,      1283.15,      1283.15,0.00,0,Y, ,0,         0.00,         0.00
Y, , ,Nifty Ind Defence,      9670.90,      9722.95,      9825.20,      9706.10,      9708.85,0.00,0,Y, ,0,      9977.60,      7184.90
Y, , ,Nifty Ind Tourism,      7835.30,      7835.05,      7858.70,      7816.05,      7816.30,0.00,0,Y, ,0,      9380.65,      6502.65
Y, , ,Nifty Capital Mkt,      5357.20,      5406.40,      5453.35,      5389.40,      5419.35,0.00,0,Y, ,0,      5697.10,      4111.65
Y, , ,Nifty500Momentm50,     54963.70,     55017.05,     55123.95,     54727.90,     54778.70,0.00,0,Y, ,0,         0.00,         0.00
Y, , ,NiftyMS400 MQ 100,     51755.20,     51789.80,     51810.90,     51490.15,     51529.60,0.00,0,Y, ,0,         0.00,         0.00
Y, , ,NiftySml250MQ 100,     49077.45,     49257.85,     49391.35,     49134.60,     49171.75,0.00,0,Y, ,0,         0.00,         0.00
Y, , ,Nifty Top 10 EW,      8587.05,      8604.55,      8645.35,      8593.30,      8593.30,0.00,0,Y, ,0,         0.00,         0.00
Y, , ,Nifty AQL 30,     22582.35,     22586.10,     22588.10,     22391.05,     22391.05,0.00,0,Y, ,0,         0.00,         0.00
Y, , ,Nifty AQLV 30,     19890.55,     19932.40,     19933.35,     19824.75,     19838.35,0.00,0,Y, ,0,         0.00,         0.00
Y, , ,Nifty EV,      3243.85,      3243.15,      3244.15,      3212.50,      3217.05,0.00,0,Y, ,0,         0.00,         0.00
Y, , ,Nifty HighBeta 50,      4423.40,      4432.70,      4471.30,      4432.70,      4450.60,0.00,0,Y, ,0,         0.00,         0.00
Y, , ,Nifty New Consump,     11992.65,     11998.10,     12034.10,     11963.90,     11964.65,0.00,0,Y, ,0,         0.00,         0.00
Y, , ,Nifty Corp MAATR,     38471.00,     38540.95,     38787.15,     38498.85,     38713.55,0.00,0,Y, ,0,         0.00,         0.00
Y, , ,Nifty Low Vol 50,     24296.45,     24334.10,     24357.15,     24256.50,     24256.60,0.00,0,Y, ,0,         0.00,         0.00
Y, , ,Nifty Mobility,     23122.60,     23142.65,     23208.90,     23054.60,     23057.60,0.00,0,Y, ,0,         0.00,         0.00
Y, , ,Nifty Qlty LV 30,     16455.45,     16468.95,     16470.50,     16340.75,     16342.90,0.00,0,Y, ,0,         0.00,         0.00
Y, , ,Nifty Sml250 Q50,     25353.35,     25414.30,     25469.45,     25359.40,     25390.30,0.00,0,Y, ,0,         0.00,         0.00
Y, , ,Nifty Top 15 EW,      9664.70,      9685.00,      9722.25,      9672.00,      9672.00,0.00,0,Y, ,0,         0.00,         0.00
Y, , ,Nifty100 Alpha 30,     17944.00,     17970.55,     17995.35,     17893.85,     17952.60,0.00,0,Y, ,0,         0.00,         0.00
Y, , ,Nifty100 Enh ESG,      4988.60,      4995.60,      5005.75,      4986.95,      4986.95,0.00,0,Y, ,0,         0.00,         0.00
Y, , ,Nifty200 Value 30,     14811.95,     14823.05,     14866.70,     14765.85,     14821.90,0.00,0,Y, ,0,         0.00,         0.00
Y, , ,Nifty500 EW,     15008.60,     15033.85,     15067.15,     15020.50,     15024.90,0.00,0,Y, ,0,         0.00,         0.00
Y, , ,Nifty Multi MQ 50,     41850.15,     41820.05,     41845.90,     41544.75,     41586.05,0.00,0,Y, ,0,         0.00,         0.00
Y, , ,Nifty500 Value 50,     16008.00,     16028.85,     16040.20,     15963.55,     15997.00,0.00,0,Y, ,0,         0.00,         0.00
Y, , ,Nifty Top 20 EW,      8793.20,      8809.40,      8823.90,      8782.05,      8782.05,0.00,0,Y, ,0,         0.00,         0.00
Y, , ,Nifty CoreHousing,     15573.90,     15528.25,     15557.45,     15433.50,     15459.45,0.00,0,Y, ,0,     16610.25,     12788.20
Y, , ,Nifty FinSerExBnk,     31925.00,     31992.50,     32302.60,     31992.50,     32179.70,0.00,0,Y, ,0,     33301.05,     26788.05
Y, , ,Nifty Housing,     11792.60,     11790.15,     11825.70,     11760.95,     11795.05,0.00,0,Y, ,0,     12244.25,     10358.70
Y, , ,Nifty IPO,      2406.65,      2417.15,      2431.45,      2416.20,      2424.30,0.00,0,Y, ,0,      2431.45,      1774.60
Y, , ,Nifty MS Fin Serv,     22693.10,     22779.00,     22951.85,     22760.45,     22818.45,0.00,0,Y, ,0,     23193.65,     17785.60
Y, , ,Nifty MS Ind Cons,     18588.30,     18572.55,     18639.60,     18510.70,     18520.35,0.00,0,Y, ,0,     20135.15,     15614.35
Y, , ,Nifty MS IT Telcm,     10141.00,     10190.30,     10276.25,     10183.60,     10205.90,0.00,0,Y, ,0,     10591.60,      7748.35
Y, , ,Nifty NonCyc Cons,     15015.20,     15019.80,     15048.80,     14962.30,     14963.70,0.00,0,Y, ,0,     16774.20,     13311.10
Y, , ,Nifty Rural,     15111.25,     15129.55,     15175.35,     15087.20,     15095.40,0.00,0,Y, ,0,     16396.40,     13751.35
Y, , ,Nifty Shariah 25,      7892.45,      7907.25,      7913.55,      7842.75,      7851.85,0.00,0,Y, ,0,      8562.10,      7196.60
Y, , ,Nifty Trans Logis,     25753.05,     25781.55,     25834.50,     25661.25,     25671.20,0.00,0,Y, ,0,     27025.05,     21355.40
Y, , ,Nifty50 Shariah,      4224.10,      4234.30,      4245.85,      4209.60,      4212.70,0.00,0,Y, ,0,      4982.45,      4082.25
Y, , ,Nifty500 LMS Eql,     18582.90,     18611.90,     18654.15,     18583.70,     18583.75,0.00,0,Y, ,0,     18831.80,     15495.10
Y, , ,Nifty500 Shariah,      6970.50,      6977.35,      6983.15,      6942.65,      6943.25,0.00,0,Y, ,0,      7291.95,      6162.95
Y, , ,Nifty500 Qlty50,     19674.05,     19738.65,     19787.10,     19620.55,     19624.60,0.00,0,Y, ,0,         0.00,         0.00
Y, , ,Nifty500 LowVol50,     22011.35,     22039.85,     22041.20,     21894.10,     21903.55,0.00,0,Y, ,0,         0.00,         0.00
Y, , ,Nifty500 MQVLv50,     30428.55,     30456.10,     30461.85,     30320.00,     30322.90,0.00,0,Y, ,0,         0.00,         0.00
Y, , ,Nifty500 Flexicap,      9948.15,      9978.55,      9993.20,      9953.30,      9964.55,0.00,0,Y, ,0,         0.00,         0.00
Y, , ,Nifty TMMQ 50,     44503.90,     44496.05,     44556.45,     44223.95,     44285.55,0.00,0,Y, ,0,         0.00,         0.00
Y, , ,Nifty FPI 150,      1554.35,      1555.60,      1559.95,      1553.70,      1553.70,0.00,0,Y, ,0,      1641.40,      1346.50
Y, , ,Nifty SME Emerge,     14761.70,     14774.45,     14791.60,     14740.60,     14768.65,0.00,0,Y, ,0,     17223.65,     11015.55
Y, , ,Nifty Internet,      1455.65,      1456.65,      1472.95,      1456.65,      1460.80,0.00,0,Y, ,0,      1501.90,      1056.45
Y, , ,Nifty Chemicals,     30322.45,     30364.65,     30377.65,     30096.30,     30101.80,0.00,0,Y, ,0,     31895.45,     24851.65
Y, , ,Nifty Waves,      1869.10,      1876.00,      1897.10,      1872.65,      1893.05,0.00,0,Y, ,0,      2789.80,      1581.05
Y, , ,Nifty InfraLog,     11979.10,     12002.40,     12045.50,     11976.95,     11976.95,0.00,0,Y, ,0,     12549.95,      9210.40
Y, , ,Nifty500 Health,     21625.75,     21642.50,     21668.35,     21473.20,     21481.25,0.00,0,Y, ,0,     21945.75,     16294.60
Y, , ,Nifty RailwaysPSU,      2759.65,      2764.70,      2778.00,      2756.80,      2769.65,0.00,0,Y, ,0,      4005.50,      2731.15
Y, , ,NiftyConglomerate,     15110.45,     15133.65,     15179.25,     15109.05,     15156.60,0.00,0,Y, ,0,     15692.30,     12226.80
Y, , ,Nifty MidSmall 50 50,     20999.15,     21032.55,     21080.00,     20988.95,     20996.35,0.00,0,Y, ,0,     21223.00,     16874.30
Y, , ,Nifty Cement,     14588.20,     14613.20,     14682.00,     14570.70,     14651.60,0.00,0,Y, ,0,     18188.60,     13534.80
Y, , ,Nifty Smallcap 500,     21018.80,     21081.70,     21144.30,     21067.70,     21086.60,0.00,0,Y, ,0,     21145.65,     15960.20
Y, , ,Nifty REITs Realty,      1957.35,      1961.00,      1964.50,      1941.55,      1945.60,0.00,0,Y, ,0,      2012.90,      1632.55
Y, , ,India VIX,11.3375,11.3375,11.3375,10.5650,10.6800,0,0,Y, ,0,28.9075,8.7200
 , , , , , , , , , , , , , , , 
 , , , , , , , , , , , , , , , 
 , , ,NIFTY 50 Sec, , , , , , , , , , , , 
N,EQ,ADANIENT,ADANI ENTERPRISES LIMITED,      2901.00,      2900.00,      2965.00,      2882.80,      2938.00,               3113052524.00,1060844,Y, ,45143,      3245.00,      1753.00
N,EQ,ADANIPORTS,ADANI PORT & SEZ LTD,      1706.50,      1699.90,      1716.90,      1692.40,      1707.30,               2188911301.80,1281968,Y, ,43769,      1891.10,      1292.00
N,EQ,APOLLOHOSP,APOLLO HOSPITALS ENTER. L,      8692.00,      8702.50,      8740.00,      8641.00,      8650.00,               2501175229.00,288351,Y, ,30333,      9050.00,      6696.50
N,EQ,ASIANPAINT,ASIAN PAINTS LIMITED,      2541.60,      2540.00,      2553.90,      2519.80,      2527.30,               1012472116.70,399368,Y, ,32272,      2985.70,      2115.00
N,EQ,AXISBANK,AXIS BANK LIMITED,      1267.00,      1270.30,      1280.70,      1262.00,      1273.00,               4856455094.70,3810611,Y, ,61874,      1418.30,      1045.00
N,EQ,BAJAJ-AUTO,BAJAJ AUTO LIMITED,     11920.00,     12005.00,     12025.00,     11873.00,     11919.00,               1841113095.00,154199,Y, ,19294,     12470.00,      8491.50
N,EQ,BAJAJFINSV,BAJAJ FINSERV LTD.,      1992.10,      1985.00,      1994.20,      1970.00,      1970.00,                866359784.40,437793,Y, ,31032,      2195.00,      1597.00
N,EQ,BAJFINANCE,BAJAJ FINANCE LIMITED,      1049.00,      1050.60,      1063.60,      1049.70,      1060.50,               6285695160.10,5952048,Y, ,104933,      1176.40,       787.90
N,EQ,BEL,BHARAT ELECTRONICS LTD,       408.60,       409.25,       413.10,       405.35,       405.35,               3422432462.90,8354982,Y, ,92382,       473.45,       367.55
N,EQ,BHARTIARTL,BHARTI AIRTEL LIMITED,      1869.00,      1868.10,      1870.70,      1840.00,      1840.00,               6704394530.20,3614328,Y, ,93290,      2174.50,      1740.50
N,EQ,CIPLA,CIPLA LTD,      1394.70,      1397.70,      1399.10,      1375.50,      1385.00,               1835806472.20,1326180,Y, ,46344,      1673.00,      1165.70
N,EQ,COALINDIA,COAL INDIA LTD,       420.05,       418.00,       418.00,       412.55,       415.35,               2538755745.65,6126850,Y,XD,69442,       491.25,       369.60
N,EQ,DRREDDY,DR. REDDY S LABORATORIES,      1155.00,      1157.00,      1166.80,      1151.00,      1151.00,                659407091.90,568461,Y, ,33569,      1414.90,      1101.00
N,EQ,EICHERMOT,EICHER MOTORS LTD,      7690.00,      7665.00,      7665.50,      7590.00,      7630.50,               3757757330.00,492954,Y, ,47403,      8230.00,      6085.00
N,EQ,ETERNAL,ETERNAL LIMITED,       324.80,       325.30,       327.75,       320.80,       322.75,               5767662223.90,17824027,Y, ,108841,       368.45,       212.60
N,EQ,GRASIM,GRASIM INDUSTRIES LTD,      3310.00,      3318.90,      3332.60,      3268.10,      3322.00,               2961317292.40,892704,Y, ,43703,      3411.10,      2502.50
N,EQ,HCLTECH,HCL TECHNOLOGIES LTD,      1319.00,      1324.90,      1331.40,      1291.20,      1293.40,               2884545119.50,2210569,Y, ,71268,      1780.10,      1030.00
N,EQ,HDFCBANK,HDFC BANK LTD,       706.65,       708.35,       716.50,       708.35,       712.10,              10338145691.25,14488024,Y, ,202544,      1020.50,       698.50
N,EQ,HDFCLIFE,HDFC LIFE INS CO LTD,       533.50,       533.70,       548.00,       533.30,       546.40,               3266041841.30,6016219,Y, ,59921,       803.00,       530.50
N,EQ,HINDALCO,HINDALCO  INDUSTRIES  LTD,      1010.00,      1012.90,      1020.80,      1005.00,      1011.00,               3733979952.20,3682428,Y, ,93460,      1176.00,       702.40
N,EQ,HINDUNILVR,HINDUSTAN UNILEVER LTD.,      1962.00,      1967.00,      1984.20,      1950.40,      1973.40,               4433834276.90,2247162,Y, ,122231,      2479.60,      1950.40
N,EQ,ICICIBANK,ICICI BANK LTD.,      1430.00,      1432.10,      1438.30,      1421.40,      1423.20,               9566874557.40,6693889,Y, ,100896,      1480.00,      1187.60
N,EQ,INDIGO,INTERGLOBE AVIATION LTD,      4980.00,      4980.00,      5035.00,      4977.00,      4977.00,               1970691308.00,394117,Y, ,37006,      5970.00,      3895.20
N,EQ,INFY,INFOSYS LIMITED,      1130.30,      1133.00,      1146.70,      1125.40,      1130.00,               6658277427.90,5881388,Y, ,109162,      1728.00,       982.40
N,EQ,ITC,ITC LTD,       263.00,       264.00,       266.25,       262.65,       264.10,               2519988718.35,9519153,Y, ,145963,       427.00,       255.50
N,EQ,JIOFIN,JIO FIN SERVICES LTD,       237.45,       237.80,       240.63,       237.80,       239.50,               2839655454.46,11860254,Y, ,63338,       321.60,       223.30
N,EQ,JSWSTEEL,JSW STEEL LIMITED,      1308.00,      1305.00,      1331.70,      1300.10,      1325.00,               1446084423.50,1094356,Y, ,31558,      1351.00,      1026.10
N,EQ,KOTAKBANK,KOTAK MAHINDRA BANK LTD,       421.15,       421.65,       425.95,       421.65,       424.50,               3989733446.65,9408316,Y, ,243194,      2266.00,       345.50
N,EQ,LT,LARSEN & TOUBRO LTD.,      3975.00,      3981.00,      3994.90,      3964.10,      3964.10,               5253026930.50,1319056,Y, ,98662,      4440.00,      3288.10
N,EQ,M&M,MAHINDRA & MAHINDRA LTD,      3150.00,      3158.70,      3185.30,      3144.20,      3170.00,               4719844845.80,1489449,Y, ,76929,      3839.90,      2896.00
N,EQ,MARUTI,MARUTI SUZUKI INDIA LTD.,     12857.00,     12880.00,     12880.00,     12656.00,     12694.00,               4108282962.00,322752,Y, ,65754,     17370.00,     12201.00
N,EQ,MAXHEALTH,MAX HEALTHCARE INS LTD,       994.90,       994.90,      1001.30,       981.10,       984.80,               1157409650.90,1167047,Y, ,34531,      1221.90,       903.00
N,EQ,NESTLEIND,NESTLE INDIA LIMITED,      1416.00,      1415.00,      1420.00,      1402.50,      1410.50,               1373795994.20,974257,Y, ,39301,      1553.00,      1145.00
N,EQ,NTPC,NTPC LTD,       330.90,       332.75,       334.05,       329.80,       332.50,               2336377442.05,7032282,Y, ,64357,       414.40,       315.55
N,EQ,ONGC,OIL AND NATURAL GAS CORP.,       236.00,       235.44,       235.44,       233.60,       234.65,               1252209953.16,5338085,Y,XD,49732,       307.50,       227.65
N,EQ,POWERGRID,POWER GRID CORP. LTD.,       265.60,       266.90,       267.50,       265.05,       266.00,               2120572391.70,7967122,Y, ,60237,       324.95,       250.00
N,EQ,RELIANCE,RELIANCE INDUSTRIES LTD,      1302.50,      1304.10,      1333.00,      1304.10,      1322.00,              17283587823.90,13031534,Y, ,181295,      1611.80,      1249.80
N,EQ,SBILIFE,SBI LIFE INSURANCE CO LTD,      1715.00,      1715.00,      1775.00,      1707.40,      1775.00,               3022210304.30,1720166,Y, ,54483,      2132.00,      1700.40
N,EQ,SBIN,STATE BANK OF INDIA,      1023.40,      1026.00,      1029.20,      1016.10,      1016.10,               6869612159.90,6724566,Y, ,146219,      1234.70,       802.65
N,EQ,SHRIRAMFIN,SHRIRAM FINANCE LIMITED,      1044.20,      1044.20,      1052.80,      1037.00,      1041.00,               4311670826.30,4135730,Y, ,60483,      1153.70,       578.60
N,EQ,SUNPHARMA,SUN PHARMACEUTICAL IND L,      1916.00,      1912.00,      1917.30,      1895.00,      1899.00,               1448655808.50,761333,Y, ,48684,      2046.90,      1548.00
N,EQ,TATACONSUM,TATA CONSUMER PRODUCT LTD,      1019.20,      1020.00,      1022.90,      1008.50,      1010.00,               1044105683.20,1030689,Y, ,33815,      1282.70,      1007.20
N,EQ,TATASTEEL,TATA STEEL LIMITED,       184.20,       184.20,       189.90,       182.84,       188.79,               6838451656.64,36500951,Y, ,121419,       224.40,       153.70
N,EQ,TCS,TATA CONSULTANCY SERV LT,      2320.10,      2330.00,      2363.90,      2302.40,      2304.00,               5951009095.30,2564322,Y, ,112846,      3350.00,      1976.80
N,EQ,TECHM,TECH MAHINDRA LIMITED,      1598.00,      1605.10,      1623.40,      1586.90,      1596.90,               1874570781.10,1173518,Y, ,27058,      1854.00,      1304.10
N,EQ,TITAN,TITAN COMPANY LIMITED,      5027.00,      5010.00,      5022.00,      4980.00,      5020.00,               1554778536.00,310845,Y, ,34506,      5186.70,      3303.10
N,EQ,TMPV,TATA MOTORS PASS VEH LTD,       312.00,       312.00,       315.50,       310.65,       311.50,               1254810683.15,4010174,Y, ,46778,       421.55,       294.30
N,EQ,TRENT,TRENT LTD,      2815.60,      2849.00,      2879.00,      2833.20,      2853.00,               1651637843.70,577393,Y, ,49772,      5674.00,      2680.00
N,EQ,ULTRACEMCO,ULTRATECH CEMENT LIMITED,     11275.00,     11357.00,     11434.00,     11292.00,     11408.00,               3186985067.00,280870,Y, ,34646,     13110.00,     10325.00
N,EQ,WIPRO,WIPRO LTD,       175.72,       176.74,       178.75,       176.40,       176.40,               1222502362.77,6882678,Y, ,48742,       273.10,       169.00
 , , , , , , , , , , , , , , , 
 , , ,NIFTY Next 50 Sec, , , , , , , , , , , , 
N,EQ,ABB,ABB INDIA LIMITED,      7432.00,      7445.50,      7470.00,      7376.00,      7410.00,               1116516031.50,150500,N, ,18754,      7924.50,      4637.50
N,EQ,ADANIENSOL,ADANI ENERGY SOLUTION LTD,      1385.70,      1385.60,      1412.70,      1376.70,      1409.60,               1946073199.30,1386991,N, ,34134,      1789.00,       744.90
N,EQ,ADANIGREEN,ADANI GREEN ENERGY LTD,      1283.40,      1288.00,      1304.50,      1278.20,      1301.30,                996144981.50,768437,N, ,25762,      1631.50,       765.00
N,EQ,ADANIPOWER,ADANI POWER LTD,       208.29,       208.29,       208.99,       206.75,       207.20,               1936433429.16,9328145,N, ,49319,       723.00,       128.10
N,EQ,AMBUJACEM,AMBUJA CEMENTS LTD,       405.00,       404.95,       408.20,       404.25,       405.00,                327743057.50,807422,N, ,13152,       600.80,       394.00
N,EQ,BAJAJHLDNG,BAJAJ HOLDINGS & INVS LTD,     11165.00,     11102.00,     11355.00,     11100.00,     11162.00,                415823206.00,37106,N, ,10973,     13880.00,      8588.00
N,EQ,BANKBARODA,BANK OF BARODA,       240.44,       242.37,       242.37,       239.00,       239.00,               1876863209.27,7816984,N, ,34280,       325.50,       231.72
N,EQ,BOSCHLTD,BOSCH LIMITED,     47000.00,     47195.00,     47200.00,     46660.00,     46820.00,                792331010.00,16913,N, ,8679,     50000.00,     28610.00
N,EQ,BPCL,BHARAT PETROLEUM CORP  LT,       320.05,       319.40,       320.65,       315.70,       315.70,                583852326.35,1834819,N, ,19332,       391.65,       266.60
N,EQ,BRITANNIA,BRITANNIA INDUSTRIES LTD,      5130.00,      5155.00,      5160.50,      5089.50,      5101.50,               1382023857.50,269673,N, ,24426,      6336.00,      5035.00
N,EQ,CANBK,CANARA BANK,       125.80,       126.30,       127.30,       125.50,       125.50,               1536504463.99,12141084,N, ,48968,       162.89,       104.00
N,EQ,CGPOWER,CG POWER AND IND SOL LTD,       895.00,       895.00,       899.80,       888.05,       891.00,               1932433142.00,2159759,N, ,39300,       980.90,       525.50
N,EQ,CHOLAFIN,CHOLAMANDALAM IN & FIN CO,      1849.30,      1841.00,      1859.90,      1828.00,      1839.00,               1246886816.90,677118,N, ,36495,      1952.50,      1299.40
N,EQ,CUMMINSIND,CUMMINS INDIA LTD,      5071.00,      5071.00,      5083.00,      5013.00,      5035.00,               2438711381.00,483825,N, ,28202,      6100.00,      3792.00
N,EQ,DIVISLAB,DIVI S LABORATORIES LTD,      9250.00,      9244.00,      9269.00,      9100.00,      9100.00,               2294932463.50,250202,N, ,28411,      9467.00,      5636.50
N,EQ,DLF,DLF LIMITED,       681.65,       681.65,       689.75,       680.80,       681.90,               1310682796.55,1911967,N, ,51851,       794.80,       489.40
N,EQ,DMART,AVENUE SUPERMARTS LIMITED,      3763.00,      3765.00,      3779.90,      3745.90,      3770.00,               1085763180.50,288600,N, ,20814,      4949.50,      3529.00
N,EQ,ENRIN,SIEMENS ENERGY INDIA LTD,      3155.20,      3160.00,      3186.80,      3106.00,      3115.70,                819998384.00,262111,N, ,34297,      3968.00,      2115.00
N,EQ,GAIL,GAIL (INDIA) LTD,       174.67,       174.27,       174.27,       171.92,       173.40,                671267881.16,3878219,N, ,25389,       186.87,       134.36
N,EQ,GODREJCP,GODREJ CONSUMER PRODUCTS,       880.00,       878.65,       880.00,       866.10,       878.00,               1142588892.55,1306185,N, ,24785,      1309.00,       859.55
N,EQ,HAL,HINDUSTAN AERONAUTICS LTD,      4765.60,      4831.00,      4936.00,      4817.40,      4856.00,               6851018941.70,1399667,N, ,77137,      5149.90,      3479.10
N,EQ,HDFCAMC,HDFC AMC LIMITED,      2510.80,      2511.30,      2517.80,      2456.00,      2458.30,               2093000834.40,844970,N, ,58081,      5934.50,      2205.60
N,EQ,HINDZINC,HINDUSTAN ZINC LIMITED,       587.95,       598.00,       603.00,       592.00,       601.00,               2777865106.70,4650039,N, ,42173,       733.00,       424.00
N,EQ,HYUNDAI,HYUNDAI MOTOR INDIA LTD,      2152.00,      2152.00,      2214.50,      2150.70,      2205.00,               1164538315.30,531330,N, ,36779,      2890.00,      1658.00
N,EQ,INDHOTEL,THE INDIAN HOTELS CO. LTD,       732.00,       730.00,       732.95,       717.50,       720.00,               1104177065.95,1528492,N, ,25462,       792.55,       565.00
N,EQ,IOC,INDIAN OIL CORP LTD,       137.80,       137.00,       137.76,       136.87,       137.60,                587580873.31,4277697,N, ,29860,       188.96,       130.22
N,EQ,IRFC,INDIAN RAILWAY FIN CORP L,        82.65,        82.70,        83.95,        82.70,        83.40,                657085398.60,7883831,N, ,36348,       137.17,        81.30
N,EQ,JINDALSTEL,JINDAL STEEL LIMITED,      1145.00,      1147.00,      1170.90,      1138.70,      1165.00,               1034222792.60,893053,N, ,32645,      1306.20,       943.30
N,EQ,LODHA,LODHA DEVELOPERS LIMITED,      1234.00,      1225.00,      1237.80,      1209.50,      1222.00,               1159444969.30,948334,N, ,26054,      1344.95,       650.80
N,EQ,LTM,LTM LIMITED,      4560.00,      4570.30,      4656.30,      4545.30,      4554.00,               1116883247.90,243635,N, ,19950,      6429.50,      3528.00
N,EQ,MAZDOCK,MAZAGON DOCK SHIPBUIL LTD,      2474.00,      2489.00,      2546.60,      2475.00,      2475.00,               1848934118.90,735425,N, ,32127,      3061.40,      2057.40
N,EQ,MOTHERSON,SAMVRDHNA MTHRSN INTL LTD,       162.00,       162.01,       162.90,       160.26,       160.70,               1150561538.38,7139764,N, ,38412,       173.27,        93.42
N,EQ,MUTHOOTFIN,MUTHOOT FINANCE LIMITED,      2926.50,      2971.00,      2979.90,      2913.00,      2913.80,               1712851706.40,583485,N, ,41017,      4149.50,      2651.20
N,EQ,PFC,POWER FIN CORP LTD.,       345.50,       344.90,       357.70,       344.00,       355.60,               6784877905.90,19206290,N, ,93027,       486.50,       329.90
N,EQ,PIDILITIND,PIDILITE INDUSTRIES LTD,      1638.30,      1635.20,      1638.30,      1625.00,      1629.50,                988119870.70,605836,N, ,20726,      3149.90,      1259.00
N,EQ,PNB,PUNJAB NATIONAL BANK,       116.32,       116.90,       118.05,       116.45,       117.00,               1311836105.82,11160741,N, ,35033,       135.15,        98.50
N,EQ,RECLTD,REC LIMITED,       313.60,       313.60,       320.20,       313.20,       318.70,               1865281157.50,5894088,N, ,34787,       390.50,       304.05
N,EQ,SHREECEM,SHREE CEMENT LIMITED,     23910.00,     23850.00,     24140.00,     23780.00,     23855.00,                368039420.00,15350,N, ,6995,     30750.00,     22550.00
N,EQ,SIEMENS,SIEMENS LTD,      4030.00,      4042.00,      4042.00,      3974.10,      3977.00,                708941667.40,177116,N, ,15570,      4149.40,      2826.00
N,EQ,SOLARINDS,SOLAR INDUSTRIES (I) LTD,     21500.00,     21500.00,     21695.00,     21345.00,     21445.00,               2744874780.00,127515,N, ,25107,     21695.00,     11646.00
N,EQ,TATACAP,TATA CAPITAL LIMITED,       371.85,       371.85,       376.85,       371.30,       375.05,                498921317.00,1331842,N, ,22145,       390.20,       296.00
N,EQ,TATAPOWER,TATA POWER CO LTD,       365.70,       365.10,       368.50,       364.10,       368.00,               1403868546.35,3826383,N, ,35646,       464.90,       342.50
N,EQ,TMCV,TATA MOTORS LIMITED,       460.35,       462.85,       469.20,       456.20,       458.20,               2887322626.00,6245264,N, ,106104,       509.00,       306.30
N,EQ,TORNTPHARM,TORRENT PHARMACEUTICALS L,      4905.50,      4930.00,      4941.00,      4823.00,      4857.00,               1568119322.00,322787,N, ,27675,      5250.00,      3480.60
N,EQ,TVSMOTOR,TVS MOTOR COMPANY  LTD,      4200.00,      4181.20,      4200.00,      4127.80,      4133.10,               1763494759.40,424571,N, ,38869,      4484.50,      3228.00
N,EQ,UNIONBANK,UNION BANK OF INDIA,       189.00,       189.00,       189.95,       187.05,       187.22,               1489578511.73,7910433,N, ,33032,       205.49,       125.45
N,EQ,UNITDSPR,UNITED SPIRITS LIMITED,      1488.90,      1488.10,      1489.90,      1462.50,      1471.70,                525520007.70,357038,N, ,16830,      1563.40,      1210.80
N,EQ,VBL,VARUN BEVERAGES LIMITED,       407.15,       407.55,       412.65,       406.10,       407.60,               1693655647.95,4144842,N, ,42531,       555.80,       381.00
N,EQ,VEDL,VEDANTA LIMITED,       270.50,       272.00,       274.50,       268.85,       272.10,               1627710407.35,5992724,N, ,52698,       360.00,       249.70
N,EQ,ZYDUSLIFE,ZYDUS LIFESCIENCES LTD,      1143.00,      1146.00,      1146.00,      1120.00,      1120.00,                584161932.30,516768,N, ,17541,      1205.00,       835.50
 , , , , , , , , , , , , , , , 
 , , ,COMPULSORY ROLLING STOCKS, , , , , , , , , , , , 
N,EQ,20MICRONS,20 MICRONS LTD,       217.82,       218.91,       224.90,       216.50,       222.49,                 38639237.99,174812,N, ,4145,       238.26,       129.61
N,EQ,21STCENMGM,21ST CENTURY MGMT SERVICE,        38.10,        38.49,        38.70,        37.36,        38.13,                    78150.66,2056,N, ,44,        55.15,        28.25
N,EQ,360ONE,360 ONE WAM LIMITED,      1155.00,      1149.10,      1156.10,      1127.10,      1137.00,                688260495.50,603451,N, ,32281,      1236.20,       906.05
N,EQ,3BBLACKBIO,3B BLACKBIO DX LTD.,      1486.20,      1508.50,      1513.90,      1411.20,      1460.10,                 28417563.40,19626,N, ,2351,      1588.90,      1085.00
N,EQ,3MINDIA,3M INDIA LIMITED,     32820.00,     32730.00,     32965.00,     32680.00,     32845.00,                 30562740.00,932,N, ,600,     38030.00,     28730.00
N,EQ,3PLAND,3P LAND HOLDINGS LIMITED,        32.45,        32.30,        32.45,        30.75,        32.39,                   365106.68,11543,N, ,223,        47.50,        28.51
N,EQ,5PAISA,5PAISA CAPITAL LIMITED,       342.45,       342.45,       367.90,       336.35,       342.10,                 90740393.40,258086,N, ,7643,       416.95,       245.50
N,EQ,63MOONS,63 MOONS TECHNOLOGIES LTD,       851.25,       867.95,       903.00,       853.30,       876.50,               1003549857.90,1136718,N, ,41951,      1007.70,       467.00
N,EQ,A2ZINFRA,A2Z INFRA ENGINEERING LTD,        15.98,        15.98,        16.24,        15.33,        15.61,                  4823642.09,308540,N, ,740,        22.64,        12.00
N,EQ,AAATECH,AAA TECHNOLOGIES LIMITED,        93.17,        93.17,        93.99,        91.10,        91.74,                  1039757.08,11314,N, ,369,       136.00,        76.11
N,EQ,AADHARHFC,AADHAR HOUSING FINANCE L,       478.65,       478.70,       488.00,       477.70,       483.55,                 95642343.20,197998,N, ,10142,       563.00,       430.15
N,SM,AAKAAR,AAKAAR MEDICAL TECHNO LTD,        63.00,        61.30,        62.90,        61.30,        62.70,                   698800.00,11200,N, ,6,        96.00,        46.00
N,EQ,AAKASH,AAKASH EXPLORATION SER L,         8.77,         8.88,         8.89,         8.69,         8.75,                  1224152.12,139620,N, ,248,        13.40,         7.21
N,SM,AARADHYA,AARADHYA DISPOSAL INDUS L,       100.75,        97.00,       110.80,        97.00,       110.80,                 41959320.00,398400,N, ,83,       182.00,        64.20
N,EQ,AAREYDRUGS,AAREY DRUGS & PHARM LTD,        94.44,        96.00,        96.99,        93.55,        95.79,                 10430625.76,109417,N, ,828,       100.00,        50.31
N,EQ,AARON,AARON INDUSTRIES LIMITED,       128.98,       131.00,       131.00,       127.00,       128.45,                   561249.74,4376,N, ,191,       228.00,       106.80
N,EQ,AARTIDRUGS,AARTI DRUGS LTD.,       425.85,       429.25,       443.75,       426.20,       431.65,                109111439.95,250307,N, ,8751,       534.55,       318.95
N,EQ,AARTIIND,AARTI INDUSTRIES LTD,       501.90,       503.60,       509.90,       490.00,       492.05,                381121164.50,767774,N, ,23817,       551.75,       338.05
N,EQ,AARTIPHARM,AARTI PHARMALABS LIMITED,       868.10,       872.00,       879.75,       854.10,       858.80,                399406199.05,463265,N, ,19523,       946.10,       585.00
N,EQ,AARVI,AARVI ENCON LIMITED,       141.35,       139.61,       143.96,       139.61,       141.92,                  1106368.64,7773,N, ,345,       168.40,       115.99
N,EQ,AASTHA,AASTHA SPINTEX LIMITED,        80.05,        79.56,        80.87,        77.92,        78.12,                 17965074.04,228188,N, ,1615,       140.01,        70.00
N,SM,AATMAJ,AATMAJ HEALTHCARE LIMITED,        18.25,        18.25,        18.25,        18.25,        18.25,                    36500.00,2000,N, ,1,        25.50,        16.70
N,EQ,AAVAS,AAVAS FINANCIERS LIMITED,      1297.80,      1298.30,      1318.00,      1298.30,      1304.20,                 79037732.10,60456,N, ,8307,      1771.90,      1060.40
N,EQ,ABANSENT,ABANS ENTERPRISES LTD.,        27.45,        28.40,        28.40,        27.20,        27.86,                   175622.07,6398,N, ,107,        48.85,        22.30
N,EQ,ABBOTINDIA,ABBOTT INDIA LIMITED,     25945.00,     25945.00,     26365.00,     25810.00,     26065.00,                229246080.00,8803,N, ,3571,     32775.00,     25150.00
N,EQ,ABCAPITAL,ADITYA BIRLA CAPITAL LTD.,       402.00,       400.20,       407.40,       400.20,       404.90,                876957923.55,2167785,N, ,34690,       430.70,       272.70
N,EQ,ABCOTS,A B COTSPIN INDIA LIMITED,       207.46,       209.70,       217.99,       206.30,       208.15,                   943697.12,4500,N, ,298,       504.00,       196.81
N,EQ,ABDL,ALLIED BLEND N DISTILS L,       609.40,       603.25,       614.15,       603.25,       609.95,                 69675581.95,114222,N, ,5160,       711.70,       382.10
N,EQ,ABFRL,ADITYA BIRLA FASHION & RT,        50.41,        50.76,        53.50,        50.45,        52.97,                426909612.43,8157673,N, ,38913,        94.95,        50.20
N,SM,ABHAPOWER,ABHA POWER N STEEL LTD,        23.95,        24.00,        24.75,        23.10,        24.60,                   570560.00,24000,N, ,15,        48.80,        23.00
N,EQ,ABLBL,ADITYA BIRLA LIFES BRAN L,        83.49,        84.18,        86.90,        83.72,        86.07,                 72950470.97,852050,N, ,12676,       151.33,        82.61
N,EQ,ABMKNO,A B M KNOWLEDGEWARE LTD.,       188.00,       193.60,       193.60,       188.00,       189.90,                   104689.50,556,N, ,14,       254.90,       182.01
N,EQ,ABREL,ADITYA BIRLA REAL EST LTD,      1376.90,      1376.90,      1400.90,      1362.50,      1373.60,                 94708293.30,68679,N, ,9841,      1965.30,      1080.10
N,EQ,ABSLAMC,ADIT BIRL SUN LIF AMC LTD,      1045.20,      1047.70,      1065.00,      1036.10,      1062.30,                134726426.00,127937,N, ,11137,      1224.90,       708.00
N,SM,ABSMARINE,ABS MARINE SERVICES LTD,       307.15,       314.80,       344.00,       312.00,       337.90,                114435100.00,343500,N, ,558,       344.00,       143.05
N,EQ,ACC,ACC LIMITED,      1272.00,      1277.00,      1289.30,      1272.00,      1283.80,                129978158.20,101446,N, ,6445,      1987.00,      1251.70
N,EQ,ACCELYA,ACCELYA SOLN INDIA LTD,      1129.60,      1130.70,      1139.20,      1125.70,      1131.00,                  2668464.90,2359,N, ,358,      1527.00,      1012.40
N,SM,ACCENTMIC,ACCENT MICROCELL LIMITED,       607.40,       612.00,       619.00,       608.70,       617.80,                 34771325.00,56500,N, ,97,       621.00,       238.00
N,EQ,ACE,ACTION CONST EQUIP LTD,      1145.50,      1148.40,      1189.00,      1117.10,      1125.40,                645285823.50,557111,N, ,33114,      1196.00,       745.10
N,EQ,ACEINTEG,ACE INTEGRATED SOLU. LTD.,        17.02,        17.40,        18.70,        17.29,        17.83,                   325265.72,17975,N, ,166,        29.94,        14.20
N,SM,ACETEC,ACETECH E-COMMERCE LTD,       139.00,       139.00,       139.00,       139.00,       139.00,                   166800.00,1200,N, ,1,       164.00,       111.80
N,EQ,ACGL,AUTOMOBILE CORPN OF GOA L,      1790.90,      1799.80,      1842.90,      1761.80,      1797.60,                  1104711.50,616,N, ,105,      1880.00,      1715.50
N,EQ,ACI,ARCHEAN CHEMICAL IND LTD,       495.20,       501.00,       512.70,       495.00,       504.20,                322552684.90,640010,N, ,31200,       726.00,       479.80
N,EQ,ACL,ANDHRA CEMENTS LIMITED,        43.58,        43.58,        43.59,        43.00,        43.36,                   790050.60,18265,N, ,274,       109.99,        40.50
N,EQ,ACMESOLAR,ACME SOLAR HOLDINGS LTD,       401.90,       402.90,       430.50,       399.55,       418.00,               2589884574.75,6203953,N, ,110173,       430.50,       195.90
N,EQ,ACUTAAS,ACUTAAS CHEMICALS LIMITED,      3201.00,      3211.10,      3228.80,      3156.30,      3168.50,                476850429.80,149850,N, ,21292,      3740.00,      1302.00
N,SM,ADDICTIVE,ADDICTIVE LEARNING TECH L,        43.00,        43.00,        44.75,        43.00,        43.30,                   369500.00,8500,N, ,13,       152.05,        37.15
N,EQ,ADDIND,ADDI INDUSTRIES LTD.,        76.69,        81.55,        83.68,        79.00,        79.34,                    39273.15,486,N, ,34,        94.60,        71.05
N,EQ,ADFFOODS,ADF FOODS LIMITED,       267.50,       267.50,       269.15,       262.40,       264.80,                 20904529.30,78833,N, ,2557,       346.95,       153.10
N,SM,ADISOFT,ADISOFT TECHNOLOGIES LTD,       200.00,       199.00,       208.00,       199.00,       206.25,                 10136560.00,49600,N, ,60,       280.00,       170.00
N,EQ,ADL,ARCHIDPLY DECOR LIMITED,        72.79,        75.00,        75.00,        71.00,        72.00,                    55232.18,757,N, ,24,       109.90,        50.26
N,EQ,ADOR,ADOR WELDING LTD,      1714.60,      1720.00,      1731.00,      1662.20,      1674.40,                 45410047.80,26990,N, ,3997,      1766.40,       848.00
N,EQ,ADROITINFO,ADROIT INFOTECH LIMITED,        10.31,        10.20,        10.60,        10.20,        10.31,                   112986.73,10874,N, ,82,        12.20,         7.55
N,EQ,ADSL,ALLIED DIGITAL SERV. LTD,       104.85,       105.24,       105.72,       103.50,       104.13,                  6646060.64,63640,N, ,1471,       209.53,        86.27
N,EQ,ADVAIT,ADVAIT ENRGY TRANSITION L,      2210.90,      2230.00,      2244.90,      2136.00,      2151.30,                145660106.80,66736,N, ,8813,      2485.00,      1351.00
N,EQ,ADVANCE,ADVANCE AGROLIFE LIMITED,       118.53,       119.75,       119.76,       116.86,       117.43,                 13967473.16,118344,N, ,1046,       154.00,        84.10
N,EQ,ADVANIHOTR,ADVANI HOT.& RES.(I) LTD,        49.18,        49.25,        49.99,        49.00,        49.45,                  1092467.18,22126,N, ,327,        65.50,        47.00
N,EQ,ADVENTHTL,ADVENT HOTELS INTERNATI L,       134.98,       135.25,       135.70,       132.81,       134.57,                 10517378.30,78410,N, ,1234,       345.05,       120.02
N,EQ,ADVENZYMES,ADVANCED ENZYME TECH LTD,       296.00,       297.10,       300.80,       292.10,       293.20,                 76201264.90,257142,N, ,3866,       419.00,       251.95
N,EQ,ADVIKCA,ADVIK CAPITAL LTD.,         1.13,         1.15,         1.16,         1.11,         1.12,                   372742.22,329513,N, ,336,         1.27,         1.10
N,EQ,AEGISLOG,AEGIS LOGISTICS LIMITED,      1287.20,      1288.10,      1327.30,      1265.00,      1270.20,                861114864.40,665965,N, ,35153,      1497.80,       576.10
N,EQ,AEGISVOPAK,AEGIS VOPAK TERMINALS LTD,       286.85,       286.50,       294.10,       283.10,       284.50,                226886490.15,788218,N, ,17726,       311.49,       158.00
N,EQ,AEPL,ARTEMIS ELECTRICALS & P L,        17.09,        16.81,        18.20,        16.00,        17.50,                  2989103.37,170886,N, ,888,        20.25,        13.25
N,EQ,AEQUS,AEQUS LIMITED,       247.23,       247.90,       249.00,       241.00,       242.18,                439026679.44,1802739,N, ,29668,       274.39,       113.30
N,EQ,AEROENTER,AEROFLEX ENTERPRISES LTD,       142.86,       143.88,       145.19,       140.20,       141.81,                 67996617.80,477542,N, ,4185,       149.55,        62.20
N,EQ,AEROFLEX,AEROFLEX INDUSTRIES LTD,       542.15,       544.00,       552.95,       527.10,       537.45,                554442601.85,1026759,N, ,25542,       570.50,       158.00
N,SM,AERON,AERON COMPOSITE LIMITED,        78.80,        78.80,        83.00,        78.80,        83.00,                  2039450.00,25000,N, ,23,       124.00,        70.00
N,EQ,AERONEU,AEROFLEX NEU LIMITED,        78.99,        78.25,        87.70,        77.71,        80.57,                  6549152.23,80348,N, ,1953,       125.37,        63.21
N,EQ,AEROPLANE,AMIR CHAND JAG KUM (E) L,       188.07,       188.00,       197.00,       187.15,       194.29,                139871004.10,724408,N, ,9550,       206.90,       117.02
N,SM,AESTHETIK,AESTHETIK ENGINEERS LTD,        70.00,        69.00,        69.90,        68.70,        69.80,                   415850.00,6000,N, ,6,       155.60,        59.60
N,EQ,AETHER,AETHER INDUSTRIES LIMITED,      1654.70,      1660.10,      1666.30,      1614.30,      1625.60,                336102327.40,205632,N, ,21619,      1717.00,       726.45
N,EQ,AFCONS,AFCONS INFRASTRUCTURE LTD,       294.70,       295.05,       297.40,       291.35,       292.80,                117672294.45,400459,N, ,15773,       479.40,       259.10
N,EQ,AFFLE,AFFLE 3I LIMITED,      1519.20,      1529.00,      1645.00,      1521.00,      1616.50,               5160546853.40,3213241,N, ,162220,      2185.90,      1251.30
N,EQ,AFFORDABLE,AFFORD ROBO & AUTO LTD,       159.68,       164.93,       164.93,       155.15,       157.47,                  3443318.48,21622,N, ,547,       297.00,       119.71
N,EQ,AFIL,AKME FINTRADE (INDIA) LTD,         9.31,         9.50,         9.54,         9.19,         9.22,                  5389185.34,579665,N, ,493,        11.10,         3.92
N,EQ,AFSL,ABANS FINANCIAL SRVCS LTD,       208.77,       211.80,       211.80,       201.30,       202.07,                  1981541.43,9724,N, ,258,       229.00,       194.41
N,EQ,AGARIND,AGARWAL INDS CORP LTD.,       440.50,       441.45,       455.00,       440.00,       450.80,                 24999195.40,56050,N, ,2486,      1006.00,       360.00
N,EQ,AGARWALEYE,DR AGARWALS HEALTH CARE L,       511.45,       511.60,       515.95,       507.80,       514.10,                 41780131.50,81568,N, ,5450,       568.00,       401.00
N,SM,AGARWALTUF,AGARWAL TOUGH GLASS IND L,       136.30,       138.45,       140.90,       137.75,       140.60,                  6638700.00,48000,N, ,33,       174.05,        81.00
N,EQ,AGI,AGI GREENPAC LIMITED,       742.20,       746.50,       753.90,       731.25,       735.25,                 72590554.10,98049,N, ,4203,       939.00,       465.00
N,EQ,AGIIL,AGI INFRA LIMITED,       278.30,       279.00,       284.90,       277.75,       283.70,                 73462216.05,261176,N, ,2813,      1408.00,       224.70
N,EQ,AGL,ALLCARGO GLOBAL LIMITED,        13.66,        13.61,        13.97,        13.61,        13.65,                 13476262.97,978529,N, ,2387,        22.00,        12.03
N,EQ,AGRITECH,AGRI-TECH (INDIA) LIMITED,       101.10,       101.10,       103.80,        99.85,       101.21,                   349121.82,3474,N, ,94,       187.19,        92.52
N,EQ,AGROPHOS,AGRO PHOS INDIA LIMITED,        26.19,        26.19,        26.89,        25.50,        25.77,                   335196.88,12923,N, ,175,        47.47,        23.90
N,EQ,AHCL,ANLON HEALTHCARE LIMITED,        15.60,        15.68,        15.89,        15.54,        15.68,                 32180628.72,2049674,N, ,2391,       172.75,        12.91
N,EQ,AHLADA,AHLADA ENGINEERS LIMITED,        37.51,        36.51,        38.50,        35.51,        37.29,                   420014.00,11371,N, ,178,        72.00,        31.22
N,EQ,AHLEAST,ASIAN HOTELS (EAST) LTD,       135.86,       135.05,       139.00,       135.00,       136.51,                   134946.95,987,N, ,46,       175.30,       127.25
N,EQ,AHLUCONT,AHLUWALIA CONT IND LTD,       595.45,       599.90,       611.90,       592.60,       599.05,                135319422.35,225666,N, ,9251,      1077.95,       590.00
N,EQ,AIAENG,AIA ENGINEERING LIMITED,      4272.40,      4250.00,      4272.40,      4206.00,      4231.20,                501324698.20,117943,N,XD,5899,      5180.00,      3002.00
N,EQ,AIIL,AUTHUM INVEST & INFRA LTD,       519.05,       521.90,       528.00,       518.00,       519.90,                 76063846.65,145614,N, ,9105,      3318.70,       400.00
N,SM,AILIMITED,ABHISHEK INTEGRATIONS LTD,        21.25,        22.25,        22.25,        22.25,        22.25,                   200250.00,9000,N, ,3,        47.50,        17.15
N,SM,AIMTRON,AIMTRON ELECTRONICS LTD,      1620.35,      1631.90,      1631.90,      1579.00,      1582.60,                 29719650.00,18600,N, ,86,      1780.00,       665.00
N,EQ,AIRAN,AIRAN LIMITED,        14.80,        15.13,        15.55,        14.90,        15.44,                  3213186.77,208770,N, ,843,        27.49,        12.63
N,EQ,AIROLAM,AIRO LAM LIMITED,        86.34,        88.00,        88.00,        86.21,        86.46,                    68975.27,797,N, ,28,       123.30,        78.00
N,SM,AISL,ANI INTEGRATED SERV LTD.,        57.10,        59.95,        59.95,        55.90,        59.95,                  2689890.00,45000,N, ,44,       105.10,        49.00
N,EQ,AJANTPHARM,AJANTA PHARMA LIMITED,      3521.10,      3503.50,      3521.10,      3455.30,      3464.80,                227242339.40,65346,N, ,10255,      3796.00,      2329.90
N,EQ,AJAXENGG,AJAX ENGINEERING LIMITED,       579.75,       577.00,       588.00,       571.00,       582.45,                 43092839.40,74192,N, ,9241,       728.50,       394.80
N,EQ,AJMERA,AJMERA REALTY & INF I LTD,       115.45,       116.00,       121.00,       116.00,       117.76,                 52557042.36,443302,N, ,6461,      1107.00,        98.03
N,EQ,AJOONI,AJOONI BIOTECH LIMITED,         3.71,         3.73,         3.76,         3.68,         3.71,                   546054.63,147021,N, ,290,         5.94,         3.40
N,SM,AKANKSHA,AKANKSHA POWER N INFRA L,       130.20,       130.25,       136.70,       127.25,       136.70,                  7385900.00,55000,N, ,41,       139.50,        57.00
N,EQ,AKASH,AKASH INFRA-PROJECTS LTD,        24.92,        25.10,        25.97,        24.67,        25.60,                   139892.29,5520,N, ,46,        36.00,        22.80
N,EQ,AKCAPIT,A K CAPITAL SERVICES LTD.,      1697.40,      1698.90,      1740.00,      1684.20,      1736.90,                  1163226.60,674,N, ,128,      1875.00,      1484.90
N,EQ,AKG,AKG EXIM LIMITED,         9.34,         9.40,         9.79,         9.20,         9.59,                   349804.21,37356,N, ,149,        15.34,         8.06
N,EQ,AKI,AKI INDIA LIMITED,         6.57,         7.22,         7.22,         7.22,         7.22,                  1868572.10,258805,N, ,113,        10.48,         3.80
N,SM,AKIKO,AKIKO GLOBAL SERVICES L,       404.00,       398.05,       419.00,       398.05,       416.15,                 11153280.00,27200,N, ,26,       419.00,       164.85
N,EQ,AKSHAR,AKSHAR SPINTEX LIMITED,         0.42,         0.42,         0.44,         0.42,         0.42,                   474351.40,1110421,N, ,300,         0.76,         0.36
N,EQ,AKUMS,AKUMS DRUGS AND PHARMA L,       780.55,       784.40,       785.00,       748.35,       765.75,                257909160.65,338753,N, ,21239,       796.55,       409.30
N,EQ,ALANKIT,ALANKIT LIMITED,         8.02,         8.05,         8.19,         7.95,         8.14,                   620142.69,76587,N, ,507,        14.37,         6.80
N,EQ,ALBERTDAVD,ALBERT DAVID LIMITED,       870.15,       876.90,       878.00,       851.60,       860.25,                  2877043.15,3339,N, ,357,       931.85,       579.90
N,SM,ALCODIS,ALCOKRAFT DISTILLERIE LTD,        71.85,        65.05,        70.75,        65.05,        68.40,                   295437.50,4375,N, ,6,       154.00,        49.00
N,EQ,ALEMBICLTD,ALEMBIC LIMITED,       109.51,       111.60,       114.80,       109.81,       111.41,                597581071.02,5309246,N, ,39669,       117.72,        70.46
N,EQ,ALFREDHE,ALFRED HERBERT INDIA L,      2898.30,      2898.00,      2900.00,      2810.00,      2898.90,                    65135.50,23,N, ,9,      3599.00,      2799.90
N,EQ,ALGOQUANT,ALGOQUANT FINTECH LIMITED,        64.27,        64.27,        64.89,        64.03,        64.50,                 72907576.62,1132524,N, ,2150,        71.01,        47.80
N,EQ,ALICON,ALICON CASTALLOY LIMITED,       684.55,       685.25,       691.00,       667.55,       684.20,                  8746139.40,12867,N, ,969,      1022.00,       580.00
N,EQ,ALIVUS,ALIVUS LIFE SCIENCES LTD,      1418.80,      1418.90,      1446.90,      1356.40,      1366.30,                235034344.10,169642,N, ,15579,      1493.80,       819.00
N,EQ,ALKEM,ALKEM LABORATORIES LTD.,      5193.00,      5190.00,      5210.50,      5130.00,      5190.00,                327423815.00,63261,N, ,10154,      5933.50,      5075.00
N,EQ,ALKYLAMINE,ALKYL AMINES CHEM. LTD,      2003.20,      1999.00,      2068.10,      1999.00,      2020.90,                198998907.20,97864,N, ,14308,      2127.00,      1212.00
N,EQ,ALLCARGO,ALLCARGO LOGISTICS LTD,        12.51,        12.77,        12.77,        12.22,        12.44,                158348010.29,12711642,N, ,12649,        15.89,         7.11
N,EQ,ALLDIGI,ALLDIGI TECH LIMITED,       801.65,       805.60,       810.00,       797.00,       805.85,                  2081171.05,2586,N, ,302,      1000.00,       700.00
N,SM,ALLETEC,ALL E TECHNOLOGIES LTD,       133.25,       135.90,       137.65,       135.90,       137.25,                  3068160.00,22400,N, ,43,       309.90,       115.80
N,EQ,ALLTIME,ALL TIME PLASTICS LIMITED,       199.78,       201.97,       210.00,       200.50,       206.08,                 35356223.56,171524,N, ,4261,       317.40,       186.00
N,EQ,ALMONDZ,ALMONDZ GLOBAL SEC LTD,        17.66,        17.80,        18.09,        17.52,        17.89,                  5397065.14,302678,N, ,613,        22.10,        10.68
N,EQ,ALOKINDS,ALOK INDUSTRIES LIMITED,         7.53,         7.56,         8.28,         7.54,         7.83,                524704517.19,65791332,N, ,32342,        19.34,         7.06
N,EQ,ALPA,ALPA LABORATORIES LTD,        63.30,        64.00,        64.00,        61.50,        62.71,                   578468.52,9194,N, ,161,        99.00,        46.10
N,SM,ALPEXSOLAR,ALPEX SOLAR LIMITED,       877.75,       877.65,       905.00,       864.95,       889.30,                 90475475.00,101900,N, ,617,      1374.85,       660.00
N,EQ,ALPINETEX,ALPINE TEXWORLD LIMITED,        57.17,        57.60,        58.95,        55.60,        57.76,                 19260026.54,337604,N, ,3446,       105.00,        50.46
N,EQ,ALUFLUOR,ALUFLUORIDE LTD.,       502.15,       505.00,       505.00,       496.05,       499.05,                  2115600.30,4229,N, ,162,       509.90,       421.00
N,SM,ALUWIND,ALUWIND INFRA-TECH LTD,        48.50,        48.50,        49.40,        47.55,        49.20,                   437775.00,9000,N, ,6,        95.80,        40.00
N,EQ,AMAGI,AMAGI MEDIA LABS LIMITED,       562.35,       566.85,       570.00,       555.30,       563.30,                103217270.05,183462,N, ,6580,       727.40,       310.20
N,EQ,AMAL,AMAL LTD.,       749.80,       748.00,       756.70,       735.00,       743.20,                  3672642.35,4940,N, ,369,       822.00,       730.05
N,EQ,AMARJOTHI,AMARJOTHI SPINNING MILL L,       158.81,       159.00,       164.68,       158.00,       160.94,                  1570680.11,9739,N, ,85,       166.00,       150.35
N,SM,AMBAAUTO,AMBA AUTO SALES AND SER L,       109.55,       113.90,       113.90,       109.55,       110.50,                 14017200.00,126000,N, ,15,       137.50,        63.60
N,EQ,AMBER,AMBER ENTERPRISES (I) LTD,      7410.00,      7428.00,      7524.00,      7380.00,      7474.00,                958773669.50,128335,N, ,19991,      8974.00,      5400.50
N,EQ,AMBICAAGAR,AMBICA AGAR & AROMAINDLTD,        26.33,        27.69,        28.35,        25.54,        27.21,                 14246641.92,520846,N, ,1482,        29.68,        20.00
N,EQ,AMBIKCO,AMBIKA COTTON MILL LTD.,      1634.70,      1649.90,      1650.00,      1624.30,      1639.10,                  9678668.20,5906,N, ,825,      1931.00,      1101.00
N,SM,AMCL,ANB METAL CAST LIMITED,       363.50,       357.00,       370.00,       357.00,       370.00,                   583960.00,1600,N, ,4,       554.00,       180.00
N,EQ,AMDIND,AMD INDUSTRIES LIMITED,        58.51,        58.00,        61.75,        58.00,        60.32,                  4470654.58,73559,N, ,950,        68.07,        33.77
N,SM,AMEYA,AMEYA PRECISION ENG LTD,       107.15,       107.15,       107.15,       107.15,       107.15,                   214300.00,2000,N, ,1,       128.45,        86.00
N,EQ,AMJLAND,AMJ LAND HOLDINGS LIMITED,        39.60,        39.79,        39.92,        38.63,        39.47,                   138832.95,3541,N, ,119,        61.00,        30.30
N,EQ,AMNPLST,AMINES & PLASTICIZERS LTD,       176.07,       179.95,       179.95,       172.80,       172.89,                   984167.66,5639,N, ,291,       250.00,       127.00
N,EQ,AMRUTANJAN,AMRUTAJAN HEALTH LTD,       507.35,       509.00,       516.00,       500.10,       505.45,                 20742267.40,41069,N, ,1038,       790.95,       482.80
N,EQ,ANANDRATHI,ANAND RATHI WEALTH LTD,      2205.30,      2213.00,      2224.00,      2201.00,      2215.90,                265196998.30,119776,N, ,13636,      3735.00,      1710.60
N,IV,ANANTAM,ANANTAM HIGHWAYS TRUST,       106.00,       106.00,       106.39,       105.66,       106.00,                  1431325.96,13503,N, ,87,       117.00,       100.10
N,EQ,ANANTRAJ,ANANT RAJ LIMITED,       628.30,       633.00,       646.40,       622.10,       625.45,               2673085693.55,4215356,N, ,66431,       743.65,       403.00
N,SM,ANAWIL,ANAWIL WIRE AND ENGIN LTD,       382.50,       379.80,       393.90,       369.00,       382.40,                117413600.00,308800,N, ,655,       491.95,       313.20
N,EQ,ANDHRAPAP,ANDHRA PAPER LIMITED,        63.29,        63.80,        64.98,        62.22,        64.45,                 21883284.51,342517,N, ,2631,        86.89,        58.00
N,EQ,ANDHRSUGAR,ANDHRA SUGARS LTD,       101.29,       102.19,       102.71,        98.75,        99.51,                 47824065.33,477164,N, ,5143,       107.23,        66.50
N,EQ,ANDREWYU,ANDREW YULE & CO. LTD.,        27.98,        28.00,        28.50,        27.79,        27.93,                  1197794.99,42562,N, ,286,        40.70,        18.80
N,EQ,ANGELONE,ANGEL ONE LIMITED,       286.00,       295.10,       308.35,       294.75,       299.80,               8825066015.90,29274355,N, ,175151,      2867.00,       208.63
N,EQ,ANIKINDS,ANIK INDUSTRIES LTD,        44.99,        45.20,        46.95,        45.00,        45.00,                    92546.22,2038,N, ,35,        96.86,        32.50
N,SM,ANLON,ANLON TECHNOLOGY SOL LTD,       658.00,       658.00,       673.95,       658.00,       670.00,                  4542580.00,6800,N, ,16,       748.00,       335.00
N,EQ,ANMOL,ANMOL INDIA LIMITED,        10.04,        10.00,        10.20,         9.70,        10.08,                   485464.22,48326,N, ,241,        17.74,         8.40
N,EQ,ANNAPURNA,ANNAPURNA SWADISHT LTD,       147.78,       151.45,       151.45,       139.00,       140.20,                 13774275.44,96996,N, ,1165,       167.00,       139.00
N,SM,ANONDITA,ANONDITA MEDICARE LIMITED,      1099.90,      1105.00,      1144.80,      1105.00,      1109.55,                 79668500.00,71200,N, ,200,      1316.00,       261.75
N,EQ,ANSALBU,ANSAL BUILDWELL LTD.,        76.35,        75.00,        83.00,        75.00,        80.68,                    71967.57,905,N, ,13,        92.40,        70.64
N,EQ,ANTELOPUS,ANTELOPUS SELAN ENRGY LTD,      1013.30,      1001.00,      1028.80,       925.20,       957.15,               4805165352.50,4816181,N, ,130208,      1075.10,       357.00
N,EQ,ANTGRAPHIC,ANTARCTICA LTD,         0.75,         0.75,         0.76,         0.73,         0.73,                   150438.62,202908,N, ,173,         1.17,         0.64
N,EQ,ANTHEM,ANTHEM BIOSCIENCES LTD,       950.70,       970.00,       973.50,       926.80,       934.05,                821102343.75,872940,N, ,49939,       973.50,       579.15
N,EQ,ANUHPHR,ANUH PHARMA LIMITED,        79.68,        80.75,        82.35,        79.70,        81.10,                  6539239.53,80373,N, ,1399,        93.00,        67.00
N,EQ,ANUP,THE ANUP ENGINEERING LTD,      1808.00,      1820.00,      1820.00,      1781.00,      1785.80,                 19147500.50,10691,N, ,1718,      2576.00,      1422.30
N,EQ,ANURAS,ANUPAM RASAYAN INDIA LTD,      1240.20,      1240.00,      1246.10,      1234.00,      1238.70,                101814132.70,82271,N, ,3801,      1415.00,      1045.20
N,SM,ANYA,ANYA POLYTECH & FERTI LTD,        15.05,        15.30,        15.30,        15.30,        15.30,                    76500.00,5000,N, ,1,        25.45,        14.15
N,IV,ANZEN,ANZEN IND ENE YLD PLU TRU,       130.00,       129.00,       129.00,       129.00,       129.00,                  3225000.00,25000,N, ,1,       132.90,       114.00
N,EQ,APARINDS,APAR INDUSTRIES LTD.,     17704.00,     17689.00,     17895.00,     17365.00,     17421.00,               1640579285.00,93101,N, ,27628,     18465.00,      6801.00
N,EQ,APCL,ANJANI PORTLAND CEM LTD,       100.10,       102.50,       102.50,       100.11,       101.42,                   504691.74,4976,N, ,106,       148.78,        98.02
N,EQ,APCOTEXIND,APCOTEX INDUSTRIES LIMITE,       650.40,       658.00,       665.00,       632.70,       635.50,                111377373.60,172649,N, ,8268,       712.00,       310.45
N,EQ,APEX,APEX FROZEN FOODS LIMITED,       376.75,       378.00,       383.60,       373.20,       375.15,                 37664500.90,99807,N, ,3751,       514.50,       208.74
N,EQ,APLAPOLLO,APL APOLLO TUBES LTD,      2159.40,      2154.60,      2281.00,      2150.40,      2250.00,               2123707808.80,955928,N, ,31541,      2301.40,      1592.60
N,EQ,APLLTD,ALEMBIC PHARMA LTD,       803.65,       805.00,       811.75,       792.60,       808.20,                139867334.35,174296,N, ,13154,       998.00,       635.80
N,EQ,APOLLO,APOLLO MICRO SYSTEMS LTD,       383.25,       383.50,       392.95,       383.50,       388.90,               1747437304.55,4500219,N, ,33823,       466.50,       179.50
N,EQ,APOLLOPIPE,APOLLO PIPES LIMITED,       614.55,       617.00,       617.00,       600.55,       605.10,                 46377828.00,76562,N, ,2742,       668.80,       252.10
N,EQ,APOLLOTYRE,APOLLO TYRES LTD,       433.85,       433.85,       435.15,       428.25,       429.55,                175436511.95,407526,N, ,15940,       540.50,       365.30
N,EQ,APOLSINHOT,APOLLO SINDOORI HOTEL LTD,      1233.10,      1233.10,      1248.00,      1212.00,      1218.10,                   764974.90,625,N, ,57,      1479.00,       950.00
N,SM,APRAMEYA,APRAMEYA ENGINEERING LTD,       120.30,       120.00,       120.50,       115.00,       116.50,                  2482975.00,21000,N, ,33,       360.00,       114.25
N,SM,APS,AUSTRALIAN PREM SOLAR I L,       245.00,       245.00,       248.65,       241.00,       244.75,                  2941150.00,12000,N, ,40,       543.95,       228.00
N,EQ,APTUS,APTUS VALUE HSG FIN I LTD,       257.31,       257.31,       261.96,       256.20,       258.85,                311197175.14,1203338,N, ,33845,       353.25,       193.03
N,EQ,AQYLON,AQYLON NEXUS LIMITED,        21.59,        22.18,        22.66,        21.76,        22.46,                 12377345.92,555317,N, ,1622,      2247.00,        19.66
N,EQ,ARCHIDPLY,ARCHIDPLY IND. LTD,       105.99,       107.99,       107.99,       103.65,       104.89,                  1832632.45,17295,N, ,307,       124.78,        60.00
N,EQ,ARCHIES,ARCHIES LTD,        12.91,        13.00,        13.20,        12.80,        12.90,                   134089.58,10318,N, ,98,        24.38,        10.86
N,SM,ARCIIL,ARC INSULATION & INSU LTD,        37.90,        37.20,        37.20,        36.00,        36.95,                   147150.00,4000,N, ,4,       136.50,        34.50
N,EQ,ARCL,ARCL ORGANICS LTD.,       228.30,       238.25,       238.25,       216.89,       225.00,                   220537.69,998,N, ,54,       249.68,       216.89
N,EQ,ARDEE,ARDEE INDUSTRIES LIMITED,        54.84,        55.97,        56.14,        55.20,        55.66,                124632052.43,2239330,N, ,12131,        73.19,        54.48
N,EQ,ARE&M,AMARA RAJA ENERGY MOB LTD,       860.40,       861.30,       868.95,       855.05,       864.20,                314148605.05,363791,N, ,21774,      1057.85,       670.00
N,EQ,ARENTERP,RAJDARSHAN INDUSTRIES LTD,        35.06,        36.00,        36.00,        34.60,        34.65,                    20991.39,597,N, ,22,        60.79,        30.01
N,EQ,ARFIN,ARFIN INDIA LIMITED,        89.09,        89.02,        89.02,        85.89,        87.24,                 99188227.23,1136109,N, ,4595,       106.20,        32.00
N,SM,ARHAM,ARHAM TECHNOLOGIES LTD,       214.45,       215.00,       215.00,       208.00,       213.95,                 17230900.00,81000,N, ,59,       223.75,        93.55
N,EQ,ARIES,ARIES AGRO LTD.,       496.60,       496.55,       506.95,       486.30,       500.10,                 29715171.55,59836,N, ,2666,       517.90,       285.35
N,EQ,ARIHANT,ARIHANT FOUN & HOU LTD,       920.65,       959.00,       994.80,       920.50,       953.15,                  1112764.10,1172,N, ,176,      1225.00,       762.60
N,SM,ARIHANTACA,ARIHANT ACADEMY LIMITED,       496.00,       495.00,       500.00,       495.00,       498.25,                  1793780.00,3600,N, ,9,       555.00,       375.00
N,EQ,ARIHANTCAP,ARIHANT CAPITAL MKTS LTD,        78.52,        78.88,        80.40,        78.35,        79.69,                 18733203.12,235293,N, ,1413,       120.00,        56.97
N,EQ,ARIHANTSUP,ARIHANT SUPERSTRUCT LTD,       236.15,       239.00,       239.00,       228.00,       229.50,                  8916907.30,37696,N, ,412,       465.00,       188.80
N,EQ,ARIS,ARISINFRA SOLUTIONS LTD,       129.43,       130.00,       132.89,       127.10,       128.56,                213311946.96,1642011,N, ,8777,       178.30,        82.18
N,EQ,ARKADE,ARKADE DEVELOPERS LIMITED,       124.17,       125.40,       126.45,       121.78,       125.22,                 35325916.48,285467,N, ,3435,       188.25,        92.62
N,EQ,ARMANFIN,ARMAN FIN SERV LTD,      1991.90,      1987.20,      2083.00,      1987.20,      2069.30,                 87630756.30,42583,N, ,4530,      2158.60,      1301.00
N,EQ,AROGRANITE,ARO GRANITE IND. LTD.,        24.97,        25.05,        25.05,        24.40,        24.55,                   127040.90,5191,N, ,39,        45.63,        18.67
N,EQ,ARSSBL,ANAND RATHI SH N STK BR L,       514.95,       520.65,       529.40,       513.35,       515.05,                 79767694.15,153131,N, ,4296,       794.85,       416.00
N,EQ,ARTEMISMED,ARTEMIS MED SERVICE LTD,       319.85,       321.00,       339.30,       318.30,       332.80,                295886045.55,885338,N, ,23561,       339.30,       203.35
N,EQ,ARTNIRMAN,ART NIRMAN LIMITED,        40.43,        40.80,        40.99,        40.63,        40.63,                     7044.81,172,N, ,4,        66.97,        29.39
N,SM,ARUNAYA,ARUNAYA ORGANICS LIMITED,        14.60,        14.30,        14.50,        14.30,        14.45,                   172200.00,12000,N, ,6,        31.45,        13.90
N,EQ,ARVEE,ARVEE LABORATORIES I LTD,       165.00,       165.61,       171.90,       163.00,       165.10,                   130858.86,790,N, ,41,       290.78,       129.11
N,EQ,ARVIND,ARVIND LIMITED,       567.00,       563.10,       566.00,       550.00,       552.95,                171795722.55,308497,N,XD,15618,       600.00,       277.90
N,EQ,ARVINDFASN,ARVIND FASHIONS LIMITED,       454.30,       456.60,       458.05,       445.00,       446.50,                 34026053.60,75363,N, ,5220,       579.00,       366.20
N,SM,ARVINDPORT,ARVIND PORT AND INFRA LTD,        32.00,        32.00,        32.00,        32.00,        32.00,                   288000.00,9000,N, ,1,        71.25,        24.40
N,EQ,ARVSMART,ARVIND SMARTSPACES LTD,       639.00,       645.60,       653.80,       640.05,       642.50,                 18379019.10,28414,N, ,1595,       707.85,       486.80
N,EQ,ARYAMAN,ARYAMAN FINANCIAL SERV L,       626.50,       615.00,       626.35,       615.00,       620.20,                    79899.30,129,N, ,10,       674.95,       570.00
N,EQ,ASAHIINDIA,ASAHI INDIA GLASS LIMITED,       962.25,       962.95,       969.80,       952.95,       955.90,                246070003.90,256318,N, ,15061,      1074.00,       775.10
N,EQ,ASAL,AUTOMOTIVE STAMPINGS & AS,       486.30,       486.50,       486.50,       466.05,       473.75,                 11321120.85,23916,N, ,1757,       654.65,       374.50
N,EQ,ASALCBR,ASSO ALCOHOLS & BREW LTD,       696.05,       696.05,       710.00,       696.05,       706.35,                 10045732.95,14302,N, ,1497,      1277.00,       660.65
N,SM,ASHALOG,ASHAPURA LOGISTICS LTD,        63.25,        62.50,        62.50,        62.50,        62.50,                    62500.00,1000,N, ,1,        92.60,        49.60
N,EQ,ASHAPURMIN,ASHAPURA MINECHEM LTD,       547.95,       549.85,       559.95,       546.00,       551.00,                152183165.65,275733,N, ,13177,       924.90,       455.10
N,EQ,ASHIANA,ASHIANA HOUSING LTD,       366.55,       366.20,       370.40,       358.20,       359.55,                 14826575.10,40739,N, ,991,       435.90,       269.45
N,EQ,ASHIMASYN,ASHIMA LTD,        17.88,        17.60,        18.34,        17.50,        17.89,                  3675024.39,207276,N, ,330,        26.00,        11.50
N,EQ,ASHOKA,ASHOKA BUILDCON LTD,       117.32,       117.25,       118.18,       115.00,       115.55,                115767124.26,998292,N, ,9403,       214.50,       101.00
N,EQ,ASHOKAMET,ASHOKA METCAST LIMITED,        13.47,        13.95,        13.99,        13.38,        13.58,                   236690.95,17200,N, ,103,        21.00,        12.13
N,EQ,ASHOKLEY,ASHOK LEYLAND LTD,       169.35,       168.98,       173.29,       168.18,       169.00,               2304474435.93,13509881,N, ,59938,       215.42,       125.85
N,SM,ASHWINI,ASHWINI CONTAINER MOVER L,       180.00,       180.00,       180.00,       180.00,       180.00,                   180000.00,1000,N, ,1,       219.90,       120.00
N,EQ,ASIANENE,ASIAN ENERGY SERVICES LTD,       523.00,       527.05,       538.00,       509.00,       517.45,                249638101.80,476280,N, ,15683,       538.00,       230.00
N,EQ,ASIANHOTNR,ASIAN HOTELS (NORTH) LTD,       383.85,       389.95,       390.85,       378.55,       384.75,                  4117347.95,10682,N, ,448,       402.55,       247.50
N,EQ,ASIANTILES,ASIAN GRANITO IND. LTD.,        49.96,        49.80,        50.50,        49.56,        50.26,                102651872.32,2049363,N, ,5169,        79.06,        42.50
N,EQ,ASIANTNE,ASIAN TEA & EXPORTS LTD.,         9.76,         9.50,         9.76,         9.34,         9.74,                   161341.41,16866,N, ,64,        10.99,         8.64
N,EQ,ASKAUTOLTD,ASK AUTOMOTIVE LIMITED,       632.20,       639.00,       639.00,       615.15,       618.85,                102854566.55,164992,N, ,7129,       687.70,       375.30
N,EQ,ASPINWALL,ASPINWALL & CO LTD,       257.55,       257.65,       265.00,       257.55,       259.25,                   612578.30,2331,N, ,67,       299.80,       200.25
N,SM,ASPIRE,ASPIRE & INNOVATIVE ADV L,        13.05,        12.50,        13.25,        12.50,        13.25,                    51500.00,4000,N, ,2,        27.00,        10.20
N,EQ,ASSAMENT,ASSAM ENTRADE LIMITED,       831.00,       826.85,       830.00,       826.85,       830.00,                    13273.70,16,N, ,2,       857.75,       705.00
N,EQ,ASTAR,ASIAN STAR CO. LTD.,       578.50,       590.00,       597.90,       585.00,       585.00,                     5351.50,9,N, ,4,       723.00,       525.50
N,EQ,ASTEC,ASTEC LIFESCIENCES LTD,       573.25,       581.80,       581.80,       552.10,       554.45,                 24704757.90,43913,N, ,2181,       941.75,       513.40
N,EQ,ASTERDM,ASTER DM QUALITY CARE LTD,       787.00,       790.85,       792.05,       780.35,       785.75,                911614568.70,1157850,N, ,41732,       891.30,       519.10
N,EQ,ASTRAL,ASTRAL LIMITED,      1495.20,      1489.80,      1509.90,      1484.00,      1492.90,                984779588.80,658868,N, ,24797,      1768.70,      1311.60
N,EQ,ASTRAMICRO,ASTRA MICROWAVE LTD,      1665.10,      1666.10,      1741.00,      1666.10,      1729.00,                863137245.10,502645,N, ,26428,      1960.00,       851.00
N,EQ,ASTRAZEN,ASTRAZENECA PHARMA IND LT,      6940.50,      6999.00,      7062.00,      6900.00,      6944.00,                 45222732.00,6489,N, ,2682,      9849.50,      6835.00
N,EQ,ATALREAL,ATAL REALTECH LIMITED,        25.90,        26.09,        26.40,        26.04,        26.22,                362621060.47,13883610,N, ,5677,        36.70,        17.75
N,EQ,ATAM,ATAM VALVES LIMITED,        54.79,        55.99,        58.40,        50.00,        52.99,                  2280440.59,42586,N, ,445,       111.00,        48.50
N,EQ,ATGL,ADANI TOTAL GAS LIMITED,       614.05,       614.00,       619.80,       610.55,       612.35,                274247319.60,445851,N, ,15365,       859.85,       462.80
N,EQ,ATHERENERG,ATHER ENERGY LIMITED,      1638.90,      1644.00,      1644.50,      1560.90,      1584.00,               8886302451.80,5585636,N, ,146553,      1744.00,       445.30
N,EQ,ATL,ALLCARGO TERMINALS LTD,        24.26,        24.49,        25.65,        24.32,        25.31,                  5518913.51,220494,N, ,2019,        40.51,        18.20
N,EQ,ATLANTAA,ATLANTAA LIMITED,        39.86,        41.28,        41.28,        39.00,        39.15,                   819155.34,20793,N, ,370,        73.39,        29.61
N,EQ,ATLANTAELE,ATLANTA ELECTRICALS LTD,      1886.40,      1905.90,      1920.00,      1847.90,      1881.70,                193512208.80,102999,N, ,12287,      2152.60,       707.60
N,EQ,ATLASCYCLE,ATLAS CYCLE (HARYANA) LTD,        95.44,        96.44,        96.44,        93.50,        96.18,                   351615.80,3691,N, ,109,       123.67,        76.15
N,E1,ATLPP,ATL RE.0.50 PPD UP,         9.10,         9.06,         9.20,         9.00,         9.00,                     3080.00,342,N, ,9,        13.49,         6.22
N,SM,ATMASTCO,ATMASTCO LIMITED,       139.75,       140.00,       140.75,       137.60,       139.50,                  1283240.00,9200,N, ,12,       247.50,        98.00
N,EQ,ATUL,ATUL LTD,      6469.00,      6476.00,      6515.50,      6370.50,      6386.00,                117557736.50,18343,N, ,6096,      7180.00,      5560.50
N,EQ,ATULAUTO,ATUL AUTO LIMITED,       461.30,       462.00,       467.20,       458.35,       465.15,                 40936212.50,88513,N, ,3469,       596.55,       380.05
N,EQ,AUBANK,AU SMALL FINANCE BANK LTD,      1072.00,      1071.90,      1074.10,      1060.40,      1065.00,                644294683.10,602949,N, ,31140,      1144.10,       682.15
N,EQ,AUGMONT,AUGMONT ENTERPRISES LTD,       922.70,       922.70,       940.10,       894.00,       901.50,                864620013.85,942895,N, ,33716,      1019.80,       851.00
N,EQ,AURIONPRO,AURIONPRO SOLN LTD,       686.45,       691.00,       697.30,       686.00,       689.70,                 67850598.35,98258,N, ,4773,      1334.80,       680.15
N,SM,AUROIMPEX,AURO IMPEX & CHEMICALS L,        28.65,        27.55,        27.55,        27.25,        27.50,                   437920.00,16000,N, ,10,        53.95,        21.25
N,EQ,AUROPHARMA,AUROBINDO PHARMA LTD,      1637.30,      1637.30,      1661.50,      1622.60,      1653.10,                947192281.70,573938,N, ,26194,      1717.00,      1016.10
N,EQ,AURUM,AURUM PROPTECH LIMITED,       224.76,       226.70,       228.55,       223.70,       225.16,                 20075958.83,88743,N, ,2073,       264.64,       151.90
N,EQ,AURUS,AURUS GEM CORP LIMITED,         4.62,         4.70,         4.95,         4.57,         4.84,                   127387.94,26293,N, ,155,         7.49,         4.10
N,SM,AUSL,ADITYA ULTRA STEEL LTD,        25.80,        24.55,        24.55,        24.55,        24.55,                    49100.00,2000,N, ,1,        40.65,        17.35
N,EQ,AUSOMENT,AUSOM ENTERPRISE LIMITED,       159.95,       162.00,       166.59,       155.20,       161.79,                  3064350.93,18928,N, ,204,       178.00,        93.00
N,EQ,AUSTENG,AUSTIN ENGINEERING CO. L,       124.70,       124.70,       124.70,       121.30,       124.70,                   117527.11,951,N, ,37,       134.00,       110.00
N,EQ,AUTOAXLES,AUTOMOTIVE AXLES LIMITED,      1705.40,      1710.00,      1717.80,      1684.10,      1688.70,                 12252961.80,7212,N, ,838,      2115.00,      1540.20
N,EQ,AUTOIND,AUTOLINE INDUSTRIES LTD,        92.75,        94.00,        95.90,        85.21,        86.45,                 53498993.66,600314,N, ,6554,       104.00,        48.35
N,EQ,AVADHSUGAR,AVADH SUG & ENERGY LTD,       831.10,       827.00,       827.00,       801.00,       809.50,                 78953673.35,97497,N, ,4353,       884.80,       306.05
N,EQ,AVALON,AVALON TECHNOLOGIES LTD,      2248.60,      2320.00,      2347.70,      2175.00,      2196.60,               1543324603.50,683759,N, ,62829,      2400.00,       777.30
N,EQ,AVANCE,AVANCE TECHNOLOGIES LTD.,         0.82,         0.83,         0.83,         0.82,         0.82,                  2465295.71,2992770,N, ,1245,         0.94,         0.75
N,EQ,AVANTEL,AVANTEL LIMITED,       156.50,       156.60,       158.38,       154.46,       154.96,                 85359412.18,546755,N, ,6048,       215.00,       117.05
N,EQ,AVANTIFEED,AVANTI FEEDS LIMITED,       795.85,       797.10,       805.80,       795.50,       798.60,                166776989.55,208229,N, ,14589,      1593.80,       627.00
N,SM,AVIANSH,AVI ANSH TEXTILE LIMITED,       104.50,       104.50,       104.50,       102.50,       102.50,                   618500.00,6000,N, ,5,       123.50,        95.00
N,SM,AVIENCE,AVIENCE BIOMEDICALS LTD,       270.50,       272.00,       279.00,       270.05,       275.00,                  2799270.00,10200,N, ,16,       414.95,       222.00
N,EQ,AVL,ADITYA VISION LIMITED,       600.40,       604.00,       604.00,       590.40,       600.05,                135134137.45,226161,N, ,18774,       705.00,       436.55
N,EQ,AVONMORE,AVONMORE CAP&MGT SERV LTD,        13.12,        13.74,        13.74,        12.93,        13.02,                  4072896.71,310318,N, ,722,        23.90,         9.05
N,SM,AVPINFRA,AVP INFRACON LIMITED,        58.40,        58.50,        59.00,        58.00,        58.25,                  1070960.00,18400,N, ,17,       189.45,        54.50
N,EQ,AVROIND,AVRO INDIA LIMITED,         8.97,         8.78,         8.96,         8.60,         8.72,                  3432490.36,390578,N, ,1288,       159.90,         8.00
N,EQ,AVTNPL,AVT NATURAL PRODUCTS LTD,        91.64,        93.66,        93.66,        90.45,        91.02,                 28318141.42,309025,N, ,3137,        97.00,        53.50
N,EQ,AWFIS,AWFIS SPACE SOLUTIONS LTD,       256.50,       258.00,       262.95,       256.55,       260.80,                 30987027.95,118804,N, ,3931,       639.40,       229.05
N,EQ,AWHCL,ANTONY WASTE HDG CELL LTD,       371.40,       372.20,       374.85,       367.05,       370.80,                 23943766.70,64504,N, ,3214,       616.00,       367.05
N,EQ,AWL,AWL AGRI BUSINESS LIMITED,       190.79,       191.11,       191.90,       186.20,       187.29,                562059740.73,2987354,N, ,35133,       282.90,       171.19
N,EQ,AXISCADES,AXISCADES TECH LTD,      1730.40,      1735.20,      1765.00,      1701.70,      1711.60,                292321339.60,168634,N, ,14233,      2211.00,      1063.30
N,EQ,AXITA,AXITA COTTON LIMITED,         8.01,         8.11,         8.14,         8.01,         8.01,                  2858146.74,356179,N, ,600,        13.42,         6.57
N,EQ,AXTEL,AXTEL INDUSTRIES LTD.,       394.80,       388.60,       396.70,       388.60,       394.50,                   577845.15,1470,N, ,43,       424.95,       385.00
N,EQ,AYE,AYE FINANCE LIMITED,       180.61,       182.05,       188.95,       180.84,       184.81,                227713546.74,1223851,N, ,20556,       197.29,        88.22
N,EQ,AYMSYNTEX,AYM SYNTEX LIMITED,       317.25,       317.25,       323.45,       305.10,       310.70,                 39242961.35,124761,N, ,4405,       325.00,       141.53
N,EQ,AZAD,AZAD ENGINEERING LIMITED,      2766.90,      2770.00,      2824.30,      2753.40,      2777.30,                624898969.10,224210,N, ,18137,      2986.60,      1360.00
N,EQ,AZADIND,AZAD INDIA MOBILITY LTD.,        90.32,        90.32,        90.97,        89.00,        89.59,                  3302057.50,36841,N, ,402,        98.99,        72.97
N,SM,BABAFP,BABA FOOD PROCESSING,        25.50,        24.00,        24.00,        23.85,        23.85,                   153120.00,6400,N, ,4,        42.45,        17.65
N,SM,BAGDIGITAL,B.A.G.CONVERGENCE LIMITED,       106.00,       106.00,       106.00,       105.00,       105.00,                  1180880.00,11200,N, ,5,       139.00,        95.75
N,EQ,BAGFILMS,B.A.G FILMS AND MEDIA LTD,         4.32,         4.35,         4.60,         4.29,         4.51,                  1010761.20,225253,N, ,226,         8.00,         3.61
N,RR,BAGMANE,BAGMANE PRIME OFFICE REIT,       106.38,       107.04,       107.04,       105.90,       106.28,                 42466543.54,399564,N, ,4657,       110.46,       102.25
N,SM,BAHETI,BAHETI RECYCLING IND LTD,       849.45,       881.00,       881.00,       842.65,       846.00,                 11828850.00,13875,N, ,27,       881.00,       478.00
N,EQ,BAIDFIN,BAID FINSERV LIMITED,        10.10,        10.23,        10.23,         9.91,        10.12,                   444006.39,43775,N, ,165,        12.98,         8.80
N,EQ,BAJAJCON,BAJAJ CONSUMER CARE LTD,       508.95,       512.00,       519.80,       507.50,       517.55,                657173077.40,1279757,N, ,26101,       692.00,       220.10
N,EQ,BAJAJELEC,BAJAJ ELECT.LTD,       334.20,       334.00,       337.15,       330.00,       331.15,                 24434097.65,73439,N, ,2379,       653.80,       301.00
N,EQ,BAJAJHCARE,BAJAJ HEALTHCARE LIMITED,       325.20,       327.80,       331.90,       319.85,       321.45,                148591192.70,458849,N, ,5529,       515.90,       272.35
N,EQ,BAJAJHFL,BAJAJ HOUSING FINANCE LTD,        82.95,        83.00,        83.55,        82.93,        83.08,                151768998.25,1824719,N, ,19747,       117.00,        72.65
N,EQ,BAJAJHIND,BAJAJ HINDUSTHAN SUGAR LT,        22.08,        22.18,        22.18,        21.50,        21.86,                462969000.48,21280859,N, ,23788,        26.00,        14.85
N,EQ,BAJAJINDEF,INDEF MANUFACTURING LTD,       220.84,       221.30,       224.90,       220.53,       222.69,                  6763634.17,30501,N, ,435,       442.60,       207.25
N,EQ,BAJAJST,BAJAJ STEEL INDS. LTD.,       361.50,       366.70,       366.85,       361.70,       362.95,                  1809679.55,4966,N, ,438,       507.80,       343.00
N,EQ,BAJEL,BAJEL PROJECTS LIMITED,       185.69,       185.69,       188.12,       182.53,       183.82,                 17509910.49,94742,N, ,1983,       226.69,       135.10
N,EQ,BALAJEE,SHREE TIRUPATI BALAJEE L,        26.15,        26.65,        26.65,        26.11,        26.16,                   455973.20,17375,N, ,129,        59.90,        21.10
N,SM,BALAJIPHOS,BALAJI PHOSPHATES LIMITED,       108.25,       109.95,       114.80,       109.95,       114.00,                  1458700.00,13000,N, ,10,       184.70,        78.80
N,EQ,BALAJITELE,BALAJI TELEFILMS LIMITED.,        91.31,        91.25,        95.70,        88.36,        93.17,                141071087.04,1526021,N, ,10826,       141.32,        69.52
N,EQ,BALAMINES,BALAJI AMINES LIMITED,      2417.80,      2432.00,      2550.00,      2432.00,      2525.20,               1533578295.50,608894,N, ,55081,      2550.00,       968.10
N,EQ,BALAXI,BALAXI PHARMA LTD,        25.80,        26.60,        26.60,        24.93,        25.37,                  1302032.60,50780,N, ,216,        47.87,        15.20
N,SM,BALCO,SOLVE PLASTIC PRODUCTS L,        18.45,        17.55,        19.00,        17.55,        19.00,                    66420.00,3600,N, ,3,        31.85,        13.40
N,EQ,BALKRISHNA,BALKRISHNA PAPER MILLS L,        17.48,        17.50,        17.50,        17.00,        17.08,                   104245.52,6016,N, ,71,        25.97,        12.00
N,EQ,BALKRISIND,BALKRISHNA IND. LTD,      2327.30,      2330.00,      2346.30,      2264.00,      2284.60,                742163483.20,324489,N, ,29526,      2775.00,      1970.00
N,EQ,BALMLAWRIE,BALMER LAWRIE & CO LTD,       176.93,       177.75,       178.44,       177.30,       177.98,                 19010279.41,106907,N, ,1933,       238.20,       148.36
N,EQ,BALPHARMA,BAL PHARMA LTD.,        87.71,        87.70,        89.69,        87.10,        87.73,                   720777.45,8210,N, ,199,        98.85,        60.00
N,EQ,BALRAMCHIN,BALRAMPUR CHINI MILLS LTD,       704.35,       697.00,       702.00,       682.50,       690.60,               1543249872.90,2232338,N, ,43329,       780.95,       393.55
N,EQ,BALUFORGE,BALU FORGE INDUSTRIES LTD,       570.35,       572.50,       585.35,       563.60,       574.10,                750415894.45,1304593,N, ,21451,       697.00,       341.05
N,EQ,BANARBEADS,BANARAS BEADS LTD,       114.85,       114.01,       115.89,       113.52,       113.90,                   148988.04,1302,N, ,51,       164.70,        96.05
N,EQ,BANARISUG,BANNARI AMMAN SUGARS LTD,      3874.70,      3878.20,      3883.00,      3774.00,      3803.30,                  3276412.60,857,N, ,190,      4338.00,      3105.20
N,EQ,BANCOINDIA,BANCO PRODUCTS (I) LTD,       616.90,       618.40,       629.10,       616.50,       623.50,                 48478421.00,77773,N, ,6891,       879.80,       502.00
N,EQ,BANDHANBNK,BANDHAN BANK LIMITED,       164.23,       165.11,       166.74,       164.50,       164.95,                484362717.92,2928918,N, ,21919,       220.76,       134.25
N,EQ,BANG,BANG OVERSEAS LTD.,        34.17,        34.16,        34.97,        33.30,        34.79,                  2706437.32,78335,N, ,468,        62.07,        25.84
N,EQ,BANKA,BANKA BIOLOO LIMITED,        75.27,        79.00,        79.00,        77.25,        79.00,                   411657.40,5253,N, ,37,        97.88,        41.00
N,EQ,BANKINDIA,BANK OF INDIA,       145.00,       144.80,       145.80,       144.11,       145.00,                421059917.66,2902558,N, ,44590,       178.36,       110.68
N,EQ,BANSALWIRE,BANSAL WIRE INDUSTRIES L,       319.00,       319.00,       322.75,       313.25,       315.00,                 20019986.45,63070,N, ,2867,       374.00,       222.50
N,EQ,BANSWRAS,BANSWARA SYNTEX LIMITED,       117.78,       119.38,       120.00,       116.26,       117.05,                  3671154.63,31201,N, ,314,       144.00,        93.73
N,SM,BARFLEX,BARFLEX POLYFILMS LIMITED,        60.90,        60.90,        60.90,        58.05,        60.90,                   718400.00,12000,N, ,6,        82.40,        50.05
N,EQ,BASF,BASF INDIA LTD,      3832.40,      3835.00,      3907.00,      3829.40,      3864.90,                116983697.10,30319,N, ,4174,      4829.90,      3122.20
N,SM,BASILIC,BASILIC FLY STUDIO LTD,       193.95,       193.00,       193.00,       186.05,       188.65,                  2609475.00,13800,N, ,41,       509.80,       164.00
N,EQ,BATAINDIA,BATA INDIA LTD,       677.40,       677.45,       682.00,       671.00,       672.75,                 60853756.00,89939,N, ,5667,      1282.50,       605.00
N,EQ,BATLIBOI,BATLIBOI LTD.,        88.39,        89.90,        91.94,        88.88,        90.81,                  2287336.60,25336,N, ,879,       106.50,        71.21
N,EQ,BAYERCROP,BAYER CROPSCIENCE LTD,      3960.80,      3960.80,      3998.90,      3960.80,      3989.90,                 39796201.60,9989,N, ,1611,      5489.00,      3935.00
N,EQ,BBL,BHARAT BIJLEE LTD,      2298.30,      2309.70,      2315.90,      2280.00,      2289.30,                 61721950.30,26842,N, ,2531,      3411.00,      2051.70
N,EQ,BBOX,BLACK BOX LIMITED,       720.90,       722.00,       731.20,       710.00,       712.25,                142108721.00,198315,N, ,12698,      1103.00,       435.05
N,EQ,BBTC,BOMBAY BURMAH TRADING COR,      1501.60,      1513.90,      1513.90,      1495.10,      1496.80,                 65156570.90,43404,N, ,3393,      2135.00,      1314.60
N,EQ,BBTCL,B&B TRIPLEWALL CONT LTD,       233.77,       236.00,       236.00,       227.00,       230.22,                   793987.77,3429,N, ,169,       262.00,       156.00
N,EQ,BCG,BRIGHTCOM GROUP LIMITED,         9.00,         9.03,         9.06,         8.91,         8.98,                 23820468.91,2648978,N, ,3310,        13.10,         7.70
N,EQ,BCLIND,BCL INDUSTRIES LIMITED,        36.22,        36.37,        37.95,        36.04,        36.62,                 19266050.05,526260,N, ,2673,        44.90,        25.53
N,EQ,BCONCEPTS,BRAND CONCEPTS LIMITED,       165.43,       166.00,       176.43,       165.00,       167.33,                  2006386.40,11790,N, ,613,       449.00,       152.84
N,EQ,BCPL,BCPL RAILWAY INFRA LTD,        67.77,        67.77,        72.00,        67.25,        68.45,                  1079191.11,15587,N, ,476,        92.00,        60.00
N,EQ,BDL,BHARAT DYNAMICS LIMITED,      1257.70,      1253.00,      1293.00,      1253.00,      1255.00,               1772334434.50,1391949,N, ,42408,      1654.00,      1086.00
N,SM,BEACON,BEACON TRUSTEESHIP LTD,        87.30,        84.50,        84.50,        82.95,        83.60,                  1673200.00,20000,N, ,20,       124.80,        50.00
N,EQ,BEARDSELL,BEARDSELL LIMITED,        25.41,        25.29,        26.32,        24.62,        25.31,                   194932.07,7642,N, ,204,        38.60,        20.02
N,EQ,BECTORFOOD,MRS BECTORS FOOD SPE LTD,       229.41,       230.01,       231.70,       225.16,       225.96,                112658542.46,493507,N, ,13225,      1495.00,       165.00
N,EQ,BEDMUTHA,BEDMUTHA INDUST LTD,       112.23,       108.50,       115.00,       108.50,       112.37,                   794550.62,7077,N, ,115,       154.90,        94.55
N,EQ,BEEKAY,BEEKAY STEEL INDS. LTD.,       419.55,       419.55,       421.00,       406.85,       417.40,                  1932740.70,4726,N, ,172,       471.85,       355.05
N,EQ,BELLACASA,BELLA CASA FASH AND RET L,       239.51,       241.90,       246.95,       240.02,       242.85,                   985493.12,4050,N, ,263,       497.35,       214.68
N,EQ,BELRISE,BELRISE INDUSTRIES LTD,       238.11,       238.15,       239.25,       233.52,       236.86,                443187718.36,1873911,N, ,26919,       268.20,       135.16
N,EQ,BEML,BEML LIMITED,      2079.40,      2082.00,      2127.00,      2045.00,      2057.80,               1435602230.90,687676,N, ,41468,      4551.50,      1355.00
N,EQ,BENARAS,BENARES HOTELS LTD.,     10200.00,     10270.00,     10270.00,     10200.00,     10200.00,                  1091470.00,107,N, ,30,     10500.00,      9965.00
N,EQ,BENGALASM,BENGAL & ASSAM CO. LTD.,      6375.00,      6445.00,      6499.00,      6271.00,      6332.50,                  2318625.00,362,N, ,104,      7268.00,      5845.85
N,EQ,BEPL,BHANSALI ENG. POLYMERS LT,       129.74,       130.00,       131.20,       126.10,       127.50,                152708771.13,1190325,N, ,11867,       138.50,        74.20
N,EQ,BERGEPAINT,BERGER PAINTS (I) LTD,       491.40,       494.00,       496.70,       484.00,       485.30,                135103354.40,277300,N, ,23139,       594.55,       391.10
N,EQ,BESTAGRO,BEST AGROLIFE LIMITED,        20.34,        20.99,        21.20,        18.83,        19.29,                 40865213.11,2082129,N, ,5742,       464.15,        12.30
N,EQ,BETA,BETA DRUGS LIMITED,      2258.90,      2258.00,      2275.70,      2190.10,      2218.50,                 29458593.80,13251,N, ,2146,      2807.90,       990.10
N,SM,BEWLTD,BEW ENGINEERING LIMITED,        49.30,        50.70,        50.70,        48.25,        49.30,                   567475.00,11500,N, ,21,       159.30,        47.95
N,EQ,BFINVEST,BF INVESTMENT LIMITED,       469.45,       475.00,       475.00,       464.10,       469.35,                 15575550.75,33149,N, ,1587,       584.70,       315.00
N,EQ,BFUTILITIE,BF UTILITIES LIMITED,       544.00,       543.05,       561.55,       537.00,       542.45,                149617948.20,272295,N, ,12608,       898.70,       368.70
N,EQ,BHAGCHEM,BHAGIRADHA CHEM & INDS L,       266.30,       266.60,       269.80,       263.10,       264.60,                  9205198.15,34606,N, ,759,       316.90,       170.60
N,EQ,BHAGYANGR,BHAGYANAGAR INDIA LIMITED,       373.45,       373.05,       381.80,       369.00,       370.45,                 28929252.80,77510,N, ,2681,       432.30,        86.00
N,EQ,BHANDARI,BHANDARI HOSIERY EXP LTD,         3.00,         3.02,         3.05,         3.00,         3.03,                   307877.04,101595,N, ,194,         5.25,         2.00
N,EQ,BHARATCOAL,BHARAT COKING COAL LTD,        33.80,        33.80,        34.05,        33.60,        33.81,                119753255.17,3546055,N, ,12715,        45.09,        29.74
N,EQ,BHARATFORG,BHARAT FORGE LTD,      1981.00,      1997.60,      1997.60,      1951.00,      1956.00,               3007566456.00,1526364,N, ,88838,      2295.00,      1104.60
N,EQ,BHARATRAS,BHARAT RASAYAN LTD,      1184.20,      1190.10,      1207.00,      1165.20,      1171.80,                 29857744.30,25242,N, ,2734,     11950.00,      1165.20
N,EQ,BHARATSE,BHARAT SEATS LIMITED,       213.69,       213.69,       214.70,       210.50,       211.69,                 19950995.61,93907,N, ,2110,       263.18,       133.60
N,EQ,BHARATWIRE,BHARAT WIRE ROPES LTD.,       180.42,       179.51,       182.59,       178.97,       181.32,                 25629840.72,141594,N, ,2287,       262.00,       148.01
N,EQ,BHARTIHEXA,BHARTI HEXACOM LIMITED,      1505.60,      1507.00,      1520.20,      1490.00,      1495.40,                 55877875.60,37216,N, ,4372,      1955.60,      1430.00
N,EQ,BHEL,BHEL,       431.80,       433.00,       439.20,       429.20,       431.10,               2570597352.55,5925391,N, ,52899,       446.50,       209.05
N,EQ,BIGBLOC,BIGBLOC CONSTRUCTION LTD,        41.29,        41.95,        42.40,        40.31,        41.92,                  2332106.71,56466,N, ,623,        80.00,        38.00
N,EQ,BIKAJI,BIKAJI FOODS INTERN LTD,       587.15,       587.15,       589.85,       582.00,       584.20,                 30526794.75,52134,N, ,3510,       818.70,       582.00
N,EQ,BIL,BHARTIYA INTERNATIONAL,       915.85,       924.00,       924.00,       899.95,       907.85,                  7951980.55,8736,N, ,638,       980.00,       602.00
N,EQ,BIMETAL,BIMETAL BEARINGS LTD.,       630.45,       633.50,       635.50,       633.50,       635.00,                    67953.00,107,N, ,8,       750.75,       537.90
N,EQ,BIOCON,BIOCON LIMITED.,       402.00,       404.00,       404.90,       396.20,       397.40,               1246689437.30,3108555,N, ,26399,       447.15,       337.05
N,EQ,BIOFILCHEM,BIOFIL CHEM & PHARMA LTD,        31.97,        32.80,        32.80,        31.31,        32.00,                   177784.20,5543,N, ,151,        46.34,        25.60
N,SM,BIOPOL,BIOPOL CHEMICALS LIMITED,        43.60,        45.70,        45.75,        45.70,        45.75,                   494040.00,10800,N, ,4,       133.75,        39.50
N,RR,BIRET,BROOKFIELD INDIA RET,       342.37,       344.00,       344.00,       339.50,       341.79,                 46511470.16,136167,N, ,7282,       375.69,       312.05
N,EQ,BIRLACORPN,BIRLA CORPORATION LTD,       880.90,       880.00,       895.00,       874.30,       887.35,                 43168944.65,48723,N, ,4366,      1346.10,       769.60
N,EQ,BIRLAMONEY,ADITYA BIRLA MONEY LTD,       127.15,       126.77,       129.19,       123.50,       126.37,                  7868118.80,62184,N, ,1043,       197.39,        95.00
N,EQ,BIRLANU,BIRLANU LIMITED,      1423.50,      1440.00,      1451.00,      1421.90,      1448.00,                  8498138.10,5921,N, ,437,      2086.90,      1190.10
N,EQ,BIRLAPREC,BIRLA PRECISION TECH L,        51.67,        53.25,        59.79,        52.73,        57.92,                147065385.94,2574084,N, ,15177,        59.79,        32.25
N,EQ,BLACKBUCK,BLACKBUCK LIMITED,       582.40,       582.00,       588.95,       580.00,       586.10,                 92049219.70,157466,N, ,18533,       748.00,       496.00
N,EQ,BLAL,BEML LAND ASSETS LIMITED,       161.93,       162.00,       164.95,       160.61,       160.88,                  7011275.35,43253,N, ,854,       233.80,       155.50
N,EQ,BLBLIMITED,BLB LIMITED,        16.96,        17.00,        17.10,        16.42,        16.68,                  1961986.02,117198,N, ,443,        22.47,        12.00
N,EQ,BLEL,BEHARI LAL ENGINEERING L,       454.25,       454.25,       458.80,       448.00,       453.15,                372026475.05,823610,N, ,13315,       548.00,       431.10
N,EQ,BLIL,BALMER LAWRIE INVSTS. L,        72.47,        72.98,        72.98,        72.36,        72.53,                  7078873.12,97501,N, ,1045,        79.50,        67.00
N,EQ,BLKASHYAP,B.L.KASHYAP & SON LTD,        57.60,        57.60,        62.45,        57.04,        59.34,                181837695.18,2983058,N, ,12864,        73.00,        40.32
N,EQ,BLS,BLS INTL SERVS LTD,       240.15,       240.15,       241.25,       237.00,       238.79,                154253178.63,646943,N, ,10399,       374.00,       218.90
N,EQ,BLSE,BLS E-SERVICES LIMITED,       323.65,       324.05,       326.95,       317.35,       320.05,                 46121607.30,143302,N, ,3292,       331.30,       124.30
N,EQ,BLUECLOUDS,BLUE CLOUD SOFTECH SOLU L,        19.90,        19.85,        20.15,        19.80,        19.88,                 20176120.88,1013239,N, ,2267,        24.50,        19.61
N,EQ,BLUEDART,BLUE DART EXPRESS LTD,      5028.80,      5034.00,      5048.90,      4968.10,      4991.70,                 29187141.70,5838,N, ,1318,      7036.00,      4628.50
N,EQ,BLUEJET,BLUE JET HEALTHCARE LTD,       579.00,       582.05,       584.00,       565.50,       569.80,                253500585.00,442380,N, ,11811,       759.50,       325.00
N,SM,BLUEPEBBLE,BLUE PEBBLE LIMITED,        70.00,        73.95,        84.00,        73.95,        84.00,                  1479260.00,18000,N, ,45,       195.00,        59.20
N,EQ,BLUESTARCO,BLUE STAR LIMITED,      1485.70,      1485.70,      1514.70,      1475.00,      1484.00,                625702948.90,419549,N, ,29196,      2040.00,      1432.50
N,EQ,BLUESTONE,BLUESTONE JEWEL LFSTL LTD,       804.90,       802.00,       848.00,       800.05,       842.75,                889184612.20,1065449,N, ,38110,       926.00,       399.80
N,EQ,BLUSPRING,BLUSPRING ENTERPRISES LTD,       134.25,       135.40,       139.80,       132.00,       138.96,                 83054803.33,605059,N, ,8224,       139.80,        43.98
N,SM,BMETRICS,BOMBAY METRICS S C LTD,        34.70,        39.85,        40.00,        35.05,        35.15,                   328240.00,8800,N, ,8,        56.90,        31.05
N,SM,BMLL,BIO MEDICA LABORATORIES L,       162.30,       165.00,       181.00,       165.00,       177.00,                 11441400.00,67000,N, ,56,       181.00,       101.50
N,EQ,BMWVENTLTD,BMW VENTURES LIMITED,        55.13,        56.22,        56.22,        55.10,        55.36,                  2263897.46,40922,N, ,1029,        78.00,        48.00
N,EQ,BNAGROCHEM,BN AGROCHEM LTD.,       226.73,       226.28,       227.69,       215.40,       216.73,                   283171.03,1260,N, ,107,       394.80,       215.40
N,EQ,BODALCHEM,BODAL CHEMICALS LTD,       150.76,       147.26,       159.99,       146.36,       155.62,                785378513.84,5050468,N, ,40463,       159.99,        42.81
N,EQ,BOHRAIND,BOHRA INDUSTRIES LIMITED,        12.35,        12.25,        12.93,        12.25,        12.70,                    47130.71,3714,N, ,39,        27.21,        11.60
N,EQ,BOMDYEING,BOMBAY DYEING & MFG. CO L,       113.19,       113.19,       115.25,       113.05,       113.47,                 43408634.86,381464,N, ,3612,       195.45,        92.00
N,EQ,BONLON,BONLON INDUSTRIES LIMITED,        40.66,        40.74,        41.87,        40.05,        40.13,                   132078.08,3268,N, ,99,        57.00,        34.51
N,EQ,BORANA,BORANA WEAVES LIMITED,       300.35,       303.65,       309.40,       303.65,       307.60,                  3446664.55,11240,N, ,295,       420.00,       211.00
N,EQ,BOROLTD,BOROSIL LIMITED,       248.63,       249.00,       260.00,       247.79,       258.96,                 68025456.75,265545,N, ,5949,       397.95,       213.73
N,EQ,BORORENEW,BOROSIL RENEWABLES LTD,       497.50,       495.00,       505.50,       491.60,       499.15,                135892472.80,271428,N, ,17675,       721.00,       374.40
N,EQ,BOROSCI,BOROSIL SCIENTIFIC LTD,       134.93,       136.41,       136.80,       131.00,       132.16,                  6134322.60,46065,N, ,876,       180.80,        96.64
N,EQ,BOSCH-HCIL,BOSCH HOME COMFRT IND LTD,      1777.70,      1777.70,      1843.00,      1756.20,      1818.80,                115223517.30,64153,N, ,6377,      1843.00,      1021.30
N,SM,BOSS,BOSS PACKAGING SOLU LTD,        56.60,        54.25,        55.90,        54.20,        55.70,                   551100.00,10000,N, ,5,        57.20,        31.75
N,EQ,BPL,BPL LTD,        49.31,        49.21,        50.18,        49.00,        49.38,                  2790503.90,56301,N, ,962,        91.28,        37.61
N,EQ,BPLPHARMA,BHARAT PARENTERALS LTD.,      1520.80,      1545.00,      1568.80,      1520.00,      1533.30,                   902303.90,586,N, ,110,      1649.00,      1125.70
N,EQ,BRAHMINFRA,BRAHMAPUTRA INFRA L,       162.17,       160.00,       167.89,       160.00,       163.82,                  4408908.49,26893,N, ,669,       184.00,       151.20
N,SM,BRANDMAN,BRANDMAN RETAIL LIMITED,       172.55,       174.50,       176.50,       171.00,       171.30,                  2215040.00,12800,N, ,15,       243.80,       109.35
N,EQ,BRIGADE,BRIGADE ENTER. LTD,       712.30,       714.00,       735.00,       685.80,       696.10,               1402448960.65,1980508,N, ,67648,      1069.35,       493.05
N,EQ,BRIGHOTEL,BRIGADE HOTEL VENTURE LTD,        58.95,        58.95,        59.89,        58.90,        59.19,                  5006645.32,84277,N, ,2393,        89.40,        54.36
N,EQ,BRIGHTBR,BRIGHT BROTHERS LTD.,       254.60,       254.60,       260.55,       252.10,       254.80,                  5238546.35,20221,N, ,151,       270.00,       210.00
N,EQ,BRNL,BHARAT ROAD NETWORK LTD,        17.12,        17.13,        17.39,        17.01,        17.12,                   309823.13,18030,N, ,191,        26.50,        16.66
N,EQ,BSE,BSE LIMITED,      3306.10,      3400.00,      3474.00,      3391.70,      3409.80,              27395759857.00,7975058,N, ,321829,      4446.80,      2021.50
N,EQ,BSHSL,BOMBAY SUPER HYBRID SEEDS,        89.46,        89.46,        94.20,        88.50,        91.48,                  1407871.24,15418,N, ,247,       149.00,        59.16
N,EQ,BSL,BSL LTD,       123.22,       124.00,       124.99,       122.75,       123.58,                   241010.39,1949,N, ,81,       208.00,        98.00
N,EQ,BSOFT,BIRLASOFT LIMITED,       293.25,       295.00,       299.55,       288.45,       289.35,                316444757.25,1083783,N, ,30305,       474.00,       270.20
N,EQ,BTML,BODHI TREE MULTIMEDIA LTD,         8.49,         8.42,         8.70,         8.20,         8.51,                  2584157.40,305536,N, ,301,        10.50,         5.06
N,EQ,BUILDPRO,SHANKARA BUILDPRO LIMITED,      1288.80,      1288.80,      1305.00,      1282.50,      1298.20,                455823214.20,351369,N, ,5087,      1380.00,       636.00
N,EQ,BURNPUR,BURNPUR CEMENT LIMITED,        20.54,        21.56,        21.56,        21.56,        21.56,                  1193108.84,55339,N, ,181,        21.56,        11.13
N,EQ,BUTTERFLY,BTRFLY GANDHI APPL LTD,       613.60,       615.15,       628.90,       611.05,       624.85,                  7243780.40,11660,N, ,737,       823.85,       565.80
N,EQ,BVCL,BARAK VALLEY CEM. LTD.,        43.14,        44.70,        44.70,        43.17,        43.48,                  3738636.21,85128,N, ,300,        69.99,        31.20
N,SM,C2C,C2C ADVANCED SYSTEMS LTD,       223.85,       225.05,       226.50,       220.00,       221.80,                 12679920.00,57150,N, ,256,       888.00,       204.50
N,EQ,CAMLINFINE,CAMLIN FINE SCIENCES LTD,       102.28,       102.90,       105.37,       102.10,       103.13,                 71371382.43,689443,N, ,6530,       235.00,        96.21
N,EQ,CAMPUS,CAMPUS ACTIVEWEAR LIMITED,       223.97,       223.97,       225.00,       220.51,       223.24,                 81120146.52,364174,N, ,8786,       297.00,       215.20
N,EQ,CAMS,COMPUTER AGE MNGT SER LTD,       747.40,       750.00,       757.75,       746.05,       748.80,                352918733.85,469646,N, ,24622,      4147.00,       611.40
N,SM,CANARYS,CANARYS AUTOMATIONS LTD,        25.80,        25.80,        26.55,        24.85,        26.10,                  2482800.00,96000,N, ,21,        35.20,        14.60
N,EQ,CANFINHOME,CAN FIN HOMES LTD,       804.95,       808.00,       815.00,       802.60,       807.40,                180019604.10,222474,N, ,12191,       971.50,       715.00
N,EQ,CANHLIFE,CANARA HSBC LIFE INS CO L,       154.31,       155.08,       161.05,       153.51,       157.23,                172038535.64,1086892,N, ,21398,       166.69,       106.00
N,EQ,CANTABIL,CANTABIL RETAIL LTD,       237.74,       238.70,       245.00,       238.00,       243.05,                 22814791.81,94452,N, ,1486,       321.50,       208.50
N,EQ,CAPACITE,CAPACITE INFRAPROJECT LTD,       208.88,       209.95,       217.90,       208.22,       216.22,                 79914783.99,373452,N, ,5699,       334.00,       180.00
N,EQ,CAPILLARY,CAPILLARY TECHNO INDIA L,       480.05,       485.00,       492.35,       480.00,       490.05,                 53268298.60,109289,N, ,3384,       798.95,       464.25
N,IV,CAPINVIT,CAPITAL INFRA TRUST,        76.19,        76.44,        76.88,        76.20,        76.64,                 92500933.28,1210656,N, ,1335,        79.99,        67.00
N,EQ,CAPITALSFB,CAPITAL SMALL FIN BANK L,       281.85,       285.60,       285.60,       280.10,       280.95,                  1941225.25,6864,N, ,402,       323.70,       206.55
N,EQ,CAPLIPOINT,CAPLIN POINT LAB LTD.,      2845.00,      2845.00,      2845.00,      2759.60,      2810.80,                581526237.50,208526,N, ,21861,      2877.30,      1500.30
N,EQ,CARBORUNIV,CARBORUNDUM UNIVERSAL LTD,      1078.00,      1078.70,      1140.90,      1069.90,      1130.60,                380595339.90,338864,N, ,21605,      1306.90,       735.20
N,EQ,CARERATING,CARE RATINGS LIMITED,      1708.40,      1718.00,      1762.90,      1699.70,      1738.20,                611432963.40,354155,N, ,11044,      1838.00,      1392.70
N,EQ,CARRARO,CARRARO INDIA LIMITED,       533.95,       531.90,       538.95,       527.25,       533.65,                 37951939.30,71136,N, ,4781,       667.55,       411.00
N,EQ,CARTRADE,CARTRADE TECH LIMITED,      2992.20,      2997.00,      3051.90,      2945.30,      3000.20,                946580569.80,315551,N, ,42267,      3290.50,      1600.00
N,EQ,CARYSIL,CARYSIL LIMITED,      1157.00,      1161.90,      1180.00,      1136.50,      1140.80,                 84433023.30,72848,N, ,5628,      1280.90,       732.10
N,EQ,CASTROLIND,CASTROL INDIA LIMITED,       186.42,       186.21,       190.95,       186.03,       190.27,                800519306.47,4231930,N, ,28190,       210.75,       170.10
N,EQ,CCAVENUE,AVENUESAI LIMITED,        15.40,        15.48,        16.21,        15.41,        15.70,                566531280.75,35876401,N, ,39145,        20.50,        12.92
N,EQ,CCCL,CONS. CONST. CONSORT LTD,        14.19,        14.49,        14.54,        14.12,        14.27,                  1700420.52,118802,N, ,372,        28.87,        12.76
N,EQ,CCHHL,COUNTRY CLUB HOSP HOL LTD,        12.64,        12.70,        12.95,        12.40,        12.61,                   530815.24,42082,N, ,142,        19.50,        10.03
N,EQ,CCL,CCL PRODUCTS (I) LTD,      1107.30,      1107.30,      1114.90,      1079.70,      1106.20,                212723945.10,193825,N, ,18992,      1242.20,       815.50
N,EQ,CDSL,CENTRAL DEPO SER (I) LTD,      1394.00,      1400.00,      1417.90,      1391.60,      1394.60,               1568607134.10,1117172,N, ,38445,      1673.70,      1116.30
N,EQ,CEATLTD,CEAT LIMITED,      3315.30,      3323.30,      3344.00,      3291.20,      3333.20,                243703499.40,73368,N, ,15232,      4438.00,      3061.20
N,EQ,CEIGALL,CEIGALL INDIA LIMITED,       347.55,       359.85,       359.85,       351.00,       355.80,                336816348.75,949597,N, ,18029,       405.70,       222.61
N,EQ,CEINSYS,CEINSYS TECH LIMITED,       678.65,       682.00,       702.00,       672.00,       677.85,                 49369137.80,71954,N, ,4494,      1249.90,       672.00
N,EQ,CELEBRITY,CELEBRITY FASHIONS LTD,         6.74,         6.83,         6.83,         6.60,         6.80,                   158675.41,23532,N, ,83,        13.25,         5.65
N,SM,CELLECOR,CELLECOR GADGETS LIMITED,        32.50,        32.15,        33.00,        31.40,        32.85,                 11505600.00,354000,N, ,63,        43.85,        21.80
N,EQ,CELLO,CELLO WORLD LIMITED,       343.45,       344.90,       345.55,       339.80,       342.00,                 64747052.90,189002,N, ,7403,       673.80,       336.60
N,SM,CELLPOINT,CELL POINT (INDIA) LTD,        15.35,        15.35,        16.30,        15.35,        16.30,                    37980.00,2400,N, ,2,        21.10,        11.70
N,EQ,CEMPRO,CEMINDIA PROJECTS LIMITED,      1296.90,      1299.00,      1314.70,      1270.10,      1297.40,                464714476.80,359470,N, ,19708,      1649.20,       503.30
N,EQ,CENTENKA,CENTURY ENKA LTD,       616.65,       620.00,       620.00,       607.05,       608.90,                 77159305.10,126471,N, ,5991,       671.65,       371.20
N,EQ,CENTEXT,CENTURY EXTRUSIONS LTD,        21.24,        21.29,        22.20,        19.75,        20.19,                 19723997.33,957330,N, ,3040,        34.75,        15.67
N,EQ,CENTRALBK,CENTRAL BANK OF INDIA,        30.77,        30.85,        31.18,        30.78,        31.08,                164335328.96,5295221,N, ,11961,        40.92,        29.32
N,EQ,CENTRUM,CENTRUM CAPITAL LIMITED,        22.45,        22.37,        22.75,        22.00,        22.55,                  4024032.66,180060,N, ,521,        38.50,        19.66
N,EQ,CENTUM,CENTUM ELECTRONICS LTD,      3776.10,      3746.30,      3800.00,      3723.00,      3767.30,                109470226.30,29156,N, ,6016,      3968.80,      2044.20
N,EQ,CENTURYPLY,CENTURY PLYBOARDS (I) LTD,       749.20,       749.90,       755.35,       745.15,       748.45,                 13104301.20,17510,N, ,3279,       859.00,       618.50
N,EQ,CERA,CERA SANITARYWARE LTD,      5683.50,      5800.00,      5889.50,      5737.50,      5787.50,                113006082.50,19476,N, ,6266,      6740.00,      4461.10
N,EQ,CESC,CESC LTD,       147.96,       148.29,       149.14,       145.91,       146.50,                213138918.29,1448303,N, ,11780,       204.50,       138.12
N,EQ,CEWATER,CONCORD ENVIRO SYSTEMS L,       265.40,       266.15,       266.90,       261.00,       262.55,                 11058753.30,42011,N, ,1830,       555.80,       235.00
N,EQ,CFEL,CONFIDENCE FUTURIST ENE L,        32.05,        32.10,        32.67,        31.41,        32.48,                   454299.91,14038,N, ,79,        35.20,        24.36
N,EQ,CGCL,CAPRI GLOBAL CAPITAL LTD,       271.70,       274.00,       284.80,       271.50,       279.90,               2098998472.35,7594713,N,XD,54695,       284.80,       151.10
N,SM,CGRAPHICS,CREATIVE GRAPHICS S IND L,       148.55,       150.90,       150.90,       147.00,       147.60,                  2369400.00,16000,N, ,18,       259.00,       122.00
N,EQ,CGVAK,C G V A K SOFTWARE & EX L,       148.01,       155.00,       155.00,       148.00,       148.21,                   275043.86,1852,N, ,41,       163.70,       127.00
N,EQ,CHALET,CHALET HOTELS LIMITED,       890.75,       890.00,       904.00,       888.05,       896.75,                 78884369.90,87842,N, ,8774,      1070.10,       691.35
N,EQ,CHAMBLFERT,CHAMBAL FERTILIZERS LTD,       418.30,       419.90,       422.95,       418.05,       419.05,                138339506.70,329143,N, ,15583,       580.70,       399.75
N,SM,CHAMUNDA,CHAMUNDA ELECTRICAL LTD,        43.25,        44.95,        44.95,        42.95,        43.35,                   914700.00,21000,N, ,7,        59.00,        38.00
N,SM,CHANDAN,CHANDAN HEALTHCARE LTD,       208.95,       208.10,       214.95,       204.00,       211.50,                  5690200.00,27200,N, ,32,       358.00,       185.40
N,SM,CHAVDA,CHAVDA INFRA LIMITED,       127.10,       127.10,       127.10,       124.00,       124.50,                   876300.00,7000,N, ,7,       148.00,        80.60
N,EQ,CHEMBOND,CHEMBOND MATERIALTECH LTD,       173.02,       178.96,       178.96,       169.01,       170.90,                  1145702.24,6660,N, ,219,       209.99,       105.15
N,EQ,CHEMCRUX,CHEMCRUX ENTERPRISES LTD.,        82.48,        82.00,        83.20,        80.05,        82.16,                   433971.00,5344,N, ,181,        89.29,        80.00
N,EQ,CHEMFAB,CHEMFAB ALKALIS LIMITED,       358.00,       364.45,       364.45,       356.05,       360.10,                  1650776.65,4597,N, ,53,       703.00,       290.35
N,EQ,CHEMPLASTS,CHEMPLAST SANMAR LIMITED,       167.03,       168.00,       173.58,       168.00,       170.29,                 33811368.40,198762,N, ,5114,       451.30,       166.15
N,EQ,CHENNPETRO,CHENNAI PETROLEUM CORP LT,      1440.00,      1445.10,      1463.90,      1425.50,      1452.20,               1352931844.30,934269,N, ,33069,      1489.70,       642.00
N,SM,CHETANA,CHETANA EDUCATION LIMITED,        43.00,        43.00,        43.80,        43.00,        43.65,                   278480.00,6400,N, ,4,        82.00,        30.10
N,EQ,CHEVIOT,CHEVIOT COMPANY LIMITED,      1143.10,      1143.00,      1166.00,      1141.00,      1159.40,                  1648064.30,1428,N, ,118,      1370.50,       898.00
N,EQ,CHOICEIN,CHOICE INTERNATIONAL LTD,       768.45,       768.90,       781.20,       756.50,       760.95,                436060020.30,567061,N, ,14203,       860.50,       568.70
N,EQ,CHOLAHLDNG,CHOLAMANDALAM FIN HOL LTD,      1502.80,      1516.00,      1532.70,      1498.30,      1525.70,                117920772.90,77666,N, ,7808,      2064.00,      1305.00
N,EQ,CIEINDIA,CIE AUTOMOTIVE INDIA LTD,       383.95,       387.00,       387.00,       382.25,       385.35,                 71115590.65,185100,N, ,10934,       526.00,       382.25
N,EQ,CIFL,CAPITAL INDIA FINANCE LTD,        20.17,        20.59,        21.10,        19.80,        19.98,                  4664461.66,231565,N, ,364,        39.69,        19.56
N,EQ,CINELINE,CINELINE INDIA LIMITED,        89.83,        91.40,        99.40,        90.10,        95.23,                 29256601.78,308404,N, ,2264,        99.40,        73.35
N,EQ,CINEVISTA,CINEVISTA LIMITED,        14.19,        14.49,        14.98,        14.20,        14.24,                    43047.91,2982,N, ,57,        22.80,        12.16
N,IV,CITIUSINVT,CITIUS TRANSNET INV TRUST,       115.03,       115.99,       116.39,       115.00,       116.37,                 13409027.65,115340,N, ,144,       116.50,       101.50
N,SM,CKKRETAIL,C K K RETAIL MART LIMITED,       157.95,       151.05,       151.05,       151.00,       151.00,                   241640.00,1600,N, ,2,       265.25,       112.20
N,SM,CLASSICEIL,CLASSIC ELECTRODE (IND) L,        52.35,        54.80,        54.95,        54.80,        54.95,                  1406240.00,25600,N, ,11,       113.90,        34.75
N,SM,CLAYCRAFT,CLAY CRAFT INDIA LIMITED,       159.85,       160.00,       162.00,       158.00,       159.40,                  3729810.00,23400,N, ,36,       224.00,       149.00
N,EQ,CLEAN,CLEAN SCIENCE & TECH LTD,       852.95,       853.50,       855.95,       834.00,       836.15,                250280688.00,297191,N,XD,19595,      1217.90,       652.00
N,EQ,CLEANMAX,CLEAN MAX ENVIRO EN SOL L,      1298.70,      1306.00,      1357.90,      1289.70,      1347.90,                343150661.40,256257,N, ,20896,      1536.00,       727.10
N,EQ,CLSEL,CHAMAN LAL SETIA EXP LTD,       304.80,       302.90,       306.70,       298.05,       301.90,                 20600620.55,68370,N, ,2038,       324.80,       203.75
N,EQ,CMLL,CALIBER MINING AND LOG L,       501.40,       508.00,       517.05,       501.10,       503.05,                159964559.45,314875,N, ,8230,       624.40,       463.35
N,SM,CMNL,CHAMAN METALLICS LIMITED,       121.95,       125.00,       127.00,       114.20,       115.75,                  3088875.00,25500,N, ,30,       183.90,        90.00
N,EQ,CMPDI,CENTRAL MINE P N D INST L,       239.66,       239.39,       244.55,       236.67,       243.92,                651945967.52,2694037,N, ,29485,       283.69,       150.16
N,EQ,CMRGREEN,CMR GREEN TECHNOLOGIES L,       230.74,       231.55,       231.55,       225.81,       228.34,                 61628732.85,270377,N, ,5496,       268.96,       205.25
N,SM,CMRSL,CYBER MEDIA RES & SER LTD,        69.70,        72.80,        73.15,        72.00,        73.15,                   291160.00,4000,N, ,5,        96.75,        52.45
N,EQ,CMSINFO,CMS INFO SYSTEMS LIMITED,       244.86,       245.45,       246.94,       241.00,       243.46,                128495261.16,528852,N, ,16069,       429.65,       238.30
N,EQ,CNL,CREATIVE NEWTECH LIMITED,      1243.40,      1246.50,      1247.30,      1210.00,      1215.50,                 14882988.20,12127,N, ,964,      1328.00,       525.00
N,EQ,COASTCORP,COASTAL CORPORATION LTD,        41.93,        42.32,        43.09,        41.54,        41.88,                  2942176.77,69707,N, ,673,        66.70,        30.01
N,EQ,COCHINSHIP,COCHIN SHIPYARD LIMITED,      1486.70,      1488.90,      1522.90,      1486.00,      1499.10,                951865055.60,630573,N, ,22367,      1979.90,      1187.00
N,EQ,COCKERILL,JOHN COCKERILL INDIA LTD.,      8080.00,      8095.00,      8230.00,      8025.50,      8193.50,                 36832125.00,4524,N, ,949,     10871.50,      4955.00
N,EQ,COFORGE,COFORGE LIMITED,      1971.80,      1982.00,      1992.90,      1962.40,      1972.80,               2189360687.50,1108102,N, ,44156,      2021.20,      1008.10
N,EQ,COHANCE,COHANCE LIFESCIENCES LTD,       460.85,       463.30,       470.00,       453.60,       456.60,                264348542.20,572792,N, ,26506,      1038.90,       266.70
N,EQ,COLPAL,COLGATE PALMOLIVE LTD.,      1850.00,      1860.00,      1863.90,      1829.20,      1829.20,               1036456365.10,562995,N, ,27974,      2504.00,      1782.00
N,EQ,COMFINTE,COMFORT INTECH LTD.,         6.19,         6.15,         6.26,         6.07,         6.21,                   707750.26,114743,N, ,347,         9.19,         5.21
N,EQ,COMPEAU,COMPETENT AUTOMOB CO. L,       361.80,       368.70,       379.95,       353.00,       371.80,                  1053347.55,2858,N, ,99,       420.00,       314.30
N,EQ,COMPUSOFT,COMPUCOM SOFTWARE LTD,        12.89,        13.20,        13.20,        12.62,        13.02,                   301866.70,23203,N, ,252,        20.75,        12.00
N,EQ,COMSYN,COMMERCIAL SYN BAGS LTD,       302.70,       300.50,       306.00,       285.30,       301.30,                 32623991.70,108742,N, ,1784,       314.85,       136.44
N,EQ,CONCOR,CONTAINER CORP OF IND LTD,       508.85,       508.80,       509.65,       502.00,       508.00,                559654862.65,1107962,N, ,20722,       569.80,       421.45
N,EQ,CONCORDBIO,CONCORD BIOTECH LIMITED,      1447.70,      1450.00,      1450.40,      1411.60,      1417.10,                 84504764.30,59142,N, ,7166,      1730.00,       987.00
N,EQ,CONFIPET,CONFIDENCE PETRO IND LTD.,        84.28,        84.70,        85.30,        82.00,        82.48,                197624634.41,2371168,N, ,14601,        88.27,        28.06
N,SM,CONNPLEX,CONNPLEX CINEMAS LIMITED,       223.35,       223.00,       252.70,       222.00,       244.45,                155288440.00,670400,N, ,345,       311.90,       178.15
N,SM,CONTI,CONTINENTAL SEED CHEM LTD,        11.10,        11.10,        11.10,        10.95,        11.10,                  2246775.30,203313,N, ,4,        28.50,        10.15
N,EQ,CONTROLPR,CONTROL PRINT LIMITED,       600.30,       602.00,       602.00,       591.15,       593.35,                  4537803.20,7641,N, ,1450,       899.00,       517.00
N,EQ,CORALFINAC,CORAL INDIA FIN & HOUS LT,        32.94,        33.58,        34.00,        32.32,        33.47,                   441743.65,13197,N, ,247,        50.90,        25.01
N,EQ,CORDELIA,WATERWAYS LEISURE TOUR L,       101.87,       102.50,       106.96,       101.81,       103.90,                284249691.56,2698667,N, ,8937,      1054.70,        99.80
N,EQ,CORDSCABLE,CORDS CABLE INDUS LTD.,       302.90,       306.00,       330.00,       306.00,       317.00,                 84483455.95,264160,N, ,4857,       330.00,       127.01
N,EQ,COROMANDEL,COROMANDEL INTERNTL. LTD,      1931.30,      1927.00,      1948.30,      1927.00,      1938.80,                278602967.60,143726,N, ,11670,      2499.00,      1706.50
N,EQ,CORONA,CORONA REMEDIES LIMITED,      2127.80,      2121.00,      2150.40,      2090.80,      2100.10,                 25512564.10,12081,N, ,2434,      2270.10,      1336.60
N,EQ,COSMOFIRST,COSMO FIRST LIMITED,       940.15,       938.70,       943.10,       916.00,       919.85,                 61310195.75,66169,N, ,3778,      1012.45,       560.80
N,EQ,CPCAP,CP CAPITAL LIMITED,       118.30,       121.69,       139.79,       117.25,       128.33,                 10850962.54,85391,N, ,1126,       160.90,        73.51
N,EQ,CPEDU,CAREER POINT EDUTECH LTD,       189.76,       190.39,       195.01,       188.48,       191.97,                  1142151.72,5928,N, ,131,       338.75,       141.00
N,EQ,CPL,CAPTAIN POLYPLAST LIMITED,        62.40,        62.40,        62.90,        61.45,        62.11,                  8595454.01,138710,N, ,975,        75.74,        61.45
N,EQ,CPPLUS,ADITYA INFOTECH LIMITED,      3751.30,      3752.70,      3797.90,      3645.00,      3704.60,                751762988.30,202259,N, ,23263,      4094.00,      1200.80
N,SM,CPS,C P S SHAPERS LIMITED,      1164.00,      1169.80,      1169.80,      1105.80,      1130.00,                  3411705.00,3000,N, ,12,      1349.25,       679.25
N,EQ,CRAFTSMAN,CRAFTSMAN AUTOMATION LTD,     11220.00,     11248.00,     11539.00,     11097.00,     11398.00,                325405364.00,28595,N, ,10263,     11539.00,      6324.00
N,EQ,CRAMC,CANARA ROBECO AMC LIMITED,       251.20,       252.10,       254.00,       250.00,       251.50,                 44889731.70,177971,N, ,4315,       353.40,       214.20
N,EQ,CRAVATEX,CRAVATEX LTD.,       326.75,       326.75,       339.90,       314.95,       329.50,                   445774.35,1353,N, ,104,       372.50,       300.00
N,SM,CRAYONS,CRAYONS ADVERTISING LTD,        26.00,        26.00,        26.00,        24.80,        25.10,                   228500.00,9000,N, ,6,        59.50,        23.60
N,EQ,CREATIVEYE,CREATIVE EYE LIMITED,         6.13,         6.15,         6.25,         5.89,         6.19,                    98897.90,16063,N, ,55,         8.83,         5.41
N,SM,CREDENT,CREDENT CONNECT N CARE L,       336.50,       336.50,       340.00,       311.00,       317.70,                 45686040.00,140400,N, ,205,       380.00,       311.00
N,EQ,CREDITACC,CREDITACCESS GRAMEEN LTD,      1437.40,      1453.90,      1468.00,      1438.00,      1443.10,                315871104.10,217925,N, ,27335,      1634.00,      1113.00
N,EQ,CREST,CREST VENTURES LIMITED,       365.30,       369.90,       369.90,       356.20,       359.00,                   542334.80,1505,N, ,118,       418.00,       298.15
N,EQ,CRISIL,CRISIL LTD,      4759.70,      4775.00,      4872.00,      4726.30,      4802.00,                891819123.40,184833,N, ,16015,      5115.00,      3686.00
N,EQ,CRIZAC,CRIZAC LIMITED,       162.27,       163.00,       163.77,       159.95,       160.29,                 47373657.63,294106,N, ,6684,       387.95,       159.95
N,EQ,CROMPTON,CROMPT GREA CON ELEC LTD,       226.51,       227.64,       235.47,       226.27,       232.40,               1037169878.01,4443658,N, ,31875,       337.50,       217.40
N,EQ,CROWN,CROWN LIFTERS LIMITED,       111.80,       114.45,       114.69,       110.03,       112.84,                  4251325.82,37657,N, ,279,       191.00,       100.11
N,EQ,CSBBANK,CSB BANK LIMITED,       324.95,       325.15,       331.65,       320.80,       328.55,                215977474.25,658990,N, ,15607,       574.40,       312.95
N,EQ,CSLFINANCE,CSL FINANCE LIMITED,       243.86,       245.58,       254.70,       245.58,       251.77,                 23706633.74,94290,N, ,2410,       324.70,       209.70
N,EQ,CSM,CSM TECHNOLOGIES LIMITED,        94.00,        93.99,        94.78,        93.40,        94.36,                  7555333.62,80421,N, ,727,       113.00,        93.12
N,SM,CSSL,CLEAR SECURED SERVICES L,        90.15,        90.50,        93.00,        89.75,        91.65,                  2347700.00,26000,N, ,14,       164.00,        89.00
N,EQ,CUB,CITY UNION BANK LTD,       234.36,       234.00,       242.90,       233.69,       236.01,                628595752.93,2621193,N, ,44237,       324.10,       193.50
N,IV,CUBEINVIT,CUBE HIGHWAYS TRUST,       157.00,       157.78,       158.00,       156.50,       157.50,                 79221381.86,504255,N, ,5575,       165.00,       131.00
N,EQ,CUBEXTUB,CUBEX TUBINGS LTD,        76.41,        76.60,        78.66,        75.95,        76.80,                  3782790.70,48940,N, ,1373,       143.69,        73.10
N,SM,CUDML,CASH UR DRIVE MARKETING L,       104.00,       105.00,       106.00,       102.00,       105.20,                  2279300.00,22000,N, ,17,       191.00,        84.95
N,EQ,CUPID,CUPID LIMITED,       279.95,       280.00,       287.00,       280.00,       283.15,               2392690721.30,8434946,N, ,64825,       526.95,        74.60
N,EQ,CURAA,CURA TECHNOLOGIES LIMITED,        66.20,        78.50,        78.50,        60.00,        72.46,                   145016.75,2020,N, ,114,       310.85,        60.00
N,SM,CURIS,CURIS LIFESCIENCES LTD,       145.10,       145.70,       153.50,       145.00,       151.35,                  5657500.00,38000,N, ,37,       153.50,        83.60
N,SM,CURRENT,CURRENT INFRAPROJECTS LTD,        89.00,        86.20,        86.20,        85.00,        85.00,                   546400.00,6400,N, ,4,       163.00,        85.00
N,EQ,CYBERMEDIA,CYBER MEDIA (INDIA) LTD.,        23.88,        25.90,        28.45,        22.20,        26.40,                 57564647.54,2157521,N, ,7778,        28.45,        11.30
N,EQ,CYIENT,CYIENT LIMITED,      1111.30,      1111.30,      1131.70,      1096.20,      1101.80,                364488126.50,327209,N, ,17661,      1284.70,       750.30
N,EQ,CYIENTDLM,CYIENT DLM LIMITED,       836.55,       833.80,       894.00,       830.00,       856.95,               1043626507.75,1201568,N, ,45322,       894.00,       265.20
N,EQ,DABUR,DABUR INDIA LTD,       380.70,       380.45,       383.25,       377.35,       380.90,                647998830.15,1702061,N, ,28671,       577.00,       377.35
N,EQ,DAICHI,DAI-ICHI KARKARIA LTD.,       369.75,       374.70,       374.70,       359.80,       364.80,                  1858195.90,5043,N, ,169,       374.70,       229.90
N,EQ,DALBHARAT,DALMIA BHARAT LIMITED,      1771.20,      1770.10,      1778.90,      1740.00,      1749.30,                129273173.80,73496,N, ,10844,      2496.30,      1605.00
N,EQ,DALMIASUG,DALMIA BHARAT SUG IN LTD,       461.05,       460.95,       462.50,       435.05,       438.55,                151924209.35,342704,N, ,8816,       520.00,       261.40
N,EQ,DAMCAPITAL,DAM CAPITAL ADVISORS LTD,       145.28,       145.99,       147.49,       144.17,       144.90,                 24728890.10,170224,N, ,2298,       286.00,       119.22
N,EQ,DANGEE,DANGEE DUMS LIMITED,         2.94,         2.94,         2.98,         2.90,         2.94,                   119966.69,40836,N, ,125,         5.08,         2.53
N,SM,DANISH,DANISH POWER LIMITED,       874.15,       890.00,       890.30,       841.30,       854.10,                 27197610.00,31500,N, ,144,      1094.90,       550.50
N,EQ,DATAMATICS,DATAMATICS GLOBAL SER LTD,       774.85,       771.45,       785.00,       762.20,       764.90,                 43093997.80,55826,N, ,3293,      1054.00,       632.00
N,EQ,DATAPATTNS,DATA PATTERNS INDIA LTD,      4587.30,      4588.00,      4666.00,      4546.40,      4585.00,               1743792432.30,377845,N, ,36760,      5000.00,      2131.00
N,EQ,DAVANGERE,DAVANGERE SUGAR COMPANY L,         2.04,         2.07,         2.07,         1.94,         1.96,                 30556545.65,15393852,N, ,5021,         5.50,         1.94
N,EQ,DBCORP,D.B.CORP LTD,       193.78,       195.79,       197.09,       193.79,       195.65,                  8603988.26,43972,N, ,1222,       287.90,       184.51
N,EQ,DBL,DILIP BUILDCON LIMITED,       398.55,       402.75,       404.00,       398.00,       401.00,                 23313235.15,58236,N, ,1965,       585.00,       381.55
N,EQ,DBOL,DHAMPUR BIO ORGANICS LTD,       129.64,       128.96,       128.96,       124.00,       124.99,                 29060113.38,232171,N, ,3660,       139.00,        69.00
N,EQ,DBREALTY,VALOR ESTATE LIMITED,       103.05,       103.40,       105.00,       101.00,       102.57,                148040041.31,1439328,N, ,7889,       184.80,        83.50
N,EQ,DCAL,DISHMAN CARBO AMCIS LTD,       176.99,       178.50,       178.50,       173.20,       174.38,                 21514844.96,122894,N, ,2245,       321.95,       128.50
N,EQ,DCBBANK,DCB BANK LIMITED,       222.20,       222.40,       223.90,       220.20,       220.74,                119697516.35,539992,N, ,13976,       228.99,       122.31
N,SM,DCCL,DAR CREDIT & CAPITAL LTD,        43.00,        43.00,        43.00,        43.00,        43.00,                   172000.00,4000,N, ,2,        60.80,        33.00
N,SM,DCG,DCG CABLES & WIRES LTD,        65.35,        68.25,        69.95,        67.50,        68.80,                  1567920.00,22800,N, ,18,        77.45,        47.00
N,EQ,DCI,DC INFOTECH AND COMUN LTD,       357.65,       362.00,       362.00,       346.10,       350.55,                 31027261.10,87942,N, ,2764,       475.00,       208.98
N,EQ,DCMFINSERV,DCM FINANCIAL SERVICES LT,         5.09,         5.09,         5.37,         5.09,         5.20,                    31401.91,5995,N, ,67,         8.55,         3.70
N,EQ,DCMNVL,DCM NOUVELLE LIMITED,       182.04,       188.94,       191.14,       183.25,       184.96,                  3106832.80,16490,N, ,245,       198.58,        95.60
N,EQ,DCMSHRIRAM,DCM SHRIRAM LIMITED,      1019.20,      1024.90,      1026.10,      1014.00,      1020.90,                 87612778.40,85914,N, ,7325,      1414.40,       945.10
N,EQ,DCMSIL,DCM SHRIRAM INTERNATNL L,        70.29,        71.30,        71.30,        68.06,        68.76,                  6965654.31,99773,N, ,1074,       105.27,        49.50
N,EQ,DCMSRIND,DCM SHRIRAM IND LTD,        46.51,        46.60,        46.63,        44.10,        44.91,                  8280068.23,182082,N, ,1937,        63.10,        31.90
N,EQ,DCW,DCW LTD,        46.30,        46.11,        46.95,        45.81,        45.98,                 42337853.46,912734,N, ,3660,        78.21,        37.11
N,EQ,DCXINDIA,DCX SYSTEMS LIMITED,       169.57,       170.15,       172.35,       168.10,       168.83,                 55916426.70,328462,N, ,4906,       286.00,       153.30
N,EQ,DDEVPLSTIK,DDEV PLASTIKS IND LTD,       272.50,       273.55,       274.95,       271.30,       273.00,                 14078282.70,51629,N, ,1229,       360.00,       185.15
N,EQ,DECCANCE,DECCAN CEMENTS LIMITED,       565.15,       569.80,       579.90,       564.35,       569.75,                 17057303.20,29858,N, ,589,      1164.90,       525.00
N,SM,DECCANTRAN,DECCAN TRANSCON LEASING L,        20.25,        20.25,        20.25,        20.00,        20.00,                  2352840.00,117600,N, ,6,        39.05,        16.25
N,EQ,DECNGOLD,DECCAN GOLD MINES LTD.,       213.80,       215.00,       219.30,       212.43,       213.87,                206954932.74,959258,N, ,14447,       250.80,       114.80
N,EQ,DEEDEV,DEE DEVELOPMENT ENG LTD,       645.90,       645.80,       673.80,       642.05,       658.25,                217359178.05,327955,N, ,18558,       760.00,       183.00
N,EQ,DEEP,DEEP POLYMERS LTD.,        36.00,        36.80,        36.80,        34.21,        35.00,                   820982.64,23168,N, ,193,        39.98,        34.20
N,EQ,DEEPAKFERT,DEEPAK FERTILIZERS & PETR,      1355.90,      1362.70,      1395.00,      1353.30,      1362.10,                314400928.60,229112,N, ,16670,      1681.00,       866.40
N,EQ,DEEPAKNTR,DEEPAK NITRITE LTD,      1725.30,      1728.00,      1743.70,      1705.70,      1712.40,                337182974.80,196070,N, ,22151,      1904.40,      1280.00
N,EQ,DEEPINDS,DEEP INDUSTRIES LIMITED,       744.85,       757.75,       793.70,       749.00,       786.45,               1028587195.10,1324171,N, ,35441,       793.70,       330.00
N,SM,DELAPLEX,DELAPLEX LIMITED,        97.65,        87.00,       103.00,        87.00,       100.00,                   772770.00,7800,N, ,13,       194.85,        80.00
N,EQ,DELHIVERY,DELHIVERY LIMITED,       464.35,       465.00,       465.90,       457.90,       457.90,                892354627.20,1936111,N, ,29259,       524.00,       374.45
N,EQ,DELTACORP,DELTA CORP LIMITED,        56.25,        56.79,        57.40,        55.56,        56.12,                 60471936.89,1070574,N, ,5816,        97.18,        48.30
N,EQ,DELTAMAGNT,DELTA MANUFACTURING LTD,        57.23,        56.66,        59.90,        55.72,        58.40,                   238125.88,4124,N, ,188,        93.45,        45.51
N,SM,DELTIC,DELTA AUTOCORP LIMITED,        35.80,        35.80,        35.80,        34.65,        35.35,                   210500.00,6000,N, ,6,        71.60,        28.05
N,EQ,DEN,DEN NETWORKS LTD,        27.87,        27.66,        28.10,        27.66,        27.97,                  5904118.35,211531,N, ,1022,        37.35,        22.52
N,SM,DENEERS,DE NEERS TOOLS LIMITED,       169.90,       167.50,       176.00,       167.50,       172.30,                 10453950.00,60000,N, ,36,       300.95,       132.00
N,EQ,DENORA,DE NORA INDIA LIMITED,       824.55,       822.30,       836.00,       810.10,       812.30,                  2216710.10,2711,N, ,276,       960.35,       559.00
N,EQ,DENTA,DENTA WATER N INFRA SOL L,       270.40,       273.20,       276.90,       271.00,       275.35,                 15427852.90,56286,N, ,1823,       479.60,       222.00
N,SM,DENTALKART,VASA DENTICITY LIMITED,       400.00,       402.00,       412.00,       402.00,       412.00,                  1744075.00,4250,N, ,17,       635.60,       322.50
N,EQ,DEVIT,DEV INFO TECHNOLOGY LTD,        24.52,        24.90,        25.50,        23.61,        24.21,                  1696624.67,69859,N, ,477,        47.30,        22.25
N,EQ,DEVX,DEV ACCELERATOR LIMITED,        32.13,        32.90,        33.39,        32.66,        33.29,                  1351995.92,40903,N, ,308,        64.05,        29.95
N,EQ,DEVYANI,DEVYANI INTERNATIONAL LTD,       138.05,       138.00,       142.86,       137.37,       139.28,                342018744.90,2432975,N, ,32970,       191.00,        91.55
N,EQ,DGCONTENT,DIGICONTENT LIMITED,        24.43,        24.75,        25.00,        24.55,        24.83,                    38612.81,1564,N, ,45,        39.57,        21.61
N,EQ,DHAMPURSUG,DHAMPUR SUGAR MILLS LTD.,       177.05,       176.45,       176.45,       165.63,       167.59,                140824914.24,832821,N, ,11069,       199.92,       110.00
N,EQ,DHANBANK,DHANLAXMI BANK LIMITED,        31.72,        31.80,        32.03,        31.69,        31.86,                 11124710.47,349043,N, ,1133,        36.85,        19.45
N,SM,DHANLAXMI,DHANLAXMI CROP SCIENCE L,        24.25,        24.30,        25.00,        24.30,        25.00,                   197200.00,8000,N, ,4,        45.45,        20.05
N,SM,DHANSA,DHANSA LABS LIMITED,        26.80,        27.95,        28.10,        26.90,        28.10,                   500400.00,18000,N, ,9,        47.00,        16.20
N,EQ,DHANUKA,DHANUKA AGRITECH LTD,      1010.15,      1009.00,      1014.00,       994.80,      1010.65,                 17236231.40,17124,N, ,1253,      1654.40,       889.60
N,SM,DHARIWAL,DHARIWALCORP LIMITED,        23.80,        24.95,        24.95,        22.65,        24.00,                 20485350.00,846000,N, ,191,       413.00,        16.70
N,EQ,DHARMAJ,DHARMAJ CROP GUARD LTD,       269.05,       268.30,       271.00,       264.30,       270.05,                  7846100.95,29203,N, ,1792,       376.60,       210.65
N,EQ,DHATRE,DHATRE UDYOG LTD.,         4.35,         4.33,         4.59,         4.21,         4.33,                    75111.74,17330,N, ,109,         5.02,         3.67
N,EQ,DHOOTTRANS,DHOOT TRANSMISSION LTD,      1583.50,      1615.00,      1665.00,      1570.10,      1615.70,               9814338483.10,6047122,N, ,317283,      1665.20,      1131.00
N,EQ,DHRUV,DHRUV CONSULTANCY SER LTD,        23.45,        23.45,        23.45,        22.29,        22.32,                   162783.44,7195,N, ,100,        62.89,        22.02
N,EQ,DHUNINV,DHUNSERI INVESTMENTS LTD,      1046.25,      1046.25,      1054.80,      1012.65,      1019.15,                  1260977.95,1224,N, ,204,      1573.10,       667.10
N,EQ,DIAMINESQ,DIAMINES & CHEMICALS LTD,       244.76,       243.54,       245.39,       240.00,       240.99,                   922791.21,3798,N, ,299,       418.80,       208.01
N,EQ,DIAMONDYD,PRATAAP SNACKS LIMITED,      1159.80,      1162.30,      1162.30,      1147.60,      1158.30,                  6672296.50,5787,N, ,713,      1245.00,       858.90
N,EQ,DICIND,DIC INDIA LIMITED,       584.00,       596.00,       638.95,       589.75,       618.60,                 28362168.05,45846,N, ,1548,       638.95,       450.50
N,EQ,DIFFNKG,DIFFUSION ENGINEERS LTD,       477.60,       487.00,       519.90,       470.00,       474.90,               1030652502.70,2072376,N, ,52420,       519.90,       216.80
N,EQ,DIGIDRIVE,DIGIDRIVE DISTRIBUTORS L,        17.80,        17.31,        18.00,        17.31,        17.65,                   117599.76,6628,N, ,96,        34.37,        16.10
N,SM,DIGIKORE,DIGIKORE STUDIOS LIMITED,        40.00,        40.00,        41.00,        36.00,        40.10,                  2251860.00,57600,N, ,92,       190.60,        30.25
N,EQ,DIGISPICE,DIGISPICE TECHNOLOGIES LT,        16.96,        17.29,        17.29,        16.52,        16.98,                  1242593.24,73604,N, ,282,        35.50,        14.82
N,EQ,DIGITIDE,DIGITIDE SOLUTIONS LTD,        95.52,        95.55,        98.19,        95.31,        97.01,                 25592595.82,263762,N, ,1597,       209.50,        69.90
N,EQ,DIGJAMLMTD,DIGJAM LTD,        49.40,        50.48,        51.00,        49.41,        49.96,                    71746.07,1422,N, ,33,        59.75,        36.03
N,EQ,DISAQ,DISA INDIA LTD.,     11775.00,     11987.00,     12119.00,     11825.00,     11990.00,                   732420.00,61,N, ,48,     12864.00,     10851.00
N,EQ,DISHTV,DISH TV INDIA LTD.,         2.61,         2.61,         2.65,         2.51,         2.57,                  4665067.08,1807676,N, ,1693,         5.99,         1.82
N,EQ,DIVGIITTS,DIVGI TORQTRANSFER SYST L,      1235.20,      1245.10,      1268.30,      1211.20,      1235.80,                116523254.10,94690,N, ,7891,      1329.80,       573.70
N,EQ,DIXON,DIXON TECHNO (INDIA) LTD,     14445.00,     14445.00,     14463.00,     14070.00,     14240.00,               4991620441.00,350720,N, ,53585,     18471.00,      9600.00
N,EQ,DJML,DJ MEDIAPRINT & LOG LTD,        70.71,        70.71,        76.90,        70.71,        75.64,                 17534023.77,234263,N, ,2757,       124.80,        52.00
N,EQ,DLINKINDIA,D-LINK INDIA LTD,       452.35,       453.00,       455.90,       448.40,       451.15,                 30470522.05,67520,N, ,2802,       549.20,       367.65
N,EQ,DMCC,DMCC SPECIALITY CHEMICALS,       295.50,       294.70,       302.00,       291.10,       293.35,                 13786408.65,46455,N, ,1452,       332.90,       191.35
N,EQ,DNAMEDIA,DILIGENT MEDIA CORP LTD.,         2.63,         2.68,         2.70,         2.51,         2.63,                    89524.71,34439,N, ,123,         5.44,         2.28
N,EQ,DODLA,DODLA DAIRY LIMITED,      1069.90,      1081.70,      1081.70,      1062.00,      1066.80,                  9165812.60,8579,N, ,1616,      1500.00,       964.10
N,EQ,DOLATALGO,DOLAT ALGOTECH LIMITED,        70.05,        70.49,        72.99,        70.11,        70.91,                 13375547.68,187699,N, ,1685,        95.76,        64.96
N,EQ,DOLLAR,DOLLAR INDUSTRIES LIMITED,       265.00,       265.55,       267.10,       262.80,       264.25,                  9736794.40,36786,N, ,1075,       396.00,       220.50
N,SM,DOLLEX,DOLLEX AGROTECH LIMITED,        35.00,        36.80,        36.80,        36.80,        36.80,                   147200.00,4000,N, ,1,        43.55,        26.00
N,EQ,DOLPHIN,DOLPHIN OFF ENT (IND) L,       619.60,       625.00,       681.55,       623.30,       674.00,                112078167.50,169333,N, ,3757,       681.55,       322.00
N,EQ,DOMS,DOMS INDUSTRIES LIMITED,      2207.60,      2205.00,      2224.80,      2183.20,      2208.70,                170429112.60,77261,N, ,10476,      2770.00,      2023.90
N,EQ,DONEAR,DONEAR IND. LIMITED,        88.56,        90.39,        93.47,        89.10,        92.25,                  9788380.93,106790,N, ,698,       116.51,        77.60
N,EQ,DPABHUSHAN,D. P. ABHUSHAN LIMITED,      1359.40,      1362.80,      1445.00,      1362.80,      1414.20,                 51435916.10,36359,N, ,3609,      1670.00,       866.10
N,SM,DPEL,DIVINE POWER ENERGY LTD,       577.30,       579.95,       580.00,       577.00,       578.75,                  6947925.00,12000,N, ,21,       599.00,       131.05
N,EQ,DRAGARWQ,DR. AGARWAL'S EYE HOSP L,      5339.00,      5339.00,      5474.00,      5302.00,      5422.50,                  5141819.50,954,N, ,193,      6059.70,      4600.00
N,EQ,DRCSYSTEMS,DRC SYSTEMS INDIA LIMITED,        13.42,        13.21,        13.85,        13.21,        13.64,                   516174.67,37863,N, ,229,        23.68,        11.50
N,EQ,DREAMFOLKS,DREAMFOLKS SERVICES LTD,        66.33,        66.10,        67.47,        66.07,        66.93,                  2537818.50,38187,N, ,694,       160.00,        56.00
N,EQ,DREDGECORP,DREDGING CORP OF INDIA,      1074.70,      1074.70,      1117.50,      1074.70,      1087.70,                140581202.70,128213,N, ,8211,      1286.00,       538.00
N,SM,DRONE,DRONE DESTINATION LIMITED,        34.00,        34.15,        34.15,        32.00,        33.50,                  1445625.00,43500,N, ,75,       101.85,        32.00
N,EQ,DSSL,DYNACONS SYS & SOLN LTD,      1003.00,       992.60,      1053.10,       990.00,      1053.10,                 36005221.90,34708,N, ,2982,      1924.80,       781.00
N,SM,DUCOL,DUCOL ORGS AND COLOURS LT,       109.00,       109.00,       114.90,       108.00,       108.00,                   439920.00,4000,N, ,5,       209.50,        90.00
N,EQ,DUCON,DUCON INFRATECHNOLOGIES L,         1.93,         1.92,         1.99,         1.84,         1.92,                  3232732.51,1709236,N, ,1080,         6.45,         1.79
N,SM,DUGLOBAL,DUDIGITAL GLOBAL LIMITED,        25.00,        25.70,        25.70,        25.50,        25.55,                   319625.00,12500,N, ,4,        49.00,        23.00
N,SM,DURLAX,DURLAX TOP SURFACE LTD,        66.50,        66.45,        66.50,        64.10,        64.50,                  1689100.00,26000,N, ,12,        72.00,        30.55
N,EQ,DVL,DHUNSERI VENTURES LIMITED,       285.80,       284.45,       292.00,       284.45,       290.05,                  4512353.10,15605,N, ,492,       380.60,       186.99
N,EQ,DWARKESH,DWARIKESH SUGAR IND LTD,        49.32,        49.41,        49.41,        47.01,        47.31,                111445405.92,2333510,N, ,9152,        59.90,        32.13
N,EQ,DYCL,DYNAMIC CABLES LIMITED,       544.30,       541.90,       546.80,       484.00,       487.90,                903416046.00,1789647,N, ,44589,       560.00,       236.80
N,EQ,DYNAMATECH,DYNAMATIC TECHNOLOGIES,     11532.00,     11560.00,     11775.00,     11558.00,     11654.00,                100306405.00,8608,N, ,3309,     12875.00,      6422.00
N,EQ,DYNPRO,DYNEMIC PRODUCTS LIMITED,       237.81,       240.00,       248.00,       235.00,       236.06,                  8974459.43,37117,N, ,1061,       388.70,       190.80
N,SM,E2ERAIL,E TO E TRANS INFRA LTD,       345.40,       337.00,       364.95,       337.00,       353.10,                 29128080.00,83200,N, ,86,       371.00,       171.00
N,EQ,EASEMYTRIP,EASY TRIP PLANNERS LTD,         5.97,         6.03,         6.03,         5.98,         6.00,                 30042736.89,5002636,N, ,4499,        10.60,         5.77
N,EQ,EASTWEST,EAST WEST FREIGHT CARRI L,         2.34,         2.30,         2.40,         2.28,         2.36,                   144474.77,61727,N, ,167,         2.68,         2.20
N,EQ,EBGNG,GNG ELECTRONICS LIMITED,       622.10,       622.00,       633.40,       583.00,       601.25,                608153509.80,1005022,N, ,40195,       689.50,       239.00
N,EQ,ECLERX,ECLERX SERVICES LTD,      1971.70,      1960.00,      1967.80,      1878.30,      1905.70,                314857907.80,163141,N, ,22979,      4995.00,      1320.00
N,EQ,ECORECO,ECO RECYCLING LTD.,       456.10,       462.00,       468.95,       455.85,       459.35,                  4687844.30,10145,N, ,655,       494.90,       443.75
N,EQ,ECOSMOBLTY,ECOS (INDIA) MOB & HOSP L,       113.93,       113.93,       115.90,       112.13,       113.54,                  9019671.50,79330,N, ,1366,       294.60,       103.94
N,EQ,EDELWEISS,EDELWEISS FIN SERV LTD,       134.76,       136.11,       138.24,       134.76,       136.08,               1537790886.18,11273587,N, ,64340,       138.24,        98.00
N,SM,EFACTOR,E FACTOR EXPERIENCES LTD,       175.00,       180.00,       180.00,       168.15,       173.00,                   633120.00,3600,N, ,6,       348.00,       150.00
N,EQ,EFCIL,EFC (I) LIMITED,       200.84,       198.09,       202.00,       192.00,       193.24,                 46246415.84,235570,N, ,4668,       342.00,       171.42
N,SM,EFORCE,ELECTRO FORCE (INDIA) LTD,        19.50,        19.30,        21.40,        19.30,        20.05,                   340620.00,16800,N, ,14,        47.00,        16.15
N,EQ,EIDPARRY,EID PARRY INDIA LTD,       778.25,       778.25,       784.50,       774.85,       781.35,                210982385.00,270760,N, ,11684,      1176.00,       698.20
N,EQ,EIEL,ENVIRO INFRA ENGINEERS L,       195.66,       196.90,       201.70,       195.65,       199.17,                153011435.07,769678,N, ,12654,       276.10,       134.71
N,EQ,EIHAHOTELS,EIH ASSOCIATED HOTELS LTD,       303.85,       305.45,       308.60,       295.30,       297.65,                  3509537.65,11705,N, ,1161,       434.90,       266.65
N,EQ,EIHOTEL,EIH LIMITED,       290.75,       292.65,       293.40,       290.10,       291.90,                 45192744.55,154906,N, ,10144,       434.80,       271.15
N,EQ,EIMCOELECO,EIMCO ELECON (INDIA) LTD,      2280.40,      2286.10,      2286.10,      2240.00,      2254.40,                 44223867.50,19567,N, ,2517,      2380.00,      1405.50
N,EQ,EKC,EVEREST KANTO CYLINDERLTD,       107.00,       107.40,       107.65,       105.15,       106.42,                 16017494.90,150735,N, ,1680,       154.55,        90.25
N,EQ,EKI,EKI ENERGY SERVICES LTD,        74.06,        73.15,        76.00,        73.11,        74.13,                   457852.27,6162,N, ,205,        82.50,        71.50
N,EQ,ELANTAS,ELANTAS BECK INDIA LTD.,     12114.00,     12395.00,     12400.00,     12100.00,     12219.00,                 16691269.00,1367,N, ,588,     13200.00,      8900.00
N,EQ,ELCIDIN,ELCID INVESTMENTS LTD.,    106500.00,    109880.00,    109880.00,    107400.00,    107590.00,                  1295420.00,12,N, ,12,    137000.00,    105500.00
N,EQ,ELDEHSG,ELDECO HSG & IND LTD.,       790.45,       781.00,       801.00,       781.00,       789.10,                   328025.85,415,N, ,35,      1044.10,       691.20
N,EQ,ELECON,ELECON ENG. CO. LTD,       435.95,       436.50,       442.50,       428.75,       433.75,                232935467.45,535067,N, ,20353,       634.90,       352.00
N,EQ,ELECTCAST,ELECTROSTEEL CASTINGS LTD,        83.85,        84.30,        84.90,        82.61,        83.71,                147418215.75,1762760,N, ,13251,       103.95,        60.15
N,EQ,ELECTHERM,ELECTROTHERM (I) LTD.,       979.90,       979.90,       999.90,       979.90,       980.90,                  7264252.75,7385,N, ,331,      1277.00,       551.00
N,EQ,ELGIEQUIP,ELGI EQUIPMENTS LTD,       630.35,       632.95,       645.40,       627.50,       642.10,                441570196.95,691967,N, ,22241,       645.40,       408.25
N,EQ,ELGIRUBCO,ELGI RUBBER CO. LTD,        59.08,        59.98,        59.98,        58.10,        58.69,                  2593008.74,44079,N, ,1003,        90.50,        32.72
N,SM,ELGNZ,ELEGANZ INTERIORS LIMITED,        84.05,        85.50,        88.25,        84.30,        87.55,                  2150100.00,25000,N, ,24,       163.00,        52.00
N,EQ,ELIN,ELIN ELECTRONICS LIMITED,        95.26,        95.26,        97.30,        95.00,        95.40,                 18867538.08,196524,N, ,2356,       234.00,        93.65
N,EQ,ELITECON,ELITECON INTERNATIONAL L,         9.13,         8.68,         8.68,         8.68,         8.68,                  9744011.76,1122582,N, ,3278,        46.40,         8.68
N,EQ,ELLEN,ELLENBARRIE INDUS GASES L,       330.45,       333.80,       340.15,       327.50,       331.85,                254685099.40,759237,N, ,15867,       559.80,       175.00
N,EQ,ELPROINTL,ELPRO INTERNATIONAL LTD,       174.44,       173.66,       174.94,       173.58,       174.00,                   632046.96,3631,N, ,75,       180.89,       167.26
N,EQ,EMAMILTD,EMAMI LIMITED,       368.20,       370.00,       371.40,       361.85,       366.05,                471912757.25,1293997,N, ,22806,       618.00,       361.15
N,EQ,EMAMIREAL,EMAMI REALTY LIMITED,        68.70,        69.29,        69.30,        65.70,        66.74,                  1664774.66,24880,N, ,382,       122.14,        48.20
N,SM,EMAPARTNER,EMA PARTNERS INDIA LTD,        83.05,        85.00,        86.00,        80.55,        85.35,                  1511700.00,18000,N, ,16,       105.00,        65.25
N,RR,EMBASSY,EMBASSY OFFICE PARKS REIT,       438.57,       439.97,       439.97,       435.11,       438.69,                281459090.77,641632,N, ,10850,       462.00,       383.00
N,EQ,EMBDL,EMBASSY DEVELOPMENTS LTD,        58.59,        58.65,        59.19,        57.25,        57.53,                147091517.57,2533639,N, ,11846,       105.70,        55.36
N,EQ,EMCURE,EMCURE PHARMACEUTICALS L,      1854.70,      1888.00,      1935.00,      1874.70,      1927.60,                529689047.40,276608,N,XD,24433,      2048.00,      1260.00
N,EQ,EMIL,ELECTRONICS MART IND LTD,       176.16,       175.40,       176.67,       167.54,       173.74,                282153941.77,1637322,N, ,22574,       196.74,        84.90
N,EQ,EMKAY,EMKAY GLOBAL FIN SERV LTD,       257.75,       259.00,       270.00,       255.15,       267.25,                 14479020.10,54753,N, ,1159,       409.90,       186.00
N,SM,EMKAYTOOLS,EMKAY TAP & CUT. TOOL LTD,        96.05,        93.50,        98.00,        93.50,        98.00,                   131617.50,1350,N, ,9,       176.00,        83.10
N,SM,EMMIL,ENERGY MISSION MACH IND L,       120.65,       120.00,       124.00,       118.15,       120.10,                  1904662.50,15750,N, ,25,       207.00,       110.00
N,EQ,EMMVEE,EMMVEE PHOTOVOLTAIC PWR L,       326.40,       327.00,       330.90,       322.30,       325.20,                284298380.20,873378,N, ,27551,       371.55,       171.51
N,EQ,EMPIND,EMPIRE INDUSTRIES LTD.,      1195.90,      1202.00,      1208.30,      1192.00,      1195.60,                  8241824.50,6883,N, ,500,      1248.00,      1065.60
N,EQ,EMPOWER,EMPOWER INDIA LTD.,         1.82,         1.73,         1.90,         1.73,         1.84,                 46944709.51,26427168,N, ,4753,         2.82,         1.30
N,EQ,EMSLIMITED,EMS LIMITED,       387.35,       387.35,       388.95,       381.00,       383.05,                 63676974.80,166270,N, ,4614,       593.85,       256.05
N,EQ,EMUDHRA,EMUDHRA LIMITED,       519.85,       519.85,       534.40,       519.85,       524.80,                 37530852.35,71392,N, ,2873,       735.00,       364.55
N,SM,ENCOMPAS,ENCOMPASS DESIGN INDIA L,       248.65,       251.45,       258.95,       248.00,       256.80,                  2429300.00,9600,N, ,21,       302.90,       167.35
N,EQ,ENDURANCE,ENDURANCE TECHNO. LTD.,      2754.70,      2757.00,      2795.00,      2736.60,      2782.80,                138950309.30,50285,N, ,9180,      3079.90,      2142.80
N,EQ,ENERGYDEV,ENERGY DEVE. CO.LTD,        15.50,        15.99,        15.99,        15.45,        15.49,                   174359.58,11133,N, ,171,        29.69,        13.15
N,SM,ENFUSE,ENFUSE SOLUTIONS LIMITED,       160.75,       155.05,       155.05,       155.00,       155.00,                   279030.00,1800,N, ,3,       260.00,       148.00
N,EQ,ENGINERSIN,ENGINEERS INDIA LTD,       281.95,       282.40,       284.50,       278.35,       279.45,                983697582.55,3490446,N, ,51832,       289.65,       163.55
N,EQ,ENIL,ENTERTAIN NET. IND. LTD.,        99.61,        99.67,       103.10,        99.67,       102.65,                  2774564.67,27341,N, ,582,       166.79,        98.57
N,EQ,ENKEIWHEL,ENKEI WHEELS (INDIA) LTD.,       380.80,       396.00,       400.00,       384.00,       389.80,                   305698.35,776,N, ,73,       425.00,       378.50
N,SM,ENSER,ENSER COMMUNICATIONS LTD,        14.80,        15.35,        15.35,        15.25,        15.30,                   766500.00,50000,N, ,10,        23.25,         7.80
N,EQ,ENTERO,ENTERO HEALTHCARE SOLU L,      1848.00,      1848.00,      1868.90,      1811.10,      1827.60,                177130908.20,96165,N, ,11496,      1868.90,       944.00
N,SM,ENVIRO,ENVIROTECH SYSTEMS LTD,        71.15,        69.10,        71.25,        69.05,        70.50,                   772000.00,11000,N, ,11,       173.00,        68.10
N,EQ,EPACK,EPACK DURABLE LIMITED,       189.08,       191.00,       192.50,       187.99,       189.27,                 65142248.21,343336,N, ,5259,       409.50,       184.86
N,EQ,EPACKPEB,EPACK PREFAB TECHN LTD,       227.30,       227.50,       233.85,       227.50,       231.11,                 74959483.05,324727,N, ,5343,       344.00,       132.17
N,EQ,EPIGRAL,EPIGRAL LIMITED,      1236.70,      1230.00,      1254.80,      1214.50,      1219.70,                 59337209.50,48188,N, ,6030,      1831.80,       807.00
N,EQ,EPL,EPL LIMITED,       246.55,       246.55,       250.90,       244.55,       247.10,                920059579.90,3718253,N, ,30937,       274.03,       176.40
N,EQ,EQUITASBNK,EQUITAS SMALL FIN BNK LTD,        73.04,        73.05,        73.99,        72.80,        72.95,                 39248129.30,534782,N, ,6980,        83.90,        50.00
N,EQ,ERIS,ERIS LIFESCIENCES LIMITED,      1303.50,      1301.00,      1332.20,      1301.00,      1321.70,                 91228515.30,69111,N, ,10716,      1810.80,      1200.00
N,EQ,ESABINDIA,ESAB INDIA LTD,      6077.50,      6107.50,      6114.00,      6050.00,      6067.50,                 17120522.50,2820,N, ,1113,      7319.50,      4710.00
N,SM,ESCONET,ESCONET TECHNOLOGIES LTD,       227.45,       221.00,       238.80,       221.00,       238.60,                  9606660.00,40800,N, ,87,       280.00,        91.25
N,EQ,ESCORTS,ESCORTS KUBOTA LIMITED,      2978.20,      2993.00,      3001.00,      2960.30,      2968.80,                187046375.50,62925,N, ,12404,      4180.00,      2700.00
N,EQ,ESDS,ESDS SOFTWARE SOLUTION L,       429.00,       757.00,       908.40,       756.00,       908.40,              13115874910.25,15790052,N, ,192111,       908.40,       756.00
N,SM,ESFL,ESSEN SPECIALITY FILMS L,       115.15,       121.00,       121.60,       116.60,       120.75,                  1335312.00,11160,N, ,23,       392.90,       108.30
N,SM,ESPRIT,ESPRIT STONES LIMITED,        63.50,        63.00,        63.50,        63.00,        63.00,                   303200.00,4800,N, ,3,        95.00,        52.00
N,EQ,ESSARSHPNG,ESSAR SHIPPING LTD,        16.87,        17.00,        17.65,        16.90,        17.09,                  5591360.40,325102,N, ,1388,        43.26,        15.71
N,EQ,ESSENTIA,INTEGRA ESSENTIA LIMITED,         1.05,         1.05,         1.08,         1.05,         1.05,                  3029362.19,2849052,N, ,825,         2.08,         1.01
N,EQ,ESTER,ESTER INDUSTRIES LTD,        94.03,        94.04,        94.72,        93.00,        93.57,                  3867472.19,41294,N, ,656,       132.45,        68.55
N,EQ,ETHOSLTD,ETHOS LIMITED,      2793.10,      2794.00,      2905.60,      2776.00,      2792.80,                226257286.10,79319,N, ,7746,      3245.90,      1919.40
N,SM,ETL,EMKAY TOOLS LIMITED,      1098.10,      1035.15,      1047.00,      1035.15,      1047.00,                   312322.50,300,N, ,2,      1125.00,       721.10
N,SM,ETML,EMERALD TYRE MANUF LTD,        82.00,        80.80,        85.80,        80.80,        81.95,                   495660.00,6000,N, ,5,       146.00,        72.50
N,EQ,EUREKAFORB,EUREKA FORBES LIMITED,       429.25,       430.00,       430.00,       422.15,       423.75,                 42313116.50,99508,N, ,7971,       668.30,       403.20
N,EQ,EUROBOND,EURO PANEL PRODUCTS LTD,       151.10,       154.00,       154.00,       148.01,       151.00,                   138382.81,921,N, ,65,       253.90,       126.30
N,EQ,EUROPRATIK,EURO PRATIK SALES LIMITED,       267.00,       267.00,       270.05,       258.00,       263.75,                 50479118.80,192832,N, ,2636,       390.00,       205.10
N,EQ,EVEREADY,EVEREADY INDS. IND.  LTD.,       319.45,       319.00,       322.30,       316.00,       317.90,                 18243353.10,57194,N, ,1346,       475.20,       259.65
N,EQ,EXCELINDUS,EXCEL INDUSTRIES LTD,      1034.90,      1035.10,      1045.00,      1026.10,      1031.40,                  4679881.20,4529,N, ,619,      1258.00,       800.05
N,EQ,EXCELSOFT,EXCELSOFT TECHNOLOGIES L,        70.66,        70.50,        71.80,        69.52,        70.23,                 21151747.91,299626,N, ,2293,       142.59,        66.40
N,EQ,EXICOM,EXICOM TELE SYSTEMS LTD,       166.13,       166.80,       179.75,       166.80,       177.85,                947959724.68,5389417,N, ,51639,       182.90,        75.60
N,EQ,EXIDEIND,EXIDE INDUSTRIES LTD,       423.00,       423.90,       428.50,       416.40,       424.35,               1091713286.85,2581393,N, ,39007,       496.40,       287.00
N,SM,EXIMROUTES,EXIM ROUTES LIMITED,       107.10,       107.10,       107.10,       107.10,       107.10,                   171360.00,1600,N, ,2,       281.90,        90.00
N,EQ,EXPLEOSOL,EXPLEO SOLUTIONS LIMITED,       898.75,       904.00,       910.00,       888.00,       899.00,                 24795760.70,27691,N, ,2682,      1175.10,       640.00
N,EQ,EXXARO,EXXARO TILES LIMITED,         6.70,         6.60,         6.85,         6.50,         6.59,                  1979669.48,298855,N, ,712,        10.33,         5.99
N,EQ,FABTECH,FABTECH TECHNOLOGIES LTD,       147.33,       147.14,       152.26,       147.07,       150.20,                 16874519.20,112484,N, ,1375,       262.80,       132.70
N,EQ,FACT,FACT LTD,       800.20,       803.05,       812.50,       798.15,       801.40,                 78504389.10,97544,N, ,6313,      1058.60,       652.10
N,SM,FALCONTECH,FALCON TECHNOPROJ IND LTD,        12.45,        12.45,        12.45,        12.45,        12.45,                    14940.00,1200,N, ,1,        22.35,        10.10
N,EQ,FAZE3Q,FAZE THREE LIMITED,       498.40,       502.35,       502.35,       485.10,       493.95,                  4605629.95,9304,N, ,655,       650.05,       322.10
N,EQ,FCL,FINEOTEX CHEMICAL LIMITED,        48.41,        48.68,        52.10,        48.60,        51.51,               1054990708.86,20692198,N,XD,50149,       270.80,        19.10
N,EQ,FCSSOFT,FCS SOFTWARE SOLN. LTD.,         1.44,         1.44,         1.46,         1.44,         1.45,                  1516593.44,1046769,N, ,1057,         2.53,         1.05
N,EQ,FDC,FDC LIMITED,       341.60,       343.00,       351.80,       341.55,       342.80,                 41467748.10,120312,N, ,7719,       527.80,       312.95
N,EQ,FEDDERSHOL,FEDDERS HOLDING LTD.,        46.00,        47.40,        47.70,        46.00,        47.28,                 83797880.18,1773925,N, ,2439,        53.49,        32.06
N,EQ,FEDERALBNK,FEDERAL BANK LTD,       344.60,       344.90,       344.90,       341.80,       343.00,               1412014763.60,4115397,N, ,56122,       371.70,       188.40
N,EQ,FEDFINA,FEDBANK FINANCIAL SER L,       157.86,       156.32,       163.20,       156.32,       161.56,                131437936.92,818017,N, ,12601,       178.48,       119.07
N,SM,FELIX,FELIX INDUSTRIES LTD.,       194.20,       195.30,       215.00,       194.55,       210.20,                 44727375.00,219000,N, ,247,       232.95,       142.65
N,EQ,FERMENTA,FERMENTA BIOTECH LTD.,       502.30,       502.30,       509.35,       491.65,       498.50,                 50684682.15,101413,N, ,6328,       580.45,       248.85
N,EQ,FIBERWEB,FIBERWEB INDIA LIMITED,        25.91,        26.20,        26.20,        25.60,        25.75,                   275076.24,10675,N, ,91,        49.90,        25.17
N,SM,FIDEL,FIDEL SOFTECH LIMITED,       139.05,       140.00,       142.00,       140.00,       142.00,                  1417950.00,10000,N, ,6,       200.00,       108.10
N,EQ,FIEMIND,FIEM INDUSTRIES LIMITED,      2036.90,      2050.00,      2092.40,      2036.00,      2085.80,                 96914162.60,46943,N, ,6225,      2674.80,      1868.50
N,EQ,FILATEX,FILATEX INDIA LTD,        76.72,        77.10,        78.45,        75.65,        77.72,                 89450374.84,1156499,N, ,9620,        87.27,        36.26
N,EQ,FILATFASH,FILATEX FASHIONS LIMITED,         0.18,         0.19,         0.19,         0.18,         0.18,                  3871529.79,21161213,N, ,1613,         0.68,         0.14
N,SM,FINBUD,FINBUD FINANCIAL SERV LTD,       128.00,       128.00,       133.10,       128.00,       133.00,                  1433200.00,11000,N, ,7,       164.85,        76.00
N,EQ,FINCABLES,FINOLEX CABLES LTD,      1272.90,      1223.50,      1254.90,      1211.00,      1220.20,               1844900504.20,1492429,N,XD,48647,      1374.00,       700.80
N,EQ,FINEORG,FINE ORGANIC IND. LTD.,      5179.50,      5178.50,      5190.00,      5136.00,      5152.00,                 62084103.00,12034,N, ,3756,      5407.00,      3856.00
N,EQ,FINKURVE,FINKURVE FINANCIAL SERV L,        70.23,        69.90,        73.72,        69.74,        72.31,                  4520996.08,62572,N, ,987,       134.90,        48.02
N,EQ,FINOPB,FINO PAYMENTS BANK LTD,       140.23,       140.25,       142.90,       138.50,       139.33,                 11510167.70,82299,N, ,1305,       339.00,       110.03
N,EQ,FINPIPE,FINOLEX INDUSTRIES LTD,       158.90,       160.00,       160.00,       156.00,       158.63,                 80271974.78,507087,N, ,17238,       222.50,       147.54
N,EQ,FIRSTCRY,BRAINBEES SOLUTIONS LTD,       178.67,       179.00,       183.00,       176.25,       180.16,                276623996.81,1541167,N, ,19085,       438.70,       168.15
N,EQ,FISCHER,FISCHER MEDICAL VENTURE L,        37.03,        37.44,        37.62,        35.80,        36.04,                 11981060.90,329518,N, ,1374,      1194.40,        31.05
N,EQ,FIVESTAR,FIVE-STAR BUS FIN LTD,       534.60,       538.00,       538.00,       512.50,       523.05,                475711854.90,915369,N, ,39792,       666.00,       338.15
N,EQ,FLAIR,FLAIR WRITING INDUST LTD,       248.11,       249.55,       249.95,       242.40,       243.71,                 25765499.79,105224,N, ,2424,       348.80,       242.40
N,EQ,FLUOROCHEM,GUJARAT FLUOROCHEM LTD,      4694.60,      4839.30,      4850.00,      4461.10,      4554.00,               2186635509.10,473510,N, ,77614,      4958.90,      2916.60
N,SM,FLYSBS,FLYSBS AVIATION LIMITED,       625.25,       632.45,       651.00,       620.10,       635.60,                 43631900.00,68800,N, ,221,       687.00,       355.25
N,EQ,FMGOETZE,FEDERAL-MOGUL GOETZE (IND,       613.70,       511.00,       517.50,       499.60,       501.45,                519971975.30,1030188,N,XD,20491,       641.10,       358.00
N,EQ,FMNL,FUTURE MKT NETWORKS LTD,         9.62,         9.81,        10.10,         9.63,        10.10,                   182286.74,18463,N, ,90,        14.22,         6.74
N,SM,FOCE,FOCE INDIA LIMITED,       512.00,       487.00,       487.00,       487.00,       487.00,                   233760.00,480,N, ,2,      2004.00,       487.00
N,SM,FONEBOX,FONEBOX RETAIL LIMITED,        95.25,        99.50,       100.00,        99.50,       100.00,                   199500.00,2000,N, ,2,       124.40,        57.00
N,EQ,FOODSIN,FOODS & INNS LIMITED,        56.06,        56.00,        57.90,        54.72,        57.37,                  5094782.40,89638,N, ,1022,        95.90,        44.00
N,EQ,FORCEMOT,FORCE MOTORS LIMITED,     17500.00,     17515.00,     17857.00,     17500.00,     17500.00,                845617989.00,47840,N, ,13497,     26450.00,     14911.00
N,SM,FORGEAUTO,FORGE AUTO INTERNATION L,       100.00,       105.00,       105.00,       105.00,       105.00,                  1638000.00,15600,N, ,11,       172.00,        68.45
N,EQ,FORTIS,FORTIS HEALTHCARE LTD,       917.50,       914.00,       917.45,       903.80,       905.00,                570533027.85,627470,N, ,18123,      1104.30,       766.80
N,EQ,FOSECOIND,FOSECO INDIA LTD,      6372.50,      6372.50,      6404.00,      6216.50,      6263.00,                 49993214.50,7937,N, ,1992,      6846.00,      4300.00
N,EQ,FRACTAL,FRACTAL ANALYTICS LIMITED,       817.40,       819.00,       830.00,       817.20,       825.45,                178015206.10,216017,N, ,15692,      1118.00,       733.70
N,EQ,FREDUN,FREDUN PHARMACEUTICALS L,      1488.30,      1502.90,      1517.00,      1458.00,      1470.70,                 22472687.60,15103,N, ,1248,      1590.00,      1400.00
N,EQ,FRONTSP,FRONTIER SPRINGS LTD.,      1269.80,      1267.30,      1305.00,      1255.90,      1291.80,                 27883996.20,21620,N, ,2204,      1869.00,      1241.10
N,EQ,FSL,FIRSTSOURCE SOLU. LTD.,       265.30,       265.60,       273.85,       263.75,       264.40,                252426174.90,942732,N, ,19537,       379.70,       202.00
N,EQ,FUSION,FUSION FINANCE LIMITED,       199.73,       199.73,       207.00,       199.21,       203.19,                282727614.70,1385863,N, ,18954,       243.00,       136.50
N,SM,FWSTC,FLYWINGS SIMULAT T C LTD,       197.00,       187.00,       187.00,       175.00,       175.15,                  9157920.00,52200,N, ,18,       248.00,       145.00
N,EQ,GABRIEL,GABRIEL INDIA LTD,      1345.80,      1349.00,      1368.00,      1310.60,      1353.20,                278851146.20,208239,N, ,19505,      1600.00,       795.70
N,EQ,GAEL,GUJARAT AMBUJA EXPORTS LT,       170.88,       170.88,       171.20,       167.20,       167.81,                 78434013.70,466226,N, ,8584,       184.99,       101.20
N,EQ,GAJA,GAJA ALT ASSET MGT LTD,       157.62,       158.00,       162.01,       157.51,       161.10,                212552736.11,1327301,N, ,15002,       191.65,       149.51
N,SM,GAJANAND,GAJANAND INTERNATIONAL L,         8.90,         8.00,         8.85,         8.00,         8.40,                    50550.00,6000,N, ,2,        13.15,         6.25
N,EQ,GALAPREC,GALA PRECISION ENG LTD,      1026.20,      1036.10,      1038.90,      1015.20,      1024.00,                 21595370.60,21048,N, ,1748,      1260.00,       671.20
N,EQ,GALAXYSURF,GALAXY SURFACTANTS LTD,      2251.60,      2251.60,      2273.90,      2143.50,      2165.00,                 95516434.00,43774,N, ,8192,      2648.00,      1510.00
N,EQ,GALLANTT,GALLANTT ISPAT LIMITED,       572.65,       585.00,       597.45,       568.45,       574.00,                174201650.90,300142,N, ,19112,       948.00,       496.25
N,EQ,GANDHAR,GANDHAR OIL REFINE IND L,       267.40,       268.40,       269.05,       261.00,       267.60,                228796954.15,860917,N, ,10840,       303.17,       115.00
N,EQ,GANDHITUBE,GANDHI SPL. TUBES LTD,       902.55,       901.75,       904.95,       898.00,       900.15,                  1531667.55,1700,N, ,207,      1031.80,       681.05
N,EQ,GANECOS,GANESHA ECOSPHERE LIMITED,      1015.40,      1023.50,      1023.50,       962.50,       999.90,                327988442.10,331101,N, ,28534,      1396.00,       653.55
N,EQ,GANESHCP,GANESH CONSUMER PRODUCT L,       168.82,       169.79,       176.98,       168.47,       174.46,                 20374221.28,117370,N, ,2220,       309.95,       152.00
N,EQ,GANESHHOU,GANESH HOUSING LIMITED,       765.50,       767.20,       770.00,       753.90,       758.95,                 19314914.70,25372,N, ,1619,       902.95,       500.00
N,SM,GANGABATH,GANGA BATH FITTINGS LTD,        20.75,        20.80,        20.80,        20.15,        20.30,                   612300.00,30000,N, ,10,        27.50,        15.50
N,EQ,GANGAFORGE,GANGA FORGING LIMITED,         1.76,         1.68,         1.75,         1.68,         1.68,                 14659134.13,8689563,N, ,2873,         4.15,         1.53
N,EQ,GANGESSECU,GANGES SECURITIES LIMITED,       119.90,       120.05,       123.90,       118.02,       118.71,                   144804.81,1203,N, ,85,       178.15,       103.31
N,EQ,GARFIBRES,GARWARE TECH FIBRES LTD,       800.05,       800.00,       813.25,       792.90,       800.55,                 12549971.90,15701,N, ,3136,       863.40,       579.75
N,EQ,GARUDA,GARUDA CONSTRUCT N ENG L,       178.88,       178.75,       181.11,       178.00,       178.73,                 51281893.14,285751,N, ,3997,       249.30,       130.00
N,EQ,GATEWAY,GATEWAY DISTRIPARKS LTD,        54.50,        54.77,        55.06,        54.36,        54.69,                 21200363.53,387773,N, ,3207,        67.72,        48.10
N,EQ,GAYAHWS,GAYATRI HIGHWAYS LIMITED,         1.96,         2.00,         2.04,         1.92,         1.93,                   402168.63,206145,N, ,316,         4.76,         1.74
N,EQ,GAYAPROJ,GAYATRI PROJECTS LTD,        22.18,        22.37,        22.40,        21.30,        21.76,                  8008720.03,363836,N, ,1808,        24.50,        18.41
N,EQ,GCSL,GRETEX CORPORATE SERVICES,       586.70,       592.00,       596.85,       577.70,       595.15,                427375209.70,726731,N, ,8753,       596.85,       213.15
N,EQ,GEEKAYWIRE,GEEKAY WIRES LIMITED,        29.39,        29.90,        30.10,        29.39,        29.61,                  3756246.99,127142,N, ,850,        81.25,        18.51
N,EQ,GEMAROMA,GEM AROMATICS LIMITED,       162.22,       163.04,       166.70,       160.00,       161.50,                 14768858.33,90914,N, ,1692,       317.00,       133.00
N,EQ,GENCON,GENERIC ENG CONS PROJ LTD,        42.36,        42.50,        45.37,        42.45,        44.63,                 15235746.59,345096,N, ,1905,        59.96,        36.35
N,EQ,GENESYS,GENESYS INTL CORPN LTD,       222.63,       222.63,       234.00,       222.62,       230.88,                108556438.29,475906,N, ,7656,       647.90,       168.50
N,EQ,GENUSPAPER,GENUS P&B LIMITED,        12.44,        12.57,        12.83,        12.21,        12.76,                  2754825.86,216963,N, ,413,        19.07,         8.67
N,EQ,GENUSPOWER,GENUS POWER INFRASTRU LTD,       339.70,       340.80,       349.35,       334.75,       337.80,                847296283.05,2486451,N, ,50287,       358.95,       211.70
N,SM,GENXAI,GENXAI ANALYTICS LIMITED,        81.50,        82.00,        82.50,        80.10,        80.30,                  1276860.00,15600,N, ,13,       103.35,        66.70
N,EQ,GEOJITFSL,GEOJIT FINANCIAL SER L,        82.77,        82.79,        83.90,        82.31,        82.72,                 27654227.90,332909,N, ,2910,        86.50,        50.86
N,EQ,GESHIP,THE GE SHPG.LTD,      1353.60,      1360.40,      1378.00,      1340.00,      1369.70,               1423711526.10,1043987,N, ,60758,      1798.00,       922.50
N,EQ,GFLLIMITED,GFL LIMITED,        58.65,        59.69,        63.89,        58.90,        62.81,                 30851291.86,497897,N, ,4337,        63.89,        37.25
N,SM,GGBL,GANESH GREEN BHARAT LTD,       221.85,       221.00,       224.65,       219.05,       222.90,                  4110135.00,18600,N, ,50,       475.00,       211.00
N,EQ,GHCL,GHCL LIMITED,       437.55,       442.50,       442.50,       436.10,       436.60,                 37109193.45,84548,N, ,3129,       667.20,       416.60
N,EQ,GHCLTEXTIL,GHCL TEXTILES LIMITED,       138.02,       139.23,       139.85,       135.05,       136.72,                 58143635.08,424691,N, ,5069,       144.59,        65.26
N,EQ,GICHSGFIN,GIC HOUSING FINANCE LTD,       142.06,       142.06,       143.64,       139.60,       140.45,                 24399468.05,172955,N, ,2171,       184.00,       130.05
N,EQ,GICL,GLOBE INTL CARRIERS LTD,        24.00,        24.00,        24.90,        23.33,        24.60,                  3956977.79,162762,N, ,479,       179.00,        15.61
N,EQ,GICRE,GENERAL INS CORP OF INDIA,       356.15,       343.65,       361.30,       341.60,       358.45,               1747092626.40,4931565,N,XD,51131,       417.95,       341.60
N,EQ,GILLANDERS,GILLANDERS ARBUTHNOT LTD,       104.73,       103.00,       105.06,       101.75,       103.19,                   194538.27,1894,N, ,46,       131.89,        76.00
N,EQ,GILLETTE,GILLETTE INDIA LTD,      7341.00,      7340.00,      7371.00,      7300.00,      7312.50,                 68059653.00,9291,N, ,2909,     10740.00,      7206.00
N,EQ,GIPCL,GUJ IND POW CO. LTD,       208.04,       208.90,       208.90,       204.26,       205.18,                 82405245.46,400260,N, ,6911,       211.71,       119.90
N,SM,GIRIRAJ,GIRIRAJ CIVIL DEVP LTD,        78.55,        78.00,        78.55,        74.65,        74.65,                 65965762.50,879500,N, ,10,       378.00,        52.30
N,EQ,GKB,GKB OPHTHALMICS LTD.,        65.80,        65.00,        66.00,        63.01,        63.97,                   841500.33,13013,N, ,30,        70.00,        60.30
N,EQ,GKENERGY,GK ENERGY LIMITED,       129.55,       129.55,       131.00,       128.00,       128.96,                 34182558.87,264878,N, ,3758,       239.60,        87.20
N,EQ,GKSL,GUJARAT KIDNEY N SUP SP L,       171.51,       172.88,       175.09,       171.51,       172.81,                 41302033.61,238346,N, ,3887,       175.26,        98.36
N,EQ,GKWLIMITED,GKW LIMITED,      1600.00,      1622.00,      1622.00,      1582.00,      1610.90,                   246718.80,154,N, ,26,      1985.40,      1375.00
N,EQ,GLAND,GLAND PHARMA LIMITED,      2907.90,      2915.00,      2969.00,      2851.10,      2932.40,               8644188339.80,2977808,N, ,106175,      3039.80,      1573.60
N,EQ,GLAXO,GLAXOSMITHKLINE PHARMA LT,      2937.50,      2938.90,      2972.80,      2925.50,      2958.10,                141980334.40,48109,N, ,7671,      3120.70,      2088.10
N,EQ,GLENMARK,GLENMARK PHARMACEUTICALS,      2459.00,      2454.50,      2456.70,      2422.70,      2437.20,               1005401462.60,412728,N, ,25342,      2537.60,      1792.60
N,EQ,GLFL,GUJARAT LEASE FINANCING L,         5.66,         5.64,         5.80,         5.55,         5.80,                    24874.60,4293,N, ,17,         9.34,         3.66
N,EQ,GLOBAL,GLOBAL EDUCATION LIMITED,       116.27,       116.30,       126.45,       115.39,       120.45,                 69977133.93,570402,N, ,3953,       126.45,        55.30
N,EQ,GLOBALE,GLOBALE TESSILE LIMITED,        11.38,        11.38,        11.50,        10.86,        11.39,                   204152.92,18110,N, ,43,        15.40,         9.20
N,EQ,GLOBALVECT,GLOBAL VEC HELICORP LTD,       142.65,       144.00,       144.00,       140.10,       141.16,                   345287.74,2436,N, ,151,       248.00,       129.00
N,EQ,GLOBE,GLOBE ENTERPRISE (I) LTD,         1.91,         1.93,         1.94,         1.87,         1.89,                   833950.26,440779,N, ,294,         3.29,         1.86
N,EQ,GLOBECIVIL,GLOBE CIVIL PROJECTS LTD,        48.92,        48.85,        49.01,        47.61,        48.15,                  2010136.05,41613,N, ,439,        80.45,        33.50
N,EQ,GLOBUSSPR,GLOBUS SPIRITS LTD,       919.65,       919.65,       919.65,       910.00,       914.30,                 42449276.10,46420,N, ,2535,      1252.80,       800.05
N,EQ,GLOSTERLTD,GLOSTER LIMITED,       590.75,       599.70,       599.70,       590.25,       596.50,                   193204.65,323,N, ,26,       756.45,       495.00
N,EQ,GLOTTIS,GLOTTIS LIMITED,        62.31,        62.20,        63.21,        62.00,        62.10,                  2106687.86,33918,N, ,469,        93.00,        37.00
N,EQ,GMBREW,G M BREWERIES LTD,       910.55,       910.00,       924.95,       910.00,       919.85,                 37018983.65,40347,N, ,2783,      1328.80,       667.15
N,EQ,GMDCLTD,GUJARAT MINERAL DEV CORP,       565.85,       566.20,       570.75,       561.00,       562.95,                284277700.30,503162,N, ,15769,       771.90,       401.60
N,SM,GML,GALAXY MEDICARE LIMITED,        17.85,        18.00,        18.45,        17.85,        17.85,                   108600.00,6000,N, ,3,        54.00,        15.15
N,EQ,GMMPFAUDLR,GMM PFAUDLER LIMITED,      1073.50,      1073.50,      1175.00,      1073.50,      1147.90,               1202920783.20,1049404,N, ,54027,      1307.50,       735.00
N,EQ,GMRAIRPORT,GMR AIRPORTS LIMITED,        96.87,        96.86,        97.98,        96.30,        97.45,                903811495.83,9286457,N, ,42822,       115.64,        84.11
N,EQ,GMRP&UI,GMR POW AND URBAN INFRA L,        91.69,        91.61,        96.78,        90.71,        95.30,                185567727.58,1966833,N, ,12699,       136.95,        86.80
N,EQ,GNA,GNA AXLES LIMITED,       531.80,       537.00,       557.00,       529.55,       551.05,                151513510.85,276542,N, ,8707,       601.65,       293.80
N,EQ,GNFC,GUJ NAR VAL FER & CHEM L,       587.35,       588.90,       599.00,       585.60,       596.70,                469763958.30,791924,N, ,18983,       619.00,       365.00
N,EQ,GNRL,GUJARAT NATURAL RES L,        96.72,        97.60,       101.20,        96.90,        99.27,                 18251793.36,185644,N, ,1776,       120.90,        83.20
N,EQ,GOACARBON,GOA CARBON LIMITED,       375.25,       377.10,       381.00,       372.00,       378.45,                  3430190.35,9112,N, ,697,       494.90,       272.85
N,EQ,GOCLCORP,GOCL CORPORATION LIMITED,       422.95,       425.00,       431.00,       423.00,       427.45,                129867324.45,304041,N, ,8667,       459.90,       223.35
N,EQ,GOCOLORS,GO FASHION INDIA LTD,       322.55,       323.60,       328.50,       323.10,       326.65,                 15013860.85,46077,N, ,1320,       760.90,       237.05
N,EQ,GODAVARIB,GODAVARI BIOREFINERIES L,       245.25,       246.85,       246.85,       240.50,       241.70,                 12846511.88,53060,N, ,1221,       353.00,       227.42
N,EQ,GODFRYPHLP,GODFREY PHILLIPS INDIA LT,      2045.00,      2045.00,      2073.30,      2040.00,      2051.00,                206251705.80,100359,N, ,9709,     11175.00,      1832.10
N,EQ,GODIGIT,GO DIGIT GENERAL INS LTD,       257.85,       256.40,       261.00,       254.40,       258.30,                 52337712.70,203109,N, ,4972,       381.40,       244.20
N,EQ,GODREJAGRO,GODREJ AGROVET LIMITED,       658.95,       657.00,       665.50,       638.70,       644.85,                198404603.20,306292,N, ,17174,       760.00,       506.10
N,EQ,GODREJIND,GODREJ INDUSTRIES LTD,      1154.30,      1157.80,      1187.20,      1152.00,      1163.50,                 71163269.50,60778,N, ,7015,      1443.00,       744.20
N,EQ,GODREJPROP,GODREJ PROPERTIES LTD,      2001.50,      2000.00,      2021.70,      1971.00,      1982.00,                612979602.30,307319,N, ,17479,      2352.00,      1434.00
N,EQ,GOKEX,GOKALDAS EXPORTS LTD.,       767.65,       768.50,       802.50,       768.50,       789.20,                372784295.80,472178,N, ,16074,       954.90,       531.00
N,EQ,GOKUL,GOKUL REFOILS & SOLV LTD,        41.95,        41.60,        43.90,        41.44,        42.96,                  9410437.60,221325,N, ,1596,        46.80,        31.00
N,EQ,GOKULAGRO,GOKUL AGRO RESOURCES LTD,       234.91,       234.10,       236.67,       229.98,       231.17,                 65697773.37,282521,N, ,7042,       425.00,       151.00
N,EQ,GOLDIAM,GOLDIAM INTERNATIONAL LTD,       340.65,       341.05,       350.00,       341.05,       345.30,                114813773.50,332390,N, ,7831,       507.45,       265.00
N,SM,GOLDKART,GOLDKART JEWELS LIMITED,       100.00,       102.00,       102.00,       102.00,       102.00,                   127500.00,1250,N, ,1,       285.00,        81.70
N,EQ,GOODLUCK,GOODLUCK INDIA LIMITED,       469.40,       468.95,       480.00,       468.10,       472.90,                215784018.90,455214,N, ,9833,      1672.10,       430.10
N,EQ,GOODYEAR,GOODYEAR INDIA LIMITED,       736.70,       733.10,       748.00,       733.10,       741.50,                  1853276.85,2498,N, ,276,       876.00,       729.05
N,EQ,GOPAL,GOPAL SNACKS LIMITED,       265.40,       267.45,       267.50,       263.80,       265.10,                 22380137.45,84409,N, ,6321,       398.00,       247.55
N,EQ,GOYALALUM,GOYAL ALUMINIUMS LIMITED,         6.31,         6.31,         6.45,         6.16,         6.22,                   466947.27,74465,N, ,368,        11.37,         5.34
N,SM,GOYALSALT,GOYAL SALT LIMITED,       106.50,       106.00,       106.00,       105.00,       105.00,                   190200.00,1800,N, ,3,       200.00,        97.00
N,EQ,GPIL,GODAWARI POW & ISP LTD,       239.90,       239.90,       243.86,       238.89,       240.67,                237575251.09,985110,N, ,15181,       320.00,       221.21
N,EQ,GPPL,GUJARAT PIPAVAV PORT LTD,       165.43,       165.50,       165.83,       160.81,       161.62,                209947747.59,1293533,N, ,22993,       200.09,       141.55
N,EQ,GPTHEALTH,GPT HEALTHCARE LIMITED,       153.68,       153.29,       159.00,       151.96,       158.17,                 40487627.52,259291,N, ,3723,       175.00,       115.00
N,EQ,GPTINFRA,GPT INFRAPROJECTS LTD,       110.88,       110.87,       113.30,       110.50,       112.10,                 12166028.41,108936,N, ,1779,       150.00,        96.22
N,EQ,GRADIENTE,GRADIENTE INFOTAINMENT L,         2.67,         2.77,         2.80,         2.65,         2.71,                  4999974.07,1829209,N, ,462,         9.40,         2.08
N,EQ,GRANDOAK,GRAND OAK CANYONS DIST L,        34.98,        35.85,        36.70,        34.48,        34.84,                   153815.07,4351,N, ,320,        55.76,        24.00
N,EQ,GRANULES,GRANULES INDIA LIMITED,       853.85,       853.00,       863.60,       838.60,       848.30,                994732689.50,1172635,N, ,27025,       910.00,       492.45
N,SM,GRAPHISAD,GRAPHISADS LIMITED,        25.60,        26.10,        26.60,        25.10,        25.50,                   276600.00,10800,N, ,9,        52.80,        25.10
N,EQ,GRAPHITE,GRAPHITE INDIA LTD,       721.30,       721.80,       740.30,       714.65,       733.60,                778683437.65,1066661,N, ,27873,       802.40,       513.75
N,EQ,GRAUWEIL,GRAUER & WEIL IND LTD,        70.84,        70.61,        71.99,        70.05,        70.59,                 12475890.65,175799,N, ,2714,        87.40,        65.00
N,EQ,GRAVISSHO,GRAVISS HOSPITALITY LTD.,        29.60,        28.70,        29.50,        28.66,        29.40,                     9648.38,329,N, ,8,        35.60,        25.20
N,EQ,GRAVITA,GRAVITA INDIA LIMITED,      1684.80,      1684.80,      1696.60,      1615.10,      1661.60,                730139705.60,442686,N, ,45023,      1913.60,      1266.90
N,SM,GRCL,GAYATRI RUBB AND CHEM LTD,       570.15,       565.00,       575.00,       565.00,       575.00,                   708750.00,1250,N, ,4,       629.20,       306.65
N,EQ,GREAVESCOT,GREAVES COTTON LTD.,       194.78,       193.50,       197.07,       193.21,       195.56,                 91205437.89,467649,N, ,8117,       271.90,       119.99
N,SM,GREENCHEF,GREENCHEF APPLIANCES LTD,        66.50,        68.00,        71.50,        66.20,        66.20,                  2227560.00,32000,N, ,40,        74.05,        40.40
N,EQ,GREENLAM,GREENLAM INDUSTRIES LTD.,       244.17,       244.17,       244.59,       241.02,       242.62,                  3466599.62,14287,N, ,570,       278.63,       197.59
N,EQ,GREENPANEL,GREENPANEL INDUSTRIES LTD,       157.62,       159.20,       162.00,       157.30,       158.32,                 42783562.45,268737,N, ,4915,       333.80,       154.55
N,EQ,GREENPLY,GREENPLY INDUSTRIES LTD,       293.00,       292.10,       307.90,       292.10,       304.70,                117191688.65,387224,N, ,6481,       334.40,       176.42
N,EQ,GREENPOWER,ORIENT GREEN POWER CO LTD,         9.19,         9.19,         9.34,         9.19,         9.28,                 13952293.29,1505445,N, ,3566,        14.93,         7.98
N,SM,GRETEX,GRETEX INDUSTRIES LTD.,       247.50,       247.00,       247.00,       235.50,       237.00,                   724875.00,3000,N, ,4,       304.00,       180.50
N,EQ,GRINDWELL,GRINDWELL NORTON LIMITED,      1974.40,      1982.50,      1997.30,      1955.00,      1962.50,                 20246520.90,10248,N, ,2912,      2455.00,      1329.00
N,EQ,GRINFRA,G R INFRAPROJECTS LIMITED,       871.10,       878.95,       878.95,       865.60,       869.10,                  7284755.45,8369,N, ,1224,      1345.00,       785.00
N,EQ,GRMOVER,GRM OVERSEAS LIMITED,        85.81,        85.82,        88.15,        85.46,        87.53,                 99389652.36,1151167,N, ,4874,       517.70,        81.95
N,EQ,GROBTEA,THE GROB TEA COMPANY LTD,       980.00,       980.00,       999.40,       971.50,       977.65,                    99024.15,101,N, ,19,      1236.20,       805.00
N,EQ,GROWW,BILLIONBRAINS GARAGE VN L,       190.24,       193.00,       195.68,       191.85,       194.00,               8674312538.27,44702306,N, ,208015,       227.20,       112.00
N,EQ,GRPLTD,GRP LIMITED,      1979.70,      1998.20,      2019.00,      1959.00,      2013.00,                  2568607.10,1281,N, ,217,      2360.60,      1500.00
N,EQ,GRSE,GARDEN REACH SHIP&ENG LTD,      2509.80,      2517.90,      2564.40,      2517.90,      2533.20,                761866939.10,299818,N, ,19311,      3339.00,      1963.70
N,EQ,GRWRHITECH,GARWARE HI-TECH FILMS LTD,      7100.00,      7117.50,      7155.00,      7050.00,      7086.50,                250673747.50,35292,N, ,8008,      7990.00,      2690.70
N,EQ,GSFC,GUJ STATE FERT & CHEM LTD,       161.86,       162.73,       165.85,       162.02,       162.88,                181048546.95,1107016,N, ,12987,       220.59,       138.83
N,EQ,GSLSU,GLOBAL SURFACES LIMITED,        27.02,        27.02,        28.37,        27.02,        28.37,                   867167.25,31054,N, ,127,       139.67,        23.06
N,SM,GSMFOILS,GSM FOILS LIMITED,       117.00,       111.15,       111.15,       111.15,       111.15,                  1500525.00,13500,N, ,18,       293.85,        79.70
N,EQ,GSPCROP,GSP CROP SCIENCE LIMITED,       625.90,       627.00,       627.60,       616.00,       619.25,                 73955457.95,119185,N, ,2145,       667.95,       328.00
N,EQ,GSS,GSS INFOTECH LIMITED,        11.16,        11.75,        11.75,        10.73,        11.03,                  2198602.38,198815,N, ,369,        29.10,         8.68
N,SM,GSTL,GLOBESECURE TECHNO LTD,        11.90,        12.05,        12.30,        11.95,        12.00,                   145350.00,12000,N, ,11,        37.65,         5.95
N,EQ,GTL,GTL LTD,         7.20,         7.21,         7.34,         7.07,         7.11,                  2098866.94,293515,N, ,698,        11.26,         4.91
N,EQ,GTLINFRA,GTL INFRA.LTD,         1.16,         1.17,         1.17,         1.14,         1.16,                 40512071.99,35008053,N, ,12244,         1.67,         0.96
N,EQ,GTPL,GTPL HATHWAY LIMITED,        57.93,        58.50,        59.50,        57.51,        58.67,                  5145108.83,87796,N, ,928,       118.95,        50.85
N,EQ,GUFICBIO,GUFIC BIOSCIENCES LTD.,       439.35,       440.50,       447.20,       437.15,       444.90,                 38954990.20,88007,N, ,3472,       453.95,       268.00
N,EQ,GUJALKALI,GUJARAT ALKALIES & CHEM,       722.85,       728.50,       736.00,       715.10,       721.60,                 79663202.60,109374,N, ,9119,       815.00,       409.15
N,EQ,GUJAPOLLO,GUJ. APOLLO IND. LTD.,       347.95,       350.10,       365.00,       343.85,       355.95,                  4334116.25,12193,N, ,416,       516.05,       300.50
N,EQ,GUJENERGY,GUJARAT ENERGY LIMITED,       264.10,       264.11,       268.36,       262.14,       263.59,               1047510016.27,3952971,N, ,52229,       452.00,       246.15
N,EQ,GUJRAFFIA,GUJARAT RAFFIA INDUST LTD,        41.30,        41.20,        41.20,        41.00,        41.00,                     4355.00,106,N, ,9,        88.00,        35.10
N,EQ,GUJTHEM,GUJARAT THEMIS BIOSYN LTD,       425.10,       428.70,       433.85,       408.50,       411.35,                251461658.80,605159,N, ,15623,       479.00,       225.05
N,EQ,GULFOILLUB,GULF OIL LUB. IND. LTD.,      1112.50,      1089.90,      1089.90,      1054.50,      1067.80,                168462242.30,157655,N,XD,12754,      1329.00,       865.00
N,EQ,GULPOLY,GULSHAN POLYOLS LIMITED,       186.27,       186.27,       188.01,       184.42,       186.01,                 24735317.56,133134,N, ,2261,       227.63,       121.50
N,SM,GURUNANAK,GURUNANAK AGRICULTUR IN L,        35.15,        34.00,        36.90,        33.40,        36.90,                  1009360.00,28800,N, ,18,        60.00,        22.45
N,EQ,GVPIL,GE POWER INDIA LIMITED,       663.75,       668.00,       668.00,       644.35,       649.60,                167079974.15,255215,N, ,11937,      1084.00,       270.90
N,EQ,GVT&D,GE VERNOVA T&D INDIA LTD,      4362.00,      4352.00,      4399.50,      4304.30,      4306.30,               2388436842.90,549760,N, ,49520,      5650.00,      2523.20
N,EQ,GYFTR,GYFTR LIMITED,       180.23,       182.22,       186.38,       180.01,       182.54,                  5082636.06,27733,N, ,629,       193.90,       139.69
N,EQ,HALDER,HALDER VENTURE LIMITED,       284.90,       282.00,       295.00,       282.00,       293.50,                  7592634.25,26009,N, ,398,       319.00,       210.00
N,EQ,HALEOSLABS,HALEOS LABS LIMITED,      1482.10,      1509.40,      1509.40,      1441.00,      1451.30,                  7528865.90,5164,N, ,100,      1774.00,      1091.10
N,EQ,HAMPTON,HAMPTON SKY REALTY LTD.,         8.10,         8.06,         8.30,         7.80,         7.86,                    79438.87,9884,N, ,114,         9.24,         7.01
N,EQ,HAPPSTMNDS,HAPPIEST MINDS TECHNO LTD,       353.95,       355.00,       358.00,       352.60,       354.00,                397957557.20,1122676,N, ,20317,       583.40,       330.20
N,SM,HAPPY,HAPPY STEELS LIMITED,        86.65,        87.00,        93.00,        82.65,        89.65,                 10225300.00,116000,N, ,54,       104.40,        57.00
N,EQ,HAPPYFORGE,HAPPY FORGINGS LIMITED,      2294.40,      2265.10,      2306.20,      2226.60,      2238.50,                156763624.90,69563,N, ,15374,      2470.00,       862.05
N,EQ,HARDWYN,HARDWYN INDIA LIMITED,         9.11,         9.11,         9.35,         8.99,         9.13,                 14878930.00,1626111,N, ,1141,        28.28,         8.80
N,EQ,HARIOMPIPE,HARIOM PIPE INDUSTRIES L,       355.45,       357.50,       364.60,       352.75,       359.20,                 40573518.20,113348,N, ,3478,       572.20,       268.05
N,EQ,HARRMALAYA,HARRISON MALAYALAM LTD,       191.20,       193.00,       195.49,       190.92,       192.72,                  1378402.85,7134,N, ,196,       237.90,       153.66
N,EQ,HARSHA,HARSHA ENGINEERS INT LTD,       451.05,       451.35,       457.10,       447.30,       454.35,                 59874447.90,132144,N, ,5837,       469.00,       313.30
N,EQ,HATHWAY,HATHWAY CABLE & DATACOM,        10.26,        10.26,        10.58,        10.26,        10.52,                 18944933.60,1819906,N, ,1933,        15.25,         8.76
N,EQ,HATSUN,HATSUN AGRO PRODUCT LTD.,      1160.80,      1159.90,      1185.00,      1124.90,      1168.80,                 76284092.70,65825,N, ,5965,      1222.00,       855.30
N,EQ,HAVELLS,HAVELLS INDIA LIMITED,      1200.00,      1178.00,      1178.00,      1149.70,      1154.00,               3291908157.40,2840527,N, ,94606,      1621.10,      1123.60
N,EQ,HAVISHA,SRI HAVISHA HOSP & INFR L,         1.40,         1.47,         1.47,         1.40,         1.41,                   153753.58,107777,N, ,134,         2.42,         1.03
N,EQ,HAWKINCOOK,HAWKINS COOKERS LTD,      8297.00,      8338.00,      8471.00,      8225.00,      8406.50,                 15057021.00,1806,N, ,707,      9600.00,      7711.00
N,EQ,HAZOOR,HAZOOR MULTI PROJECTS LTD,        19.28,        19.40,        19.90,        18.52,        19.13,                 25215476.94,1290374,N, ,1060,        22.49,        17.44
N,EQ,HBESD,H B ESTATE DEVELOPERS L,        75.00,        75.00,        76.90,        75.00,        75.10,                    80767.80,1075,N, ,22,        95.90,        61.05
N,EQ,HBLENGINE,HBL ENGINEERING LTD,       665.55,       668.50,       724.00,       667.00,       695.75,              10122587437.10,14312325,N, ,270164,      1122.00,       613.00
N,EQ,HBPOR,HB PORTFOLIO LTD.,        59.66,        59.66,        60.00,        58.26,        58.38,                     6739.96,115,N, ,10,        65.00,        48.60
N,EQ,HBSL,HB STOCKHOLDINGS LIMITED,        54.50,        54.00,        55.93,        54.00,        54.91,                    73313.46,1337,N, ,33,       108.80,        42.63
N,EQ,HCC,HINDUSTAN CONSTRUCTION CO,        23.13,        23.06,        23.54,        22.90,        22.98,                468445826.53,20266993,N, ,21413,        30.00,        13.65
N,EQ,HCG,HEALTHCARE GLOB. ENT. LTD,       703.45,       707.80,       718.25,       698.10,       700.20,                 46237662.25,65274,N, ,4683,       804.65,       513.30
N,EQ,HCL-INSYS,HCL INFOSYSTEMS LTD,        10.14,        10.32,        10.39,         9.93,        10.10,                  7051191.27,702510,N, ,1092,        16.50,         9.01
N,EQ,HDBFS,HDB FINANCIAL SERVICES L,       693.45,       693.45,       705.00,       680.05,       682.70,                253453839.45,366577,N, ,17760,       801.10,       555.30
N,EQ,HEADSUP,HEADS UP VENTURES LIMITED,         6.69,         6.63,         7.50,         6.62,         7.21,                   384627.88,52608,N, ,124,        12.95,         5.69
N,EQ,HEALTHX,HEALTH X PLATFORM LIMITED,       292.05,       295.00,       303.70,       289.00,       300.30,                  5103394.60,17264,N, ,414,       363.00,       252.50
N,EQ,HECPROJECT,HEC INFRA PROJECTS LTD,       121.34,       121.78,       121.78,       115.05,       117.78,                   950572.23,8085,N, ,102,       160.50,        92.10
N,EQ,HEG,HEG LTD,       707.45,       709.00,       744.90,       695.80,       728.25,               1848150773.15,2565950,N, ,51535,       753.90,       465.15
N,EQ,HEIDELBERG,HEIDELBERGCEMENT (I) LTD,       158.19,       158.30,       160.89,       158.30,       160.17,                 34919501.24,218319,N, ,3811,       220.90,       136.10
N,EQ,HEMIPROP,HEMISPHERE PROP IND LTD,       125.93,       125.93,       127.77,       125.91,       126.55,                 34091612.19,269289,N, ,2431,       190.69,       111.20
N,EQ,HERANBA,HERANBA INDUSTRIES LTD,       175.93,       175.90,       177.99,       173.30,       173.83,                  2387268.75,13651,N, ,802,       363.70,       155.38
N,EQ,HERITGFOOD,HERITAGE FOODS LTD,       371.55,       373.40,       384.70,       369.10,       382.35,                392493886.55,1034903,N, ,16079,       540.00,       292.55
N,EQ,HEROMOTOCO,HERO MOTOCORP LIMITED,      5308.50,      5319.00,      5322.50,      5260.00,      5300.00,               3218068838.00,607423,N, ,52796,      6388.50,      4671.50
N,EQ,HESTERBIO,HESTER BIOSCIENCES LTD,      2201.70,      2199.90,      2540.90,      2170.00,      2405.40,                229059408.20,93542,N, ,8472,      2683.60,      1239.30
N,EQ,HEXATRADEX,HEXA TRADEX LIMITED,       158.00,       160.00,       160.00,       157.00,       157.65,                   275303.83,1741,N, ,52,       194.89,       147.26
N,EQ,HEXT,HEXAWARE TECHNOLOGIES LTD,       529.10,       531.70,       541.00,       524.00,       528.60,                101986205.45,192374,N, ,9496,       807.75,       400.20
N,EQ,HGINFRA,H.G.INFRA ENGINEERING LTD,       479.90,       479.35,       484.00,       475.00,       482.00,                 23941751.90,49859,N, ,2622,      1049.95,       429.50
N,EQ,HGM,HANDSON GBL MNGMNT LTD,        51.54,        51.60,        54.05,        50.55,        52.63,                  1653057.47,31154,N, ,287,        82.40,        42.00
N,EQ,HGS,HINDUJA GLOBAL SOLS. LTD.,       393.00,       393.00,       409.00,       391.05,       399.25,                  3920965.60,9933,N, ,525,       546.35,       342.05
N,SM,HIGREEN,HI GREEN CARBON LIMITED,       122.55,       123.00,       125.00,       119.25,       124.00,                   881440.00,7200,N, ,9,       232.20,       101.20
N,EQ,HIKAL,HIKAL LIMITED,       240.36,       234.00,       236.74,       220.10,       222.30,               1229709067.34,5359400,N,XD,59686,       282.70,       146.25
N,EQ,HILINFRA,HIGHWAY INFRASTRUCTURE L,        44.68,        44.68,        45.40,        44.20,        44.45,                  1628655.64,36577,N, ,410,        98.68,        40.60
N,EQ,HILTON,HILTON METAL FORGING LTD,        18.71,        18.99,        18.99,        18.50,        18.63,                  1563536.59,83646,N, ,327,        56.65,        13.43
N,EQ,HIMATSEIDE,HIMATSINGKA SEIDE LTD,        70.32,        70.42,        71.89,        70.25,        71.51,                 25483332.22,358084,N, ,3631,       134.70,        68.00
N,EQ,HINDADH,HINDUSTAN ADHESIVES LTD.,       370.85,       383.75,       383.75,       363.25,       370.90,                   192671.35,517,N, ,52,       402.65,       335.55
N,EQ,HINDALUMI,HIND ALUMINIUM INDS. LTD.,        97.50,        97.00,       100.70,        95.20,        97.43,                   294835.45,3024,N, ,128,       107.50,        95.00
N,EQ,HINDCOMPOS,HINDUSTAN COMPOSITES LTD.,       393.10,       392.10,       415.00,       392.10,       394.85,                  2252730.35,5640,N, ,319,       550.00,       347.10
N,EQ,HINDCON,HINDCON CHEMICALS LIMITED,        24.28,        25.19,        25.19,        23.00,        23.90,                  1032185.89,42853,N, ,345,        37.75,        15.66
N,EQ,HINDCOPPER,HINDUSTAN COPPER LTD,       518.50,       522.15,       523.95,       518.00,       521.65,               1979833441.60,3802351,N, ,45647,       760.05,       228.10
N,EQ,HINDOILEXP,HINDUSTAN OIL EXPLORATION,       184.38,       183.00,       188.00,       180.15,       185.00,                358064622.55,1959249,N, ,18993,       191.00,       117.50
N,EQ,HINDPETRO,HINDUSTAN PETROLEUM CORP,       361.35,       359.90,       360.05,       355.55,       356.50,               1127620802.00,3155139,N, ,28717,       508.45,       316.20
N,EQ,HINDWAREAP,HINDWARE HME INOVATON LTD,       185.82,       187.00,       187.24,       181.00,       182.61,                 20844298.27,113928,N, ,2584,       392.70,       170.50
N,EQ,HIRECT,HIRECT LIMITED,      1235.80,      1236.00,      1249.70,      1220.40,      1222.40,                 22997508.30,18689,N, ,1863,      1909.90,       643.70
N,EQ,HISARMETAL,HISAR METAL IND. LIMITED,       162.81,       163.89,       166.01,       161.60,       162.19,                   157551.60,964,N, ,56,       195.99,       124.99
N,EQ,HITECH,HI-TECH PIPES LIMITED,        75.15,        75.45,        76.34,        74.25,        75.77,                 87856663.01,1169763,N, ,12087,       127.50,        70.14
N,EQ,HLEGLAS,HLE GLASCOAT LIMITED,       320.05,       320.05,       343.00,       320.05,       333.65,                200563938.60,605651,N, ,12941,       661.95,       250.00
N,EQ,HLVLTD,HLV LIMITED,         6.41,         6.54,         6.74,         6.34,         6.48,                   939291.47,143901,N, ,471,        12.60,         5.60
N,EQ,HMAAGRO,HMA AGRO INDUSTRIES LTD,        20.93,        20.90,        21.15,        20.80,        20.84,                  6559067.14,314281,N, ,1515,        34.24,        20.00
N,EQ,HNDFDS,HINDUSTAN FOODS LIMITED,       626.90,       626.90,       631.50,       609.50,       615.05,                 82055114.50,133631,N, ,10581,       677.75,       442.00
N,SM,HOLMARC,HOLMARC OPTO MECHATRO L,       104.95,       107.00,       107.00,       102.00,       105.05,                  1712775.00,16500,N, ,19,       126.80,        60.05
N,EQ,HOMEFIRST,HOME FIRST FIN CO IND LTD,      1201.40,      1201.40,      1229.00,      1196.00,      1210.10,                155979862.90,128463,N, ,15823,      1317.70,       893.70
N,EQ,HONASA,HONASA CONSUMER LIMITED,       477.05,       480.25,       492.60,       468.80,       471.05,                477488987.90,996548,N, ,24279,       509.80,       248.40
N,EQ,HONAUT,HONEYWELL AUTOMATION IND,     35265.00,     35265.00,     35870.00,     35265.00,     35655.00,                 63859995.00,1792,N, ,1177,     41495.00,     26220.00
N,EQ,HONDAPOWER,HONDA I POWER PRODUCT LTD,      1986.40,      1986.40,      2036.00,      1976.00,      2024.60,                  5434695.30,2712,N, ,512,      2991.80,      1816.60
N,EQ,HORIZONIND,HORIZON INDUSTRIAL PRKS L,        55.69,        55.49,        55.99,        54.60,        55.13,                351834248.97,6411837,N, ,22902,        60.25,        53.75
N,EQ,HPAL,HP ADHESIVES LIMITED,        35.40,        36.20,        36.49,        34.70,        35.58,                  2150293.18,59982,N, ,717,        53.00,        26.52
N,EQ,HPIL,HINDPRAKASH INDUSTRY LTD,       122.01,       118.70,       125.08,       114.40,       123.75,                   182164.13,1499,N, ,44,       164.00,       107.00
N,EQ,HPL,HPL ELECTRIC & POWER LTD,       303.25,       304.40,       308.00,       300.60,       304.15,                 29723792.65,97614,N, ,3297,       507.90,       255.55
N,SM,HRHNEXT,HRH NEXT SERVICES LIMITED,        24.80,        25.00,        25.40,        25.00,        25.40,                   456600.00,18000,N, ,3,        39.30,        21.00
N,EQ,HRYNSHP,HARIYANA SHIP BREAKERS L,       100.75,        99.00,       102.00,        99.00,       101.36,                    43310.20,434,N, ,46,       104.05,        91.00
N,EQ,HSCL,HIMADRI SPECIALITY CHEM L,       662.00,       664.40,       674.65,       660.75,       671.05,               1735693577.20,2597175,N, ,31607,       819.50,       418.50
N,EQ,HTMEDIA,HT MEDIA LIMITED,        26.56,        26.56,        26.90,        26.06,        26.12,                  1135940.64,43144,N, ,334,        31.30,        17.52
N,EQ,HUBTOWN,HUBTOWN LIMITED,       192.20,       192.00,       197.48,       188.30,       189.26,                114247996.29,598031,N, ,6200,       362.80,       168.15
N,EQ,HUDCO,HSG & URBAN DEV CORPN LTD,       181.07,       181.96,       181.96,       179.82,       180.52,                170877097.07,946223,N, ,13982,       246.85,       159.00
N,EQ,HUHTAMAKI,HUHTAMAKI INDIA LIMITED,       258.20,       258.95,       260.40,       252.00,       255.00,                 32031661.25,125656,N, ,3335,       330.00,       148.60
N,SM,HVAX,HVAX TECHNOLOGIES LIMITED,       669.95,       667.00,       667.00,       667.00,       667.00,                   100050.00,150,N, ,1,      1007.00,       585.20
N,SM,IBLFL,IBL FINANCE LIMITED,        60.90,        58.00,        58.00,        58.00,        58.00,                   116000.00,2000,N, ,1,        72.80,        43.95
N,EQ,IBULLSLTD,INDIABULLS LIMITED,        25.84,        25.92,        26.12,        25.12,        25.67,                200542020.69,7874352,N, ,14317,        32.50,         8.90
N,EQ,ICDSLTD,ICDS LTD,        64.96,        70.00,        71.45,        66.20,        71.45,                  3744800.90,53177,N, ,575,        71.45,        36.40
N,SM,ICELCO,IC ELECTRICALS COMPANY L,       119.25,       120.10,       124.00,       118.05,       119.05,                 10977180.00,91200,N, ,24,       183.00,       112.60
N,EQ,ICEMAKE,ICE MAKE REFRIGERAT LTD,       739.25,       739.25,       743.70,       734.45,       738.60,                  5297857.40,7174,N, ,616,       920.00,       660.30
N,EQ,ICICIAMC,ICICI PRUDENTIAL AMC LTD,      2980.00,      2990.00,      2995.90,      2958.50,      2970.90,                837176994.60,281169,N, ,21106,      3611.00,      2530.00
N,EQ,ICICIGI,ICICI LOMBARD GIC LIMITED,      1521.70,      1521.70,      1533.80,      1507.40,      1510.00,               1250112822.80,824875,N, ,25036,      2064.90,      1507.40
N,EQ,ICICIPRULI,ICICI PRU LIFE INS CO LTD,       495.05,       495.05,       503.15,       492.10,       494.55,                479415949.85,962782,N, ,34371,       706.80,       459.50
N,EQ,ICIL,INDO COUNT INDUSTRIES LTD,       437.35,       440.10,       457.95,       436.30,       449.80,                278841904.45,621520,N, ,18147,       474.65,       216.90
N,EQ,ICRA,ICRA LIMITED,      4889.30,      4890.00,      4998.20,      4866.00,      4884.50,                104046442.10,21042,N, ,3220,      6982.00,      4692.00
N,EQ,IDBI,IDBI BANK LIMITED,        91.97,        92.40,        92.40,        90.42,        90.63,                456803855.04,5012839,N, ,21010,       118.38,        61.01
N,EQ,IDEA,VODAFONE IDEA LIMITED,        14.48,        14.53,        15.16,        14.51,        15.02,               7870972078.36,525960563,N, ,774211,        15.37,         6.46
N,EQ,IDEAFORGE,IDEAFORGE TECHNO LTD,       776.55,       783.95,       799.00,       774.00,       777.05,                163808064.60,208626,N, ,15451,       992.25,       366.00
N,SM,IDENTICAL,IDENTICAL BRAINS STUDIO L,        19.10,        22.45,        22.45,        18.00,        18.05,                   404800.00,20000,N, ,10,        43.60,        14.10
N,EQ,IDFCFIRSTB,IDFC FIRST BANK LIMITED,        87.50,        87.81,        87.98,        86.50,        86.71,               1332126831.02,15288105,N, ,52562,        88.76,        58.08
N,EQ,IEX,INDIAN ENERGY EXC LTD,       119.15,       121.00,       121.63,       118.51,       118.91,               1383522554.48,11547227,N, ,78737,       160.27,       114.60
N,EQ,IFBAGRO,IFB AGRO INDUSTRIES LTD,       889.05,       913.90,       916.00,       887.30,       903.30,                  3875683.70,4296,N, ,418,      1790.00,       679.15
N,EQ,IFBIND,IFB INDUSTRIES LTD,      1311.80,      1317.20,      1318.50,      1300.50,      1305.70,                 25012839.00,19145,N, ,2025,      2019.80,       883.20
N,EQ,IFCI,IFCI LTD,        95.91,        96.50,       107.50,        96.41,       101.38,              41971792905.11,407352536,N, ,954040,       107.50,        46.23
N,EQ,IFGLEXPOR,IFGL REFRACTORIES LIMITED,       207.44,       205.50,       210.58,       202.00,       204.69,                  4621030.66,22469,N, ,834,       338.00,       119.68
N,EQ,IGARASHI,IGARASHI MOTORS INDIA LTD,       416.25,       416.25,       428.00,       416.25,       422.75,                 17280997.45,40948,N, ,1646,       558.00,       271.05
N,EQ,IGCL,INDOGULF CROPSCIENCES LTD,        73.27,        73.27,        73.49,        72.34,        72.89,                  3980080.34,54634,N, ,879,       118.99,        49.46
N,EQ,IGIL,INTL GEMOLOGICAL INST LTD,       325.95,       330.00,       330.95,       322.05,       323.50,                120063221.90,369135,N, ,19190,       392.00,       287.00
N,EQ,IGL,INDRAPRASTHA GAS LTD,       149.42,       150.50,       159.50,       150.50,       158.04,               1283408019.19,8174532,N, ,62988,       223.50,       141.74
N,EQ,IGPL,I G PETROCHEMICALS LTD,       548.85,       553.50,       572.00,       550.05,       567.40,                112956198.85,200277,N, ,5882,       572.00,       315.00
N,EQ,IIFL,IIFL FINANCE LIMITED,       643.40,       645.70,       662.90,       640.40,       651.15,               1382264919.60,2119359,N, ,35534,       705.00,       409.10
N,EQ,IIFLCAPS,IIFL CAPITAL SERVICES LTD,       338.05,       337.40,       341.95,       337.40,       341.20,                112273551.70,330001,N, ,6950,       411.30,       240.40
N,EQ,IITL,INDUSTRIAL INV TRUST LTD,       151.92,       151.08,       152.65,       145.10,       146.40,                 15223633.69,100778,N, ,1053,       216.00,       108.00
N,EQ,IKIO,IKIO TECHNOLOGIES LIMITED,       208.31,       209.99,       222.00,       209.20,       212.34,                179665389.52,831128,N, ,13990,       248.88,       103.53
N,EQ,IKS,INVENTURUS KNOWLEDGE SO L,      1732.40,      1728.50,      1799.80,      1728.50,      1759.90,                388386681.60,220451,N, ,16983,      1933.00,      1262.00
N,EQ,IMAGICAA,IMAGICAAWORLD ENT LTD,        54.55,        54.40,        57.44,        53.94,        55.38,                135071011.93,2402726,N, ,10657,        62.00,        36.84
N,EQ,IMFA,INDIAN METALS & FERRO,      1281.70,      1293.00,      1312.00,      1274.20,      1288.40,                208839757.90,162105,N, ,11606,      1679.90,       862.00
N,EQ,IMPAL,IND MOTOR PART & ACC LTD,      1087.80,      1096.00,      1129.00,      1081.00,      1114.60,                  1397282.50,1266,N, ,178,      1238.90,       928.00
N,EQ,INA,INSOLATION ENERGY LIMITED,        89.03,        89.22,        91.93,        89.22,        90.24,                 43654978.73,481868,N, ,4760,       161.81,        79.75
N,EQ,INCREDIBLE,INCREDIBLE INDUSTRIES LTD,        32.13,        32.13,        32.99,        31.99,        32.54,                   169266.41,5276,N, ,38,        52.87,        28.10
N,EQ,INDBANK,INDBANK MERCH BANK,        28.71,        29.19,        29.19,        28.13,        28.58,                  2675425.60,93377,N, ,671,        47.15,        28.10
N,EQ,INDGN,INDEGENE LIMITED,       600.15,       603.15,       611.40,       598.30,       601.50,                486320495.50,804735,N, ,21575,       615.50,       414.00
N,EQ,INDIACEM,THE INDIA CEMENTS LIMITED,       358.80,       358.80,       363.90,       358.15,       362.50,                 15367882.90,42548,N, ,3438,       485.80,       342.35
N,EQ,INDIAMART,INDIAMART INTERMESH LTD,      1729.50,      1730.00,      1745.00,      1722.50,      1726.40,                 75932640.10,43854,N, ,6148,      2632.80,      1722.30
N,EQ,INDIANB,INDIAN BANK,       888.75,       883.05,       892.40,       879.10,       879.70,                696181296.55,786614,N, ,22041,      1000.90,       653.00
N,EQ,INDIANCARD,INDIAN CARD CLOTHING CO.,       214.82,       214.79,       225.01,       208.61,       219.97,                   703064.87,3224,N, ,91,       303.05,       153.00
N,EQ,INDIANHUME,INDIAN HUME PIPE CO. LTD.,       390.70,       390.60,       400.05,       383.35,       387.80,                 22090461.75,56614,N, ,1975,       432.00,       279.80
N,EQ,INDIASHLTR,INDIA SHELTER FIN CORP L,       673.10,       669.05,       680.00,       669.05,       677.10,                 47426847.80,70209,N, ,5526,       948.15,       620.15
N,EQ,INDIGOPNTS,INDIGO PAINTS LIMITED,      1183.10,      1183.10,      1195.00,      1170.00,      1185.80,                111608940.20,94147,N,XD,10508,      1345.90,       708.05
N,IV,INDIGRID,INDIGRID INFRASTRUCT TRST,       175.07,       175.59,       175.60,       174.99,       175.49,                 85868032.13,489772,N, ,4843,       180.90,       161.01
N,EQ,INDIQUBE,INDIQUBE SPACES LIMITED,       193.09,       194.52,       195.90,       193.00,       194.54,                  3224566.01,16617,N, ,574,       243.80,       131.15
N,EQ,INDNIPPON,INDIA NIPPON ELECT  LTD,      1109.40,      1115.10,      1175.00,      1101.80,      1158.20,                 72459133.60,63581,N, ,3995,      1278.20,       675.00
N,EQ,INDOBORAX,INDO BORAX & CHEMICAL LTD,       512.80,       524.50,       524.50,       507.15,       514.90,                 65260984.15,126424,N, ,5813,       538.40,       224.00
N,EQ,INDOCO,INDOCO REMEDIES LTD.,       272.56,       272.95,       274.70,       260.59,       262.51,                 98297234.29,368891,N, ,8462,       332.20,       162.19
N,EQ,INDOFARM,INDO FARM EQUIPMENT LTD,       134.54,       135.59,       136.59,       132.91,       134.03,                  9178271.65,68314,N, ,1716,       271.69,       110.70
N,EQ,INDOKEM,INDOKEM LTD.,       628.70,       636.00,       640.00,       615.10,       625.55,                  2416846.40,3809,N, ,244,       657.00,       560.00
N,EQ,INDOMIM,INDO-MIM LIMITED,       922.40,       926.00,       983.60,       926.00,       971.50,               4357475831.90,4512815,N, ,135739,       989.90,       700.00
N,EQ,INDORAMA,INDO RAMA SYNTHETICS LTD,        68.87,        69.79,        74.25,        69.55,        72.96,                117104870.58,1609101,N, ,15322,        75.00,        29.00
N,EQ,INDOSTAR,INDOSTAR CAPITAL FIN LTD,       255.88,       256.50,       261.60,       255.00,       258.66,                 28850663.51,111553,N, ,1717,       292.00,       179.03
N,EQ,INDOTECH,INDO TECH TRANSFORM LTD.,      3610.70,      3619.70,      3704.00,      3606.40,      3663.10,                 27585809.80,7508,N, ,1393,      4030.00,      1100.00
N,EQ,INDOTHAI,INDO THAI SEC LTD,        37.63,        35.75,        35.75,        35.75,        35.75,                 26529002.50,742070,N, ,1626,       466.35,        35.75
N,EQ,INDOUS,INDO US BIOTECH LTD,        78.82,        77.02,        79.78,        70.00,        77.48,                  3237959.31,41730,N, ,280,       159.00,        70.00
N,EQ,INDOWIND,INDOWIND ENERGY LTD,         9.05,         9.19,         9.20,         8.93,         9.02,                   700694.51,77378,N, ,468,        18.94,         7.00
N,EQ,INDPRUD,INDUSTRIAL & PRU INV CO L,      6325.00,      6228.00,      6390.00,      6221.00,      6305.00,                   591641.50,94,N, ,20,      7052.50,      5750.50
N,EQ,INDRAMEDCO,INDRAPRASTHA MEDICAL CORP,       356.35,       357.70,       358.60,       348.30,       349.70,                109714718.40,311569,N, ,4724,       640.85,       342.00
N,EQ,INDSWFTLAB,IND SWIFT LABORATORIES LT,       372.70,       373.10,       373.10,       350.00,       355.95,                249450525.95,695062,N, ,11918,       389.50,        87.15
N,EQ,INDTERRAIN,IND TERRAIN FASHIONS LTD,        30.22,        30.80,        30.80,        30.05,        30.42,                   519761.72,17159,N, ,89,        42.62,        24.56
N,EQ,INDUSINDBK,INDUSIND BANK LIMITED,      1004.80,      1004.80,      1008.60,       998.00,      1008.50,               1324266351.20,1321066,N, ,25721,      1077.85,       710.60
N,IV,INDUSINVIT,INDUS INFRA TRUST,       134.01,       134.01,       134.01,       133.50,       133.94,                 12773978.14,95377,N, ,3232,       138.00,       111.40
N,EQ,INDUSTOWER,INDUS TOWERS LIMITED,       374.95,       375.00,       380.45,       374.15,       376.80,                595101179.35,1578193,N, ,21308,       481.50,       312.55
N,SM,INFINIUM,INFINIUM PHARMACHEM LTD,       250.00,       255.90,       264.00,       250.10,       264.00,                  3771000.00,14500,N, ,17,       282.90,       189.40
N,SM,INFLUX,INFLUX HEALTHTECH LIMITED,       290.40,       296.00,       296.00,       290.00,       291.35,                  1227420.00,4200,N, ,7,       315.00,       160.60
N,EQ,INFOBEAN,INFOBEANS TECHNO. LTD.,       157.68,       157.00,       167.40,       157.00,       162.08,                122941773.89,750810,N, ,13142,      1030.00,       120.33
N,SM,INFOLLION,INFOLLION RESEARCH SER L,       158.40,       159.90,       160.10,       155.15,       159.80,                  2106700.00,13200,N, ,21,       551.00,       151.00
N,EQ,INFOMEDIA,INFOMEDIA PRESS LIMITED,         5.18,         5.18,         5.81,         5.17,         5.35,                   122216.58,22935,N, ,140,         8.05,         4.50
N,EQ,INGERRAND,INGERSOLL-RAND INDIA LTD,      4846.40,      4888.00,      4888.00,      4830.00,      4844.70,                 54911779.00,11320,N, ,1562,      4955.00,      3063.30
N,SM,INM,INTERIORS & MORE LIMITED,       148.00,       151.00,       151.00,       141.05,       148.00,                  1058610.00,7200,N, ,12,       689.00,       141.05
N,EQ,INNOVACAP,INNOVA CAPTAB LIMITED,      1125.40,      1130.60,      1199.90,      1118.00,      1175.40,                377036055.00,321751,N, ,26774,      1199.90,       622.00
N,EQ,INNOVANA,INNOVANA THINKLABS LTD,       308.50,       308.00,       315.00,       301.00,       305.20,                   178347.15,583,N, ,68,       564.80,       290.00
N,EQ,INNOVISION,INNOVISION LIMITED,       255.65,       269.00,       269.00,       253.60,       254.90,                  3015196.90,11734,N, ,765,       470.00,       246.20
N,EQ,INOXGREEN,INOX GREEN ENERGY SER LTD,       171.01,       171.01,       176.70,       168.70,       175.10,                231096646.83,1333015,N, ,13176,       189.00,       158.73
N,EQ,INOXINDIA,INOX INDIA LIMITED,      2176.20,      2223.00,      2320.00,      2208.00,      2247.80,               2329875915.00,1027233,N, ,83916,      2320.00,      1068.20
N,EQ,INOXWIND,INOX WIND LIMITED,        74.00,        74.27,        76.50,        73.50,        74.40,               1692539148.27,22688206,N, ,66739,       159.30,        68.00
N,EQ,INSECTICID,INSECTICIDES (I) LTD,       614.15,       619.60,       624.80,       612.20,       618.45,                 13973813.50,22609,N, ,1289,       836.15,       518.60
N,SM,INSPIRE,INSPIRE FILMS LIMITED,         8.05,         8.45,         8.45,         8.45,         8.45,                    33800.00,4000,N, ,2,        22.45,         6.80
N,EQ,INSPIRISYS,INSPIRISYS SOLUTIONS LTD,        93.03,        94.00,        95.77,        89.00,        89.53,                   272667.60,2978,N, ,101,       133.90,        69.92
N,EQ,INTELLECT,INTELLECT DESIGN ARENA,       678.30,       680.30,       703.65,       680.30,       686.65,                340748673.05,491572,N, ,32327,      1244.60,       595.20
N,EQ,INTENTECH,INTENSE TECHNOLOGIES LTD,        79.54,        78.08,        85.50,        78.08,        82.25,                  3528306.56,42907,N, ,848,       149.90,        66.30
N,EQ,INTERARCH,INTERARCH BLDNG SOLTN LTD,      1701.20,      1692.00,      1721.00,      1692.00,      1707.00,                 56698113.60,33231,N, ,4580,      2762.60,      1600.00
N,EQ,INTLCONV,INTL CONVEYORS LIMITED,        79.44,        79.88,        83.28,        79.00,        81.18,                  7539916.32,92332,N, ,1669,       114.54,        60.00
N,EQ,INVENTURE,INVENTURE GRO & SEC LTD,         0.92,         0.93,         0.95,         0.92,         0.93,                   577551.38,618481,N, ,354,         1.72,         0.72
N,SM,INVICTA,INVICTA DIAGNOSTIC LTD,        68.30,        68.00,        68.00,        68.00,        68.00,                   108800.00,1600,N, ,1,       105.00,        58.10
N,EQ,IOB,INDIAN OVERSEAS BANK,        33.23,        33.31,        33.64,        33.02,        33.55,                 89329884.92,2673908,N, ,10221,        41.80,        31.20
N,EQ,IOLCP,IOL CHEM AND PHARMA LTD,       196.43,       197.00,       204.98,       192.50,       199.95,               1059245966.01,5291531,N, ,49711,       204.98,        67.19
N,EQ,IONEXCHANG,ION EXCHANGE (INDIA) LTD,       382.20,       384.10,       412.00,       382.55,       409.20,                521802392.50,1293430,N, ,34620,       486.00,       312.70
N,EQ,IPCALAB,IPCA LABORATORIES LTD,      1956.10,      1950.00,      1969.00,      1944.20,      1965.30,                157696798.70,80401,N, ,9361,      2001.50,      1251.60
N,SM,IPHL,INDIAN PHOSPHATE LIMITED,        72.75,        71.60,        77.00,        69.05,        74.95,                  3900300.00,54000,N, ,45,        84.25,        46.10
N,EQ,IPL,INDIA PESTICIDES LIMITED,       137.50,       137.10,       138.96,       137.10,       138.34,                  9298247.76,67260,N, ,1210,       240.25,       125.00
N,EQ,IPRINGLTD,IP RINGS LTD.,       162.07,       163.00,       165.95,       155.10,       159.99,                   491159.54,3047,N, ,84,       187.00,       124.50
N,SM,IPSL,INTEGRATED PERSO SER LTD,       210.00,       215.00,       215.00,       215.00,       215.00,                   107500.00,500,N, ,1,       385.00,       172.05
N,EQ,IRB,IRB INFRA DEV LTD.,        19.67,        19.85,        19.91,        19.60,        19.65,                135500390.13,6862525,N, ,14986,        45.95,        18.76
N,IV,IRBINVIT,IRB INVIT FUND,        64.50,        64.74,        64.83,        64.30,        64.54,                 26580841.13,411810,N, ,3471,        65.00,        57.05
N,EQ,IRCON,IRCON INTERNATIONAL LTD,       118.69,       119.28,       120.79,       118.05,       119.25,                201266513.48,1686344,N, ,24391,       189.50,       114.50
N,EQ,IRCTC,INDIAN RAIL TOUR CORP LTD,       474.60,       474.80,       479.00,       474.05,       476.05,                287524371.05,603706,N, ,24156,       739.00,       470.70
N,EQ,IREDA,INDIAN RENEWABLE ENERGY,       113.00,       113.50,       114.60,       113.25,       113.64,                299275846.02,2627200,N, ,16839,       163.35,       108.65
N,EQ,IRIS,IRIS REGTECH SOLUTION LTD,       253.93,       256.00,       273.99,       256.00,       265.92,                 24703283.09,92277,N, ,3337,       388.10,       203.00
N,EQ,IRISDOREME,IRIS CLOTHINGS LIMITED,        59.98,        60.28,        64.13,        60.20,        63.58,                151623790.51,2431238,N, ,7464,        64.13,        26.35
N,EQ,IRMENERGY,IRM ENERGY LIMITED,       283.85,       287.15,       287.15,       278.65,       281.40,                 21614063.20,76393,N, ,2608,       393.00,       165.40
N,EQ,ISFT,INTRASOFT TECH. LTD,        84.79,        85.12,        86.79,        80.80,        81.61,                 11294509.59,132771,N, ,1587,       119.07,        54.05
N,EQ,ISGEC,ISGEC HEAVY ENG LTD,       771.10,       775.55,       790.85,       773.05,       787.35,                 24088675.85,30774,N, ,6215,      1113.90,       683.95
N,SM,ISHAN,ISHAN INTERNATIONAL LTD,         0.50,         0.50,         0.55,         0.50,         0.55,                    50400.00,96000,N, ,2,         0.95,         0.45
N,EQ,ISHANCH,ISHAN DYES N CHEMICALS L,        45.40,        45.98,        46.10,        43.55,        44.29,                  1745676.07,38670,N, ,992,        83.37,        41.71
N,EQ,ISTLTD,I S T LTD.,       659.55,       672.75,       675.00,       650.00,       654.55,                   236776.60,357,N, ,46,       749.95,       605.00
N,SM,ITALIANE,ITALIAN EDIBLES LIMITED,        32.00,        33.00,        33.50,        33.00,        33.50,                   400600.00,12000,N, ,6,        49.00,        24.05
N,EQ,ITCHOTELS,ITC HOTELS LIMITED,       160.25,       161.00,       164.50,       160.01,       161.23,                331736284.58,2050484,N, ,31365,       253.67,       137.30
N,EQ,ITDC,INDIA TOUR. DEV. CO. LTD.,       643.35,       643.95,       653.00,       640.10,       644.35,                 25738549.20,39915,N, ,2475,       822.00,       368.00
N,EQ,ITI,ITI LTD,       268.45,       268.50,       276.60,       268.50,       272.50,                 71911567.65,264152,N, ,7251,       372.85,       237.00
N,EQ,ITL,ITL INDUSTRIES LTD.,       362.40,       370.00,       370.00,       358.50,       364.55,                   202877.15,558,N, ,43,       377.00,       311.10
N,EQ,IVALUE,IVALUE INFOSOLUTIONS LTD,       236.18,       237.04,       239.39,       228.61,       230.26,                 31111363.11,133823,N, ,4062,       340.00,       207.35
N,EQ,IVC,IL&FS INVESTMENT MANAGERS,        10.09,        10.84,        10.84,        10.19,        10.24,                 10602756.57,1022586,N, ,1918,        10.99,         6.02
N,EQ,IWP,INDIAN WOOD PRODUCTS CO L,        34.08,        34.00,        35.49,        33.52,        34.38,                   889274.67,25747,N, ,75,        39.15,        28.00
N,EQ,IXIGO,LE TRAVENUES TECHNOLOGY L,       162.15,       163.76,       170.63,       163.39,       166.75,                565730322.35,3400102,N, ,55718,       339.15,       151.27
N,EQ,IZMO,IZMO LIMITED,       921.95,       915.00,       926.10,       900.00,       902.45,                 79268960.20,87266,N, ,7045,      1374.70,       562.00
N,EQ,J&KBANK,J & K BANK LTD.,       149.86,       150.45,       152.80,       149.05,       150.02,                284346068.47,1883250,N, ,25100,       201.75,        97.35
N,EQ,JAGRAN,JAGRAN PRAKASHAN LIMITED,        61.23,        61.49,        61.59,        60.93,        60.98,                 15106098.64,247379,N, ,2075,        78.90,        59.50
N,EQ,JAGSNPHARM,JAGSONPAL PHARMACEUTICALS,       243.02,       242.00,       243.18,       238.81,       242.06,                 23184485.69,96227,N,XD,2506,       264.50,       155.00
N,EQ,JAIBALAJI,JAI BALAJI INDUSTRIES LTD,        70.85,        71.08,        71.55,        69.32,        69.73,                 20671570.91,293778,N, ,2409,       108.00,        53.65
N,EQ,JAICORPLTD,JAI CORP LIMITED,        99.15,       100.10,       100.89,        99.20,        99.52,                 24592293.76,246316,N, ,3112,       178.24,        88.00
N,SM,JAINAM,JAINAM FER ALLOYS (I) LTD,       214.00,       203.50,       203.50,       203.30,       203.50,                   610400.00,3000,N, ,3,       315.00,       169.00
N,SM,JAINIK,JAINIK POWER CABLES LTD,       204.50,       206.40,       212.00,       206.40,       209.20,                  2744160.00,13200,N, ,11,       221.00,       102.25
N,EQ,JAINREC,JAIN RESOURCE RECYCLING L,       279.80,       280.55,       282.30,       276.15,       277.95,                315517120.35,1135766,N, ,26345,       593.95,       247.57
N,EQ,JAIPURKURT,NANDANI CREATION LIMITED,        25.82,        25.74,        26.37,        24.65,        25.33,                  1303944.88,51045,N, ,176,        42.74,        24.40
N,EQ,JAMNAAUTO,JAMNA AUTO IND LTD,       122.04,       122.15,       122.29,       120.36,       120.69,                 83733787.01,691775,N, ,8019,       152.60,        89.74
N,EQ,JARO,JARO INS OF TEC MG N RE L,       454.40,       455.60,       457.80,       441.80,       445.65,                 53899081.65,119338,N, ,2609,       890.00,       383.50
N,EQ,JASH,JASH ENGINEERING LIMITED,       464.15,       470.50,       489.95,       470.50,       478.50,                135339835.75,280288,N, ,15722,       572.85,       327.10
N,EQ,JAYAGROGN,JAYANT AGRO ORGANICS LTD,       230.83,       232.04,       235.96,       227.01,       230.60,                  1861399.69,8025,N, ,261,       256.80,       147.26
N,EQ,JAYBARMARU,JAY BHARAT MARUTI LTD,       121.81,       122.40,       122.79,       121.50,       122.29,                 17228825.49,141098,N, ,2206,       207.00,        74.15
N,SM,JAYBEE,JAY BEE LAMINATIONS LTD,        84.95,        84.95,        86.55,        84.35,        84.35,                   851925.00,10000,N, ,15,       232.00,        70.00
N,SM,JAYESH,JAYESH LOGISTICS LIMITED,       132.65,       132.65,       134.40,       130.05,       134.40,                  5009150.00,38000,N, ,34,       200.00,       106.35
N,EQ,JAYKAY,JAYKAY ENTERPRISES LTD,       166.46,       165.37,       167.88,       151.76,       153.69,                 73794110.53,470358,N, ,7012,       219.70,       115.52
N,EQ,JAYNECOIND,JAYASWAL NECO INDUSTR LTD,        98.68,        92.00,        94.37,        85.22,        89.04,               4412245407.19,49840056,N, ,185969,       117.00,        57.12
N,EQ,JAYSREETEA,JAYSHREE TEA & INDUSTRIES,        99.31,        99.39,       101.34,        98.00,        98.95,                  4877743.27,48814,N, ,589,       112.70,        70.55
N,EQ,JBMA,JBM AUTO LIMITED,       629.10,       629.50,       633.75,       622.05,       625.60,                 92067451.25,146607,N, ,8913,       790.00,       477.00
N,EQ,JENBURPH,JENBURKT PHARMACEUTICAL L,      1031.50,      1036.20,      1045.00,      1030.00,      1038.80,                   436608.90,422,N, ,38,      1073.90,      1010.00
N,EQ,JETFREIGHT,JET FREIGHT LOGISTICS LTD,        20.91,        21.24,        21.44,        20.90,        21.18,                  2605567.10,123233,N, ,1319,        25.95,        11.90
N,SM,JFLLIFE,JFL LIFE SCIENCES LIMITED,         9.80,         9.85,         9.85,         9.85,         9.85,                    59100.00,6000,N, ,1,        15.40,         8.55
N,EQ,JGCHEM,J.G.CHEMICALS LIMITED,       612.20,       618.80,       622.00,       592.45,       598.15,                126649542.60,210794,N, ,8687,       675.00,       298.40
N,EQ,JHS,JHS SVEND. LAB. LTD,         7.86,         7.86,         8.08,         7.81,         7.89,                   363316.50,45834,N, ,246,        13.90,         6.26
N,EQ,JINDALPHOT,JINDAL PHOTO LIMITED,      1026.20,      1002.10,      1049.70,      1002.10,      1021.20,                  2070762.40,2011,N, ,297,      1616.60,       971.10
N,EQ,JINDALPOLY,JINDAL POLY FILMS LIMITED,       683.70,       677.50,       687.95,       670.00,       672.35,                  8023559.30,11895,N, ,858,      1026.45,       365.00
N,EQ,JINDALSAW,JINDAL SAW LIMITED,       310.85,       312.00,       312.00,       304.30,       305.30,                266863954.30,868641,N, ,16623,       319.50,       153.00
N,EQ,JINDRILL,JINDAL DRILLING IND. LTD,       649.90,       652.85,       672.00,       647.00,       663.05,                469776826.25,708720,N, ,24310,       693.50,       440.10
N,EQ,JINDWORLD,JINDAL WORLDWIDE LTD,        48.15,        49.67,        57.78,        49.02,        57.51,              10239526628.67,188275533,N, ,320645,        57.78,        17.85
N,EQ,JISLDVREQS,JAIN DVR EQUITY SHARES,        21.03,        21.20,        23.34,        20.81,        21.93,                  6787426.13,310219,N, ,614,        35.48,        18.50
N,EQ,JISLJALEQS,JAIN IRRIGATION SYSTEMS,        28.16,        28.29,        32.39,        28.25,        30.87,                917440484.92,29548721,N, ,56608,        59.00,        26.11
N,EQ,JITFINFRA,JITF INFRALOGISTICS LTD,       310.65,       310.50,       314.85,       300.00,       304.50,                  7267504.95,23808,N, ,614,       478.00,       222.35
N,SM,JIWANRAM,JIWANRAM SHEODUTTRA IND L,         4.35,         4.40,         4.40,         4.30,         4.30,                   104100.00,24000,N, ,4,         8.30,         4.30
N,EQ,JKCEMENT,JK CEMENT LIMITED,      5039.50,      5044.00,      5126.00,      5025.50,      5083.50,                 76178120.50,15032,N, ,3618,      7124.50,      4671.50
N,EQ,JKIL,JKUMAR INFR.LTD.,       487.70,       488.00,       492.95,       486.15,       487.35,                 12152659.60,24845,N, ,1228,       672.00,       425.00
N,EQ,JKIPL,JINKUSHAL INDUSTRIES LTD,       105.66,       107.50,       107.50,       100.38,       100.56,                  1978149.29,19248,N, ,475,       126.95,        45.40
N,EQ,JKLAKSHMI,JK LAKSHMI CEMENT LTD,       514.40,       519.00,       522.85,       512.05,       515.70,                264139384.85,512153,N, ,8011,       989.80,       512.00
N,EQ,JKPAPER,JK PAPER LIMITED,       410.15,       412.00,       413.75,       401.60,       405.80,                154772939.15,381165,N, ,11305,       444.80,       304.85
N,EQ,JKTYRE,JK TYRE & INDUSTRIES LTD,       369.45,       368.90,       371.90,       366.50,       367.35,                133148130.60,360957,N, ,11588,       611.90,       319.65
N,EQ,JLHL,JUPITER LIFE LINE HOSP L,       290.30,       293.35,       293.35,       284.15,       286.45,                 29712589.35,102896,N, ,3889,      1625.00,       282.35
N,EQ,JMA,JULLUNDUR MOT AGENCY LTD,        92.24,        93.79,        93.79,        89.00,        90.58,                   683957.05,7483,N, ,139,       103.70,        70.25
N,EQ,JMFINANCIL,JM FINANCIAL LIMITED,       134.53,       134.90,       136.30,       130.65,       132.06,                598254392.21,4507470,N, ,48491,       195.60,       112.00
N,EQ,JNKINDIA,JNK INDIA LIMITED,       431.45,       431.50,       450.40,       431.50,       445.05,                 57227085.85,128595,N, ,4761,       558.00,       200.92
N,EQ,JNPR,JUNIPER GREEN ENERGY LTD,       259.20,       261.00,       273.25,       259.60,       265.10,                262038574.90,983254,N, ,18604,       282.00,       232.11
N,EQ,JPOLYINVST,JIND POL INV & FIN CO LTD,      1006.50,      1010.00,      1011.80,       992.50,       997.45,                  3513896.10,3507,N, ,564,      1487.70,       852.10
N,EQ,JPPOWER,JAIPRAKASH POWER VEN. LTD,        16.14,        16.02,        16.43,        16.02,        16.29,                497842901.61,30695821,N, ,24426,        24.50,        13.15
N,EQ,JSFB,JANA SMALL FIN BANK LTD,       534.20,       534.20,       544.00,       524.55,       535.10,                242936537.95,453979,N, ,12898,       606.95,       330.00
N,EQ,JSL,JINDAL STAINLESS LIMITED,       738.40,       738.40,       741.25,       732.00,       737.85,                575854222.75,780597,N, ,21064,       884.00,       652.25
N,EQ,JSLL,JEENA SIKHO LIFECARE LTD,       501.45,       504.40,       529.90,       502.15,       516.30,                477132876.00,921231,N, ,30939,       849.50,       492.00
N,EQ,JSWCEMENT,JSW CEMENT LIMITED,       123.37,       123.50,       125.17,       123.02,       124.07,                149841981.25,1203964,N, ,37057,       162.15,       106.65
N,EQ,JSWDULUX,JSW DULUX LIMITED,      3167.60,      3167.60,      3209.50,      3155.60,      3174.50,                 76472977.30,24093,N, ,3861,      3745.00,      2658.70
N,EQ,JSWENERGY,JSW ENERGY LIMITED,       539.50,       537.55,       540.25,       534.25,       539.85,               1397317265.10,2598872,N, ,48270,       617.35,       427.75
N,EQ,JSWHL,JSW HOLDINGS LIMITED,     11590.00,     11760.00,     11811.00,     11360.00,     11472.00,                 34329456.00,2952,N, ,1313,     22790.00,     10530.00
N,EQ,JSWINFRA,JSW INFRASTRUCTURE LTD,       334.10,       334.10,       337.80,       332.50,       333.00,                669431538.60,2001532,N, ,30842,       355.80,       233.42
N,EQ,JTEKTINDIA,JTEKT INDIA LIMITED,       121.82,       122.50,       123.05,       120.71,       121.27,                 17491127.16,143861,N, ,1884,       188.50,       117.00
N,EQ,JTLIND,JTL INDUSTRIES LIMITED,        89.67,        90.00,        92.89,        89.77,        91.67,                263625202.83,2884117,N, ,18506,        94.00,        40.25
N,EQ,JUBLCPL,JUBILANT AGRI N CON PRO L,      2304.80,      2329.10,      2342.60,      2203.50,      2222.60,                 16309967.40,7185,N, ,1167,      3013.40,      1460.00
N,EQ,JUBLFOOD,JUBILANT FOODWORKS LTD,       482.90,       482.90,       488.00,       481.35,       482.70,                302094808.65,624576,N, ,23258,       667.75,       408.55
N,EQ,JUBLINGREA,JUBILANT INGREVIA LIMITED,       690.55,       694.00,       697.35,       678.00,       680.30,                 62558759.20,91316,N, ,7010,       795.00,       537.30
N,EQ,JUBLPHARMA,JUBILANT PHARMOVA LTD,       907.90,       919.00,       930.00,       901.20,       924.50,                455574687.60,498346,N, ,27270,      1184.80,       786.05
N,EQ,JUNIPER,JUNIPER HOTELS LIMITED,       217.69,       215.00,       220.94,       214.50,       216.82,                 17913852.20,82885,N, ,1689,       312.50,       188.50
N,EQ,JUSTDIAL,JUSTDIAL LTD.,       697.35,       697.20,       697.20,       688.10,       692.85,                 73408815.25,106018,N, ,4250,       878.60,       480.50
N,EQ,JWL,JUPITER WAGONS LIMITED,       241.09,       240.71,       249.00,       240.71,       243.24,                259541803.06,1056588,N, ,22313,       358.25,       235.65
N,EQ,JYOTHYLAB,JYOTHY LABS LIMITED,       200.50,       201.00,       203.55,       200.05,       201.54,                 94819639.11,469980,N, ,9930,       347.00,       188.10
N,EQ,JYOTICNC,JYOTI CNC AUTOMATION LTD,      1026.85,      1026.85,      1043.00,      1000.10,      1003.90,               1069801515.15,1051995,N, ,35102,      1055.90,       580.10
N,SM,JYOTIGLOBL,JYOTI GLOBAL PLAST LTD,        38.50,        40.40,        40.40,        38.00,        40.30,                  1196300.00,30000,N, ,15,        77.75,        27.05
N,EQ,JYOTIRES,JYOTI RESINS & ADHESIVE L,       866.35,       877.00,       877.00,       863.05,       868.10,                  4508176.15,5189,N, ,518,       911.00,       830.25
N,EQ,JYOTISTRUC,JYOTI STRUCTURES LTD,         9.80,         9.85,        10.20,         9.60,        10.02,                100615811.04,10113711,N, ,10569,        17.42,         7.94
N,EQ,KABRAEXTRU,KABRA EXTRUSION TECHNIK L,       564.80,       566.00,       583.95,       560.35,       579.15,                 75304633.00,130668,N, ,3898,       625.15,       180.00
N,EQ,KAJARIACER,KAJARIA CERAMICS LTD,      1260.60,      1260.60,      1262.00,      1235.00,      1239.60,                397076637.80,319639,N, ,19442,      1293.80,       869.60
N,EQ,KAKATCEM,KAKATIYA CEM SUGAR &IND L,       110.67,       110.70,       112.40,       108.00,       109.60,                   283435.29,2586,N, ,175,       165.55,        85.00
N,EQ,KALAMANDIR,SAI SILKS (KALAMANDIR) L,        85.87,        85.99,        86.76,        85.81,        86.49,                 13029962.87,150963,N, ,1955,       223.03,        84.10
N,SM,KALANA,KALANA ISPAT LIMITED,        19.30,        19.95,        19.95,        18.55,        18.80,                   713600.00,38000,N, ,17,        45.90,        15.10
N,EQ,KALPATARU,KALPATARU LIMITED,       276.55,       278.75,       280.20,       275.00,       277.65,                 11314076.30,40767,N, ,701,       429.30,       258.00
N,EQ,KALYANKJIL,KALYAN JEWELLERS IND LTD,       585.30,       588.20,       604.95,       585.30,       598.80,               5784265054.05,9662044,N, ,94262,       648.95,       327.05
N,EQ,KAMAHOLD,KAMA HOLDINGS LTD.,      2341.10,      2369.90,      2369.90,      2340.00,      2348.20,                  4648905.30,1979,N, ,284,      2783.90,      2327.20
N,EQ,KAMANWALA,KAMANWALA HOUSING CONST L,        15.90,        16.50,        16.60,        16.50,        16.59,                   126934.19,7692,N, ,18,        19.51,        13.55
N,EQ,KAMATHOTEL,KAMAT HOTELS (I) LTD,       217.66,       216.96,       227.88,       215.88,       225.51,                 24149119.80,107699,N, ,2471,       329.80,       140.20
N,EQ,KAMOPAINTS,KAMDHENU VENTURES LIMITED,         4.53,         4.58,         4.62,         4.49,         4.53,                  1234549.50,270171,N, ,496,        10.31,         3.60
N,EQ,KANANIIND,KANANI INDUSTRIES LTD,         1.51,         1.51,         1.53,         1.50,         1.52,                   218365.67,144024,N, ,260,         2.27,         1.02
N,EQ,KANCHI,KANCHI KARPOORAM LTD.,       398.55,       396.60,       415.00,       396.60,       409.70,                   658380.65,1607,N, ,84,       463.35,       334.70
N,EQ,KANCOTEA,KANCO TEA & INDS. LTD.,        56.79,        58.40,        58.40,        53.10,        54.85,                     1526.99,28,N, ,8,        58.40,        46.20
N,SM,KANDARP,KANDARP DG SMART BPO LTD,        92.90,        97.00,        97.00,        97.00,        97.00,                    97000.00,1000,N, ,1,       169.00,        85.05
N,EQ,KANPRPLA,KANPUR PLASTIPACK LIMITED,       256.40,       263.80,       263.80,       247.90,       250.20,                  3039451.90,11967,N, ,795,       283.14,       151.25
N,EQ,KANSAINER,KANSAI NEROLAC PAINTS LTD,       195.11,       195.14,       195.90,       192.98,       194.20,                477076982.50,2465067,N, ,6116,       264.00,       157.91
N,EQ,KAPSTON,KAPSTON SERVICES LIMITED,       581.35,       581.35,       590.00,       571.05,       584.05,                 41390094.50,70957,N, ,1852,       600.00,       237.20
N,EQ,KARMAENG,KARMA ENERGY LIMITED,        37.70,        39.00,        39.00,        36.80,        37.45,                   155720.22,4181,N, ,128,        73.70,        34.38
N,SM,KARNIKA,KARNIKA INDUSTRIES LTD,       115.55,       115.85,       120.00,       115.00,       118.30,                  5390150.00,46000,N, ,36,       224.95,        90.25
N,EQ,KARURVYSYA,KARUR VYSYA BANK LTD,       350.00,       354.00,       354.00,       347.70,       348.85,                334808901.35,955056,N, ,24176,       358.65,       201.82
N,SM,KATARIA,KATARIA INDUSTRIES LTD,       103.85,       105.00,       107.75,       105.00,       107.45,                   320580.00,3000,N, ,5,       125.85,        85.50
N,EQ,KAVDEFENCE,KAVVERI DFS & WIR TEC LTD,        56.15,        56.95,        67.38,        56.78,        67.14,                 99108521.05,1505543,N, ,6294,       162.87,        51.51
N,EQ,KAYNES,KAYNES TECHNOLOGY IND LTD,      3485.00,      3487.80,      3617.90,      3450.00,      3598.00,               4300443267.40,1211084,N, ,89485,      7705.00,      2995.00
N,SM,KAYTEX,KAYTEX FABRICS LIMITED,        55.35,        58.25,        58.25,        56.50,        56.50,                   273960.00,4800,N, ,5,       130.00,        50.35
N,SM,KCEIL,KAY CEE ENERGY & INFRA L,        79.10,        79.00,        80.40,        78.10,        79.10,                   870375.00,11000,N, ,20,       294.00,        74.00
N,EQ,KCP,KCP LTD,       168.17,       168.99,       170.50,       162.04,       162.38,                 37700700.16,228887,N, ,3391,       212.20,       125.00
N,EQ,KDDL,KDDL LIMITED,      3855.30,      3864.90,      3963.00,      3864.90,      3911.00,                 99523320.60,25376,N, ,5630,      4155.50,      1990.00
N,EQ,KDGREEN,KD GREEN INDUSTRIES LTD,        51.81,        55.29,        55.29,        50.16,        50.44,                  1077832.11,21136,N, ,219,        61.49,        48.75
N,SM,KDL,KORE DIGITAL LIMITED,        90.50,        92.95,        92.95,        90.75,        92.45,                  1285875.00,13950,N, ,70,       285.00,        84.05
N,EQ,KEC,KEC INTL. LIMITED,       406.15,       406.15,       410.60,       403.30,       408.55,                316343017.60,777483,N, ,21480,       937.80,       399.55
N,EQ,KECL,KIRLOSKAR ELECTRIC CO LTD,       125.20,       125.49,       127.07,       125.00,       126.41,                  6962297.49,55192,N, ,1323,       155.00,        75.47
N,EQ,KEEPLEARN,DSJ KEEP LEARNING LTD,         1.90,         2.03,         2.03,         1.87,         1.87,                    75476.75,39241,N, ,116,         3.21,         1.51
N,EQ,KEI,KEI INDUSTRIES LTD.,      5327.00,      5000.00,      5028.00,      4820.00,      4850.00,              11729999998.50,2381568,N, ,162655,      5899.00,      3728.70
N,EQ,KELLTONTEC,KELLTON TECH SOL LTD,        13.99,        13.98,        14.25,        13.79,        13.87,                 30466817.27,2178042,N, ,3979,        28.13,        13.00
N,SM,KEN,KEN ENTERPRISES LIMITED,        40.00,        39.00,        39.00,        39.00,        39.00,                   140400.00,3600,N, ,3,        54.85,        29.00
N,EQ,KENNAMET,KENNAMETAL INDIA LIMITED,      4532.20,      4551.50,      4722.00,      4551.00,      4688.50,                101766941.60,21846,N, ,3903,      4860.00,      2712.40
N,EQ,KERNEX,KERNEX MICROSYS(I) LTD,      1709.60,      1755.00,      1869.70,      1754.90,      1817.00,               1553619097.00,852400,N, ,53107,      2580.00,       850.00
N,EQ,KEYFINSERV,KEYNOTE FIN SERV LTD.,       248.70,       244.20,       258.55,       243.25,       245.05,                   710600.65,2872,N, ,142,       382.10,       220.00
N,EQ,KFINTECH,KFIN TECHNOLOGIES LIMITED,       927.70,       933.00,       947.95,       923.55,       928.90,                670183379.35,715524,N, ,22086,      1215.00,       784.95
N,EQ,KHAICHEM,KHAITAN CHEM & FERT LTD,        54.83,        54.85,        55.54,        54.30,        54.86,                  5173225.15,94220,N, ,817,       135.80,        42.92
N,EQ,KHAITANLTD,KHAITAN (INDIA)LTD.,       162.41,       163.00,       166.50,       160.61,       162.00,                   369427.12,2277,N, ,94,       178.00,        85.00
N,EQ,KHANDSE,KHANDWALA SECURITIES LTD,        18.11,        18.40,        18.41,        17.20,        18.38,                    12435.97,698,N, ,43,        26.88,        12.20
N,SM,KHFM,KHFM HOS FAC MANA SER LTD,        43.95,        44.95,        44.95,        44.95,        44.95,                    69672.50,1550,N, ,1,        86.70,        42.00
N,EQ,KICL,KALYANI INVEST CO LTD,      5212.50,      5222.50,      5251.00,      5200.00,      5203.00,                  1520737.50,291,N, ,107,      6296.00,      4011.00
N,EQ,KIMS,KRISHNA INST OF MED SCI L,       767.85,       769.95,       778.55,       758.55,       764.10,                121914488.65,158954,N, ,11617,       858.00,       575.80
N,EQ,KINGFA,KINGFA SCI & TEC IND LTD.,      5888.00,      5910.00,      6050.00,      5887.00,      5932.50,                 48375746.50,8112,N, ,3173,      6200.00,      3649.90
N,EQ,KIOCL,KIOCL LIMITED,       380.55,       382.85,       387.90,       380.05,       382.10,                 22207874.25,57868,N, ,1944,       634.55,       290.65
N,EQ,KIRANVYPAR,KIRAN VYAPAR LTD.,       207.98,       207.00,       207.80,       202.70,       205.41,                   702491.83,3402,N, ,99,       219.00,       148.27
N,EQ,KIRIINDUS,KIRI INDUSTRIES LIMITED,       578.95,       578.75,       599.35,       555.10,       559.10,               1297310880.35,2243746,N, ,48383,       779.00,       333.80
N,EQ,KIRLFER,KIRLOSKAR FERROUS IND LTD,       454.55,       459.75,       468.90,       451.85,       459.60,                112043366.55,242037,N, ,6831,       500.95,       428.00
N,EQ,KIRLOSBROS,KIRLOSKAR BROTHERS LTD,      1881.30,      1885.90,      1901.80,      1859.80,      1862.00,                 35971399.30,19160,N, ,3968,      2189.20,      1335.00
N,EQ,KIRLOSENG,KIRLOSKAR OIL ENG LTD,      2267.60,      2270.00,      2279.00,      2182.20,      2201.90,                815677512.50,365394,N, ,30188,      2720.00,       855.80
N,EQ,KIRLOSIND,KIRLOSKAR INDUSTRIES LTD,      3724.70,      3734.00,      3783.90,      3685.00,      3731.50,                 27757454.30,7463,N, ,1243,      4574.80,      2463.00
N,EQ,KIRLPNU,KIRLOSKAR PNEUMATIC COM L,       759.80,       771.00,       772.80,       754.05,       760.45,                104910775.70,137821,N, ,10596,      2197.10,       706.65
N,EQ,KISSHT,ONEMI TECHNOLOGY SOL LTD,       305.30,       305.45,       316.90,       305.25,       309.30,                323852796.85,1041438,N, ,28679,       351.50,       190.00
N,EQ,KITEX,KITEX GARMENTS LTD,       123.64,       123.65,       130.57,       123.65,       128.85,                 86615640.62,679715,N, ,6901,       232.70,       122.75
N,EQ,KJMCFIN,K J M C FINANCIAL SERV L,        66.46,        66.79,        68.00,        63.14,        63.14,                   162263.98,2504,N, ,47,        84.50,        51.01
N,EQ,KKCL,KEWAL KIRAN CLOTHING LTD,       503.80,       505.95,       519.45,       499.95,       514.30,                 17366964.10,34214,N, ,2002,       595.00,       408.35
N,SM,KKJEWELS,KABRA JEWELS LIMITED,        99.50,        99.00,        99.00,        98.00,        98.00,                   197000.00,2000,N, ,2,       119.00,        72.10
N,EQ,KLBRENG-B,KILBURN ENGINEERING LTD.,       453.25,       454.00,       474.00,       452.50,       467.85,                140837692.05,303427,N, ,7643,       544.85,       332.40
N,SM,KLL,KAUSHALYA LOGISTICS LTD,        24.65,        24.15,        25.00,        24.15,        25.00,                   296480.00,12000,N, ,13,        75.40,        21.00
N,EQ,KMCSHIL,K M C SPECIALITY HOSP I L,       138.00,       138.00,       141.58,       136.50,       138.24,                 13126833.28,94440,N, ,1567,       148.00,       131.45
N,EQ,KMEW,KNOWLEDGE MARINE & EN W L,      3150.40,      3175.00,      3175.00,      3011.10,      3033.40,                302397689.90,98630,N, ,17405,      3758.50,      1409.00
N,EQ,KMSUGAR,K M SUGAR MILLS LTD,        32.00,        32.00,        32.33,        30.40,        30.68,                  9334203.42,302618,N, ,1900,        36.50,        23.00
N,EQ,KNACK,KNACK PACKAGING LIMITED,       188.37,       190.70,       190.70,       186.60,       187.30,                 75761269.10,402969,N, ,4435,       222.00,       180.33
N,EQ,KNAGRI,KN AGRI RESOURCES LIMITED,       206.23,       210.00,       210.00,       194.88,       199.40,                  3153384.93,15550,N, ,365,       244.00,       148.30
N,EQ,KNRCON,KNR CONSTRU LTD.,       119.27,       119.80,       125.95,       118.05,       124.66,                321938154.27,2626704,N, ,22699,       220.00,       108.65
N,EQ,KOHINOOR,KOHINOOR FOODS LIMITED,        33.52,        33.79,        33.79,        32.50,        32.77,                  4369429.28,131797,N, ,1926,        38.47,        19.20
N,EQ,KOKUYOCMLN,KOKUYO CAMLIN LIMITED,        78.44,        79.49,        81.00,        78.61,        80.61,                  3252733.34,40527,N, ,661,       128.00,        71.05
N,EQ,KOLTEPATIL,KOLTE PATIL DEV. LTD.,       449.55,       450.65,       456.50,       440.05,       441.85,                 32185239.30,72213,N, ,2754,       554.60,       292.25
N,SM,KONTOR,KONTOR SPACE LIMITED,        53.50,        52.95,        52.95,        52.95,        52.95,                    31770.00,600,N, ,1,        87.00,        51.00
N,EQ,KOPRAN,KOPRAN LTD,       232.24,       232.40,       242.80,       229.29,       232.54,                155487728.32,661197,N, ,12742,       242.80,       107.00
N,SM,KORE,JAY JALARAM TECHNO LTD,       112.55,       118.80,       123.80,       118.55,       123.80,                  7109375.00,58000,N, ,119,       212.30,        85.00
N,EQ,KOTHARIPET,KOTHARI PETROCHEM LTD,       129.02,       129.56,       132.00,       129.00,       130.56,                  6725282.52,51588,N, ,1127,       174.00,        94.75
N,EQ,KOTHARIPRO,KOTHARI PRODUCTS LTD,        67.58,        66.90,        68.37,        66.26,        67.39,                   260734.41,3862,N, ,83,       109.00,        58.00
N,EQ,KOTIC,KOTHARI INDUSTRIAL CORP L,       134.79,       135.20,       135.99,       130.25,       132.47,                  1518466.47,11357,N, ,418,       223.70,       130.25
N,EQ,KOVAI,KOVAI MEDICAL CENTER & HO,      6091.50,      6140.00,      6140.00,      5994.00,      6062.50,                 11971613.50,1977,N, ,776,      6340.00,      5670.50
N,EQ,KPEL,K.P. ENERGY LIMITED,       240.89,       242.99,       253.03,       239.28,       247.32,                 94471290.64,382368,N, ,6987,       463.25,       237.00
N,EQ,KPIGREEN,KPI GREEN ENERGY LIMITED,       303.25,       303.30,       307.95,       303.30,       307.00,                160471225.75,525172,N, ,12780,       542.25,       301.20
N,EQ,KPIL,KALPATARU PROJECT INT LTD,      1417.70,      1421.10,      1449.00,      1402.00,      1406.60,                206832487.70,145207,N, ,20841,      1479.60,      1007.10
N,EQ,KPITTECH,KPIT TECHNOLOGIES LIMITED,       583.50,       584.00,       593.60,       575.00,       575.45,                719954163.65,1239906,N, ,22622,      1328.00,       543.00
N,EQ,KPL,KWALITY PHARMACEUTICALS L,      3351.70,      3350.00,      3421.70,      3211.10,      3285.50,                162536046.40,49245,N, ,6325,      3744.00,      1561.00
N,EQ,KPRMILL,KPR MILL LTD.,      1175.40,      1179.70,      1195.00,      1168.10,      1186.30,                237129848.60,199902,N, ,19612,      1334.00,       796.10
N,EQ,KRBL,KRBL LIMITED,       424.90,       425.50,       429.65,       416.85,       421.95,                132314607.25,313910,N, ,9211,       479.00,       274.65
N,EQ,KREBSBIO,KREBS BIOCHEMICALS & IND,        54.50,        56.50,        56.50,        54.45,        55.95,                   323638.65,5830,N, ,304,        82.49,        38.33
N,EQ,KRISHANA,KRISHANA PHOSCHEM LIMITED,       186.37,       185.05,       188.10,       181.98,       184.13,                 96796380.47,525256,N, ,8805,       748.55,       126.25
N,SM,KRISHCA,KRISHCA STRAPPING SLTN L,       161.95,       158.50,       161.85,       158.50,       161.85,                  1046050.00,6500,N, ,13,       225.60,       138.00
N,EQ,KRISHIVAL,KRISHIVAL FOODS LIMITED,       413.50,       413.95,       419.00,       409.25,       416.30,                 12976941.05,31340,N, ,1147,       508.00,       282.30
N,EQ,KRISHNADEF,KRISHNA DEF AND ALD IND L,      1008.70,      1011.00,      1037.00,      1008.00,      1013.20,                 69149315.80,67885,N, ,5396,      1400.00,       665.00
N,EQ,KRITI,KRITI INDUSTRIES IND LTD,        60.94,        60.11,        62.98,        59.00,        61.60,                  1416474.11,23406,N, ,300,       155.90,        53.00
N,EQ,KRITIKA,KRITIKA WIRES LIMITED,         5.39,         5.49,         5.49,         5.13,         5.37,                   408592.47,76423,N, ,425,        11.10,         4.50
N,EQ,KRITINUT,KRITI NUTRIENTS LIMITED,        83.36,        87.40,        87.40,        83.00,        86.45,                  1148214.16,13358,N, ,189,       104.53,        51.36
N,SM,KRMAYURVED,KRM AYURVEDA LIMITED,       282.90,       279.00,       287.90,       277.05,       287.85,                 15765000.00,56000,N, ,45,       343.95,       156.15
N,EQ,KRN,KRN HEAT EXCHANGE N REF L,      1505.90,      1540.90,      1581.10,      1521.20,      1578.70,                644204498.10,408862,N, ,8835,      1668.00,       589.80
N,EQ,KROSS,KROSS LIMITED,       211.34,       211.34,       217.45,       210.25,       211.57,                 47760940.57,223590,N, ,4637,       237.60,       150.52
N,EQ,KRSNAA,KRSNAA DIAGNOSTICS LTD,       550.95,       552.35,       564.40,       550.05,       560.00,                 11992361.95,21497,N, ,1790,       894.40,       515.00
N,RR,KRT,KNOWLEDGE REALTY TRUST,       113.51,       112.95,       113.10,       111.72,       112.49,                696421628.20,6191981,N, ,8404,       129.07,       107.01
N,EQ,KRYSTAL,KRYSTAL INTEGRATED SER L,       661.95,       659.20,       661.00,       650.25,       654.60,                  5627177.35,8580,N, ,462,       729.50,       500.00
N,EQ,KSB,KSB LIMITED,       810.60,       815.30,       817.00,       807.00,       813.55,                 72448316.40,89128,N, ,8454,      1028.30,       666.65
N,EQ,KSCL,KAVERI SEED CO. LTD.,       744.80,       748.50,       751.80,       741.00,       744.10,                 34554725.25,46257,N, ,2971,      1225.00,       705.10
N,EQ,KSE,KSE LTD.,       180.29,       184.97,       184.97,       177.00,       180.12,                  2706288.66,15087,N, ,374,       205.00,       173.31
N,EQ,KSHINTL,KSH INTERNATIONAL LIMITED,      1022.70,      1035.10,      1098.00,      1032.80,      1087.80,                581945367.50,542413,N, ,39159,      1098.00,       330.00
N,EQ,KSHITIJPOL,KSHITIJ POLYLINE LIMITED,         3.15,         3.15,         3.30,         3.15,         3.30,                  9633333.30,2941441,N, ,1040,         7.20,         1.88
N,EQ,KSL,KALYANI STEELS LIMITED,       950.20,       956.30,       957.20,       935.00,       940.50,                 63876039.75,67652,N, ,4532,       982.55,       574.00
N,EQ,KSOLVES,KSOLVES INDIA LIMITED,       271.50,       271.00,       276.50,       270.00,       272.05,                  4439597.50,16299,N, ,774,       353.99,       245.75
N,EQ,KSR,KSR FOOTWEAR LIMITED,        31.54,        32.50,        34.69,        31.90,        34.61,                 12848288.28,388546,N, ,432,        39.10,        14.04
N,EQ,KTKBANK,KARNATAKA BANK LIMITED,       339.75,       341.00,       345.90,       338.25,       340.10,                654583525.35,1919012,N, ,25327,       345.90,       170.00
N,EQ,KUANTUM,KUANTUM PAPERS LIMITED,        75.16,        75.20,        75.60,        73.70,        74.18,                  4574354.39,61468,N, ,842,       121.29,        65.01
N,EQ,KUSUMGAR,KUSUMGAR LIMITED,       581.65,       577.00,       584.70,       569.10,       571.20,                130181471.60,226964,N, ,6096,       659.50,       548.00
N,EQ,KWIL,KWALITY WALL'S (INDIA) L,        42.31,        42.31,        42.73,        41.80,        42.12,                466016367.74,11043010,N, ,35932,        50.68,        22.24
N,EQ,LADDERUP,LADDERUP FINANCE LTD.,        51.70,        50.30,        51.45,        42.70,        51.40,                     1105.50,23,N, ,8,        54.00,        42.70
N,EQ,LAGNAM,LAGNAM SPINTEX LIMITED,        74.40,        74.63,        77.27,        74.00,        74.80,                  1734115.89,23024,N, ,70,        96.98,        58.60
N,EQ,LAHOTIOV,LAHOTI OVERSEAS LTD.,        45.08,        46.00,        46.00,        43.00,        43.08,                   161729.06,3701,N, ,67,        53.90,        34.06
N,EQ,LAKSHMIMIL,LAKSHMI MILLS CO. LTD.,      7800.00,      7621.00,      7800.00,      7621.00,      7621.00,                   224783.00,29,N, ,11,      8505.00,      7621.00
N,SM,LAKSHYA,LAKSHYA POWERTECH LIMITED,        83.65,        83.50,        85.00,        81.05,        81.80,                   856480.00,10400,N, ,13,       165.90,        73.15
N,EQ,LAL,LORENZINI APPARELS LTD,         9.00,         8.81,         9.15,         8.81,         8.91,                   271556.78,30223,N, ,107,        12.77,         5.56
N,EQ,LALITHAA,LALITHAA JEWELLERY MART L,       280.30,       283.00,       308.30,       280.60,       306.70,               7051735553.40,23781731,N, ,156381,       308.30,       240.35
N,EQ,LALPATHLAB,DR. LAL PATH LABS LTD.,      1925.20,      1920.50,      1925.20,      1855.70,      1877.50,                540153730.00,288144,N, ,42647,      3540.00,      1272.60
N,EQ,LAMBODHARA,LAMBODHARA TEXTILES LTD.,       137.47,       138.81,       139.91,       133.96,       134.67,                   611464.48,4467,N, ,283,       162.00,        81.80
N,EQ,LANCER,LANCER CONTAINER LINES L,        13.19,        13.19,        13.20,        12.82,        13.03,                  7830495.80,603720,N, ,1168,       518.00,        10.10
N,EQ,LANCORHOL,LANCOR HOLDINGS LIMITED,        34.75,        35.13,        40.88,        34.21,        40.35,                 91709854.35,2381575,N, ,9124,        40.88,        18.12
N,EQ,LANDMARK,LANDMARK CARS LIMITED,       498.00,       500.00,       516.40,       497.00,       510.15,                 40578607.95,79884,N, ,2759,       662.80,       339.50
N,EQ,LANDSMILL,LANDSMILL GREEN LIMITED,         0.67,         0.67,         0.71,         0.63,         0.63,                  6736156.04,10129295,N, ,1760,         1.74,         0.63
N,EQ,LAOPALA,LA OPALA RG LIMITED,       171.55,       171.56,       174.86,       171.56,       173.90,                 13135190.47,75699,N, ,1759,       262.00,       162.10
N,EQ,LASA,LASA SUPERGENERICS LTD,         6.82,         6.99,         7.00,         6.69,         6.73,                   168015.52,24575,N, ,156,        14.08,         5.67
N,EQ,LASERPOWER,LASER POWER & INFRA LTD,       301.05,       303.70,       305.95,       291.50,       295.65,                297239307.25,999119,N, ,13918,       343.50,       250.00
N,EQ,LATENTVIEW,LATENT VIEW ANALYTICS LTD,       266.00,       267.00,       270.80,       265.85,       267.25,                 94382048.30,351722,N, ,9812,       517.50,       248.00
N,EQ,LATTEYS,LATTEYS INDUSTRIES LTD,        20.98,        21.49,        21.49,        20.35,        20.50,                   928083.23,44829,N, ,245,        37.00,        15.79
N,EQ,LAURUSLABS,LAURUS LABS LIMITED,      1868.50,      1855.00,      1871.80,      1835.20,      1840.00,               1991203312.40,1075943,N, ,40157,      1949.00,       823.10
N,EQ,LAXMICOT,LAXMI COTSPIN LIMITED,        12.71,        12.58,        14.25,        12.58,        13.73,                   992845.73,72640,N, ,401,        26.04,        11.36
N,EQ,LAXMIDENTL,LAXMI DENTAL LIMITED,       199.20,       199.20,       201.00,       197.50,       199.14,                  8038737.77,40392,N, ,1887,       377.05,       155.88
N,EQ,LAXMIINDIA,LAXMI INDIA FINANCE LTD,       128.13,       128.70,       135.00,       128.37,       132.60,                 47642804.33,360742,N, ,4636,       180.90,        71.06
N,EQ,LCCINFOTEC,LCC INFOTECH LTD,         3.85,         4.07,         4.08,         3.72,         3.81,                   172107.30,44787,N, ,258,         5.89,         3.30
N,EQ,LCL,LOHIA CORP LIMITED,       553.45,       560.00,       598.00,       560.00,       581.50,                952065401.80,1628313,N, ,89054,       604.70,       461.00
N,EQ,LEAPIND,LEAP INDIA LIMITED,       152.41,       153.50,       155.30,       149.50,       150.26,                851623129.86,5589910,N, ,43498,       172.29,       143.00
N,EQ,LEMERITE,LE MERITE EXPORTS LIMITED,        21.11,        21.30,        21.30,        20.56,        20.93,                  2846906.14,135407,N, ,268,       537.85,        19.52
N,EQ,LEMONTREE,LEMON TREE HOTELS LTD,       104.89,       105.24,       107.00,       104.77,       104.95,                365276752.85,3464757,N, ,24317,       180.68,        99.61
N,EQ,LENSKART,LENSKART SOLUTIONS LTD,       672.45,       672.55,       694.80,       672.55,       684.90,               6985526547.50,10188245,N, ,172364,       694.80,       356.10
N,EQ,LEXUS,LEXUS GRANITO (INDIA) LTD,        13.54,        13.22,        13.94,        13.22,        13.53,                    80339.17,5919,N, ,103,        39.25,        12.74
N,EQ,LFIC,LAKSHMI FIN IND CORP LTD,       135.28,       140.00,       140.00,       134.50,       134.64,                    52463.84,387,N, ,13,       240.90,       111.00
N,EQ,LGBBROSLTD,LG BALAKRISHNAN & BROS,      1716.20,      1716.20,      1738.00,      1697.00,      1702.80,                 85879993.40,50384,N, ,5297,      2048.00,      1246.50
N,EQ,LGEINDIA,LG ELECTRONICS INDIA LTD,      1662.30,      1661.20,      1672.60,      1634.00,      1640.70,                637524463.40,387555,N, ,29809,      1755.00,      1304.10
N,EQ,LGHL,LAXMI GOLDORNA HOUSE LTD,       178.95,       175.20,       183.48,       173.26,       175.42,                  1173669.33,6577,N, ,235,       959.00,       168.00
N,EQ,LIBAS,LIBAS CONSU PRODUCTS LTD,        10.48,        10.65,        10.90,        10.26,        10.46,                   205757.90,19725,N, ,97,        14.30,         9.02
N,EQ,LIBERTSHOE,LIBERTY SHOES LTD,       234.30,       234.31,       238.00,       231.90,       233.27,                  3605392.94,15371,N, ,564,       404.95,       210.50
N,EQ,LICHSGFIN,LIC HOUSING FINANCE LTD,       554.00,       554.00,       579.40,       554.00,       562.05,               4061104070.35,7126780,N, ,56929,       598.20,       458.90
N,EQ,LICI,LIFE INSURA CORP OF INDIA,       416.90,       416.85,       419.30,       415.30,       415.35,               2258499295.35,5411741,N, ,42606,       936.95,       385.90
N,EQ,LIKHITHA,LIKHITHA INFRASTRUC LTD,       202.90,       204.54,       206.99,       203.20,       204.80,                  5645209.95,27488,N, ,495,       272.00,       131.45
N,EQ,LINC,LINC LIMITED,        94.69,        94.10,        96.50,        94.10,        95.07,                   687972.56,7202,N, ,227,       139.60,        85.01
N,EQ,LINCOLN,LINCOLN PHARMA LTD,       622.65,       627.00,       631.00,       618.00,       620.80,                 18107950.45,29091,N, ,1281,       770.00,       440.00
N,EQ,LINDEINDIA,LINDE INDIA LIMITED,      6373.00,      6409.00,      6411.00,      6330.00,      6346.00,                 60399613.00,9490,N, ,2441,      8049.00,      5673.00
N,EQ,LKPSEC,L K P SECURITIES LTD.,        15.02,        15.59,        15.99,        14.62,        15.28,                   117723.45,7614,N, ,92,        18.43,        14.01
N,SM,LLOYDS,LLOYDS LUXURIES LIMITED,        57.50,        56.35,        60.00,        55.05,        58.00,                   511950.00,9000,N, ,8,        98.90,        34.80
N,EQ,LLOYDSENGG,LLOYDS ENGG WORK LIMITED,        84.95,        85.11,        86.63,        83.94,        84.21,                408703407.49,4801657,N, ,23635,        99.75,        37.40
N,EQ,LLOYDSENT,LLOYDS ENTERPRISES LTD,        71.97,        71.79,        74.69,        71.79,        74.23,                271090260.49,3684805,N, ,15028,        84.70,        40.69
N,EQ,LLOYDSME,LLOYDS METALS N ENERGY L,      1848.70,      1848.70,      1850.60,      1820.10,      1823.00,                267511423.00,146092,N, ,11968,      2125.00,      1042.90
N,EQ,LMW,LMW LIMITED,     18993.00,     19195.00,     19195.00,     18700.00,     18774.00,                 41679617.00,2214,N, ,1009,     20151.00,     11920.00
N,EQ,LOKESHMACH,LOKESH MACHINES LTD,       360.30,       378.80,       378.80,       362.20,       364.60,                 20900044.80,56473,N, ,1499,       385.80,       138.96
N,EQ,LORDSCHLO,LORDS CHLORO ALKALI LTD,       141.55,       142.00,       148.34,       142.00,       146.60,                  5906228.30,40550,N, ,878,       233.00,       108.00
N,EQ,LOTUSCHO,LOTUS CHOCOLATE CO. LTD.,       650.95,       635.00,       649.95,       624.00,       630.40,                  2544752.70,4002,N, ,330,       671.00,       595.90
N,EQ,LOTUSEYE,LOTUS EYE HOSP & INST L,       109.28,       109.90,       110.45,       108.30,       109.43,                   913772.63,8350,N, ,121,       147.00,        97.59
N,EQ,LOVABLE,LOVABLE LINGERIE LTD,        72.21,        72.85,        72.85,        70.57,        71.37,                   425129.15,5969,N, ,264,       104.70,        55.00
N,EQ,LOYALTEX,LOYAL TEXTILE MILLS LTD,       211.82,       210.00,       221.82,       206.00,       218.14,                   501279.42,2285,N, ,47,       333.99,       170.04
N,EQ,LPDC,LANDMARK PR.DEV.CO.LTD,         6.69,         7.03,         7.06,         6.61,         6.73,                   285082.51,41802,N, ,183,         9.46,         5.23
N,SM,LRRPL,LEAD REC AND RUB PROD LTD,        86.90,        87.00,        88.00,        87.00,        88.00,                   262500.00,3000,N, ,2,        98.90,        59.15
N,EQ,LTF,L&T FINANCE LIMITED,       316.90,       317.00,       320.50,       313.40,       314.00,               1039647643.30,3279672,N, ,27954,       338.60,       216.60
N,EQ,LTFOODS,LT FOODS LIMITED,       442.55,       442.45,       448.90,       439.00,       444.80,                199681837.60,450291,N, ,18698,       490.70,       333.15
N,EQ,LTTS,L&T TECHNOLOGY SER. LTD.,      3501.20,      3520.00,      3535.80,      3462.00,      3493.30,                180003250.30,51558,N, ,8628,      4726.00,      3010.00
N,EQ,LUMAXIND,LUMAX INDUSTRIES LTD,      6380.50,      6450.00,      6450.00,      6107.50,      6181.50,                 97493365.50,15590,N, ,3627,      6934.50,      4061.00
N,EQ,LUMAXTECH,LUMAX AUTO TECH LTD,      1985.40,      1995.20,      2010.00,      1942.90,      1951.90,                159397507.70,81128,N, ,11010,      2148.70,      1024.60
N,EQ,LUMINO,LUMINO INDUSTRIES LIMITED,       110.32,       112.40,       122.00,       111.22,       114.50,              16228033158.85,139069849,N, ,451001,       122.00,       106.54
N,EQ,LUPIN,LUPIN LIMITED,      2132.00,      2140.10,      2148.00,      2100.60,      2110.00,               1826614866.70,862828,N, ,39010,      2529.50,      1875.00
N,EQ,LUXIND,LUX INDUSTRIES LIMITED,      1171.70,      1170.10,      1191.90,      1170.10,      1175.10,                 11002184.30,9331,N, ,910,      1823.35,       824.05
N,EQ,LXCHEM,LAXMI ORGANIC INDUS LTD,       175.58,       174.40,       176.46,       171.70,       172.04,                 72319759.24,416497,N, ,7250,       241.00,       107.60
N,EQ,M&MFIN,M&M FIN. SERVICES LTD,       376.05,       379.00,       380.95,       371.50,       373.65,                988988636.40,2628655,N, ,52603,       415.00,       253.50
N,EQ,MAANALU,MAAN ALUMINIUM LIMITED,       120.77,       120.15,       123.00,       117.21,       117.90,                  8789296.95,74246,N, ,816,       184.74,       103.01
N,EQ,MACPOWER,MACPOWER CNC MACHINES LTD,      1944.10,      1955.80,      1960.00,      1860.00,      1904.90,                 73149826.60,38330,N, ,5622,      2050.00,       761.00
N,EQ,MADHAV,MADHAV MARBLE & GRANITE,        34.84,        36.70,        36.70,        34.11,        35.36,                   221393.48,6274,N, ,143,        49.95,        29.00
N,EQ,MADHAVIPL,MADHAV INFRA PROJECTS L,         7.92,         7.92,         8.30,         7.92,         7.98,                   632542.32,78511,N, ,310,         9.90,         6.95
N,EQ,MADRASFERT,MADRAS FERTILISERS LTD,        65.13,        65.34,        65.75,        65.08,        65.12,                  1750411.55,26810,N, ,458,        96.39,        52.56
N,EQ,MAFATIND,MAFATLAL INDUSTRIES LTD.,       123.24,       124.77,       124.77,       120.35,       121.66,                  3071337.00,25114,N, ,825,       157.77,       119.02
N,EQ,MAGADSUGAR,MAGADH SUGAR & ENERGY LTD,       566.70,       568.00,       568.00,       546.00,       552.05,                 10765235.90,19463,N, ,1422,       634.95,       417.00
N,EQ,MAGNUM,MAGNUM VENTURES LTD.,        19.00,        18.82,        19.49,        18.82,        19.00,                   144016.08,7566,N, ,48,        30.25,        16.25
N,EQ,MAHABANK,BANK OF MAHARASHTRA,        86.32,        86.75,        86.95,        85.70,        85.95,               1193277156.70,13802528,N, ,37453,        94.50,        51.71
N,EQ,MAHAPEXLTD,MAHA RASHTRA APEX COPR. L,        54.72,        54.70,        54.75,        53.01,        53.51,                   360408.25,6664,N, ,134,       139.94,        42.00
N,EQ,MAHEPC,MAHINDRA EPC IRRIG LTD,       103.25,       103.30,       104.90,       103.20,       103.62,                   792592.80,7636,N, ,204,       182.50,        91.91
N,SM,MAHICKRA,MAHICKRA CHEMICAL LIMITED,       295.00,       285.00,       290.00,       285.00,       290.00,                   431250.00,1500,N, ,2,       308.80,       131.00
N,EQ,MAHLIFE,MAHINDRA LIFESPACE DEVLTD,       363.10,       365.00,       366.70,       360.15,       362.40,                 13605551.95,37464,N, ,2260,       427.05,       286.80
N,EQ,MAHLOG,MAHINDRA LOGISTIC LIMITED,       400.30,       400.85,       410.15,       399.55,       405.35,                 52849165.10,130587,N, ,5680,       450.00,       275.05
N,EQ,MAHSCOOTER,MAHARASHTRA SCOOTERS LTD,     13639.00,     13727.00,     13727.00,     13590.00,     13602.00,                 13729226.00,1009,N, ,324,     14125.00,     10901.00
N,EQ,MAHSEAMLES,MAHARASHTRA SEAMLESS LTD,       653.50,       654.75,       695.80,       651.50,       688.10,                807572228.75,1179393,N, ,42816,       695.80,       500.70
N,EQ,MAITHANALL,MAITHAN ALLOYS LTD,      1038.50,      1044.00,      1105.00,      1035.50,      1090.55,                432536086.95,400161,N, ,18948,      1210.10,       831.20
N,SM,MAITREYA,MAITREYA MEDICARE LIMITED,       123.90,       120.00,       120.00,       120.00,       120.00,                    48000.00,400,N, ,1,       292.95,       107.50
N,EQ,MAKERSL,MAKERS LABORATORIES LTD.,       200.77,       206.85,       206.85,       188.40,       189.90,                  1272565.85,6513,N, ,439,       236.00,       150.00
N,SM,MAKS,MAKS ENERGY SOL INDIA LTD,        14.40,        15.10,        15.10,        15.10,        15.10,                    22650.00,1500,N, ,1,        36.00,        12.65
N,SM,MAL,MANGALAM ALLOYS LIMITED,        34.75,        38.05,        38.20,        37.25,        38.20,                  6775120.00,177600,N, ,86,        63.25,        28.95
N,EQ,MALLCOM,MALLCOM (INDIA) LIMITED,       998.80,      1040.00,      1040.00,       998.80,      1018.15,                  1928043.80,1900,N, ,157,      1520.00,       929.00
N,EQ,MALUPAPER,MALU PAPER MILLS LIMITED,        32.44,        32.97,        32.97,        31.15,        31.65,                   268478.48,8353,N, ,105,        44.11,        27.00
N,EQ,MAMATA,MAMATA MACHINERY LIMITED,       404.55,       404.55,       417.00,       401.75,       412.55,                 16194928.50,39601,N, ,1594,       515.00,       297.00
N,EQ,MANAKALUCO,MANAK ALUMINIUM CO. LTD.,        37.68,        37.68,        38.31,        37.60,        38.10,                  1323755.87,34763,N, ,361,        68.12,        21.73
N,EQ,MANAKCOAT,MAN COAT METAL & IND LTD,       120.65,       119.91,       122.55,       119.35,       121.80,                 17545643.12,144960,N, ,1579,       182.82,        94.20
N,EQ,MANAKSIA,MANAKSIA LTD.,        59.12,        59.69,        63.89,        59.20,        63.05,                 14753757.53,235473,N, ,2316,        73.40,        42.10
N,EQ,MANAKSTEEL,MANAKSIA STEELS LTD,       111.91,       109.00,       113.00,       106.35,       107.30,                 18635112.70,171136,N, ,1885,       114.76,        45.11
N,EQ,MANALIPETC,MANALI PETROCHEMICALS LT,        89.73,        89.56,        90.61,        86.00,        86.76,                568828644.91,6435710,N, ,27514,        90.89,        39.13
N,EQ,MANAPPURAM,MANAPPURAM FINANCE LTD,       341.00,       345.05,       345.20,       338.20,       339.70,                687114464.10,2017457,N, ,21527,       381.55,       245.15
N,EQ,MANBA,MANBA FINANCE LIMITED,       129.45,       131.50,       133.32,       128.50,       128.95,                  3489233.89,26727,N, ,285,       154.00,        98.00
N,EQ,MANCREDIT,MANGAL CREDIT N FINCORP L,       231.40,       233.82,       235.38,       227.01,       228.33,                  1553413.85,6769,N, ,383,       287.27,       152.06
N,EQ,MANGALAM,MANGALAM DRUG & CHEM LTD,        30.30,        30.90,        30.90,        29.90,        30.02,                   567675.87,18726,N, ,225,        79.70,        22.80
N,EQ,MANGLMCEM,MANGALAM CEMENT LTD,      1098.20,      1098.00,      1114.00,      1081.70,      1095.20,                 70897465.50,64519,N, ,3570,      1120.00,       679.35
N,EQ,MANINDS,MAN INDUSTRIES (I) LTD.,       793.40,       801.00,       807.75,       781.50,       788.55,                401890545.60,505736,N, ,23876,       807.75,       302.05
N,EQ,MANINFRA,MAN INFRA LTD,       124.59,       126.00,       128.30,       123.78,       124.80,                219252774.58,1748780,N, ,11864,       163.90,        77.12
N,EQ,MANIPALHOS,MANIPAL HEALTH ENTERPRI L,       726.00,       729.00,       738.00,       720.50,       725.20,                858466001.60,1177059,N, ,36339,       815.00,       625.45
N,EQ,MANKIND,MANKIND PHARMA LIMITED,      2368.80,      2366.50,      2390.00,      2317.00,      2327.90,                286487165.10,122389,N, ,12835,      2674.00,      1909.70
N,EQ,MANOMAY,MANOMAY TEX INDIA LTD,       226.83,       232.00,       237.80,       224.50,       234.97,                 89664728.67,390666,N, ,4222,       259.88,       160.25
N,EQ,MANORAMA,MANORAMA INDUSTRIES LTD,      1966.30,      1984.00,      2017.50,      1957.70,      1993.40,               1039576132.00,521970,N, ,44226,      2043.00,      1060.60
N,EQ,MANORG,MANGALAM ORGANICS LIMITED,       490.25,       487.80,       513.00,       484.20,       489.50,                  8248603.55,16738,N, ,1863,       635.00,       356.25
N,EQ,MANYAVAR,VEDANT FASHIONS LIMITED,       568.20,       567.90,       604.00,       563.00,       594.20,                456761488.00,775723,N, ,30614,       779.00,       329.20
N,EQ,MAPMYINDIA,C.E. INFO SYSTEMS LIMITED,       968.60,       975.00,       982.90,       967.60,       972.20,                 63751719.90,65490,N, ,6240,      1998.00,       795.00
N,EQ,MARALOVER,MARAL OVERSEAS LTD,        55.26,        55.00,        65.69,        55.00,        61.83,                 19533074.05,313426,N, ,2285,        65.79,        34.11
N,EQ,MARATHON,MARATHON NXTGEN REALT LTD,       434.95,       436.05,       450.00,       434.00,       437.90,                171862246.55,388461,N, ,7019,       685.40,       344.05
N,SM,MARCO,MARCO CABLE & CONDUCTOR L,        32.20,        32.80,        32.80,        31.15,        31.15,                   382875.00,12000,N, ,8,        46.50,        26.60
N,EQ,MARICO,MARICO LIMITED,       827.40,       824.05,       824.70,       814.10,       815.15,                835579944.30,1021459,N, ,32320,       889.10,       690.30
N,EQ,MARINE,MARINE ELECTRICAL (I) LTD,       430.40,       432.00,       442.95,       426.70,       432.15,                359166550.35,826123,N, ,22089,       450.00,       150.86
N,EQ,MARKOLINES,MARKOLINES PAVEMENT TEC L,       171.34,       171.47,       173.15,       170.00,       171.89,                 43202993.72,251690,N, ,1111,       191.75,       131.65
N,EQ,MARKSANS,MARKSANS PHARMA LIMITED,       332.20,       333.00,       335.45,       323.45,       326.75,                542841035.70,1654370,N, ,25469,       345.50,       155.00
N,EQ,MARSONS,MARSONS LIMITED,       125.53,       125.89,       140.73,       125.30,       137.56,               1725581959.66,12724657,N, ,82782,       175.40,       100.25
N,SM,MARUSHIKA,MARUSHIKA TECHNOLOGY LTD,       110.00,       110.00,       110.00,       109.60,       109.60,                   395040.00,3600,N, ,3,       123.00,        78.10
N,EQ,MASFIN,MAS FINANCIAL SERV LTD,       292.70,       295.00,       296.85,       292.80,       295.00,                 20560066.05,69659,N, ,7392,       358.85,       277.35
N,EQ,MASKINVEST,MASK INVESTMENTS LIMITED,       143.55,       140.00,       150.72,       140.00,       148.64,                     3239.78,22,N, ,7,       246.09,       114.94
N,SM,MASON,MASON INFRATECH LIMITED,       117.20,       116.25,       116.25,       113.40,       113.90,                  1147650.00,10000,N, ,15,       220.00,       101.20
N,EQ,MASTEK,MASTEK LTD,      1792.60,      1815.00,      1831.90,      1752.90,      1772.90,                167078136.20,94020,N, ,11844,      2614.00,      1334.20
N,SM,MASTER,MASTER COMPONENTS LIMITED,       426.00,       429.95,       430.00,       429.95,       429.95,                   429975.00,1000,N, ,2,       502.00,       282.50
N,EQ,MASTERTR,MASTER TRUST LIMITED,        81.03,        81.05,        95.50,        81.05,        89.16,                761522949.41,8360812,N, ,43240,       164.50,        55.60
N,EQ,MATRIMONY,MATRIMONY.COM LIMITED,       529.60,       532.25,       533.90,       524.00,       529.05,                  3767785.45,7124,N, ,402,       573.00,       364.05
N,EQ,MAWANASUG,MAWANA SUGARS LIMITED,       146.27,       146.00,       146.98,       143.20,       145.43,                 27046953.88,186868,N, ,3781,       164.00,        75.08
N,EQ,MAXESTATES,MAX ESTATES LIMITED,       530.70,       535.00,       546.85,       529.00,       542.10,                 60054200.55,111898,N, ,3876,       579.00,       305.45
N,EQ,MAXIND,MAX INDIA LIMITED,       152.89,       154.00,       154.58,       150.10,       150.66,                  3758782.29,24712,N, ,906,       241.57,       120.00
N,SM,MAXPOSURE,MAXPOSURE LIMITED,        29.00,        29.30,        30.70,        29.30,        29.80,                  5668650.00,189000,N, ,26,        62.50,        29.00
N,SM,MAXVOLT,MAXVOLT ENERGY INDUS L,       328.40,       328.40,       334.70,       321.25,       324.80,                  7712900.00,23600,N, ,55,       509.00,       213.00
N,EQ,MAYURUNIQ,MAYUR UNIQUOTERS LTD,       728.80,       730.00,       737.50,       727.50,       734.85,                 21638954.85,29504,N, ,1657,       907.00,       471.20
N,EQ,MBAPL,MADHYA BHARAT AGRO P. LTD,       162.08,       162.08,       167.39,       160.73,       166.12,                161283576.66,983522,N, ,8749,       610.90,       109.75
N,EQ,MBEL,M AND B ENGINEERING LTD,       275.45,       276.95,       277.00,       268.00,       270.15,                 20356120.45,74971,N, ,1586,       535.90,       223.05
N,EQ,MBLINFRA,MBL INFRASTRUCTURE LTD,        24.44,        25.00,        25.00,        24.00,        24.30,                   630995.71,25935,N, ,154,        52.48,        18.37
N,EQ,MCCHRLS-B,MAC CHARLES (INDIA) LTD.,       679.95,       682.60,       682.60,       656.05,       670.00,                   206382.65,310,N, ,50,       799.00,       580.00
N,EQ,MCL,M TEK COPPER LIMITED,        58.50,        58.00,        58.90,        57.21,        58.30,                  1465985.37,25283,N, ,951,        93.20,        42.00
N,EQ,MCLEODRUSS,MCLEOD RUSSEL INDIA LTD.,        46.61,        46.41,        47.99,        46.00,        46.30,                  8684197.66,185910,N, ,1097,        78.41,        28.50
N,EQ,MCLOUD,MAGELLANIC CLOUD LIMITED,        26.46,        26.51,        26.67,        26.25,        26.29,                 42656333.15,1615599,N, ,3806,        87.00,        19.40
N,SM,MCON,MCON RASAYAN INDIA LTD,        42.50,        44.60,        44.60,        44.00,        44.00,                   356100.00,8000,N, ,8,        94.00,        37.30
N,EQ,MCX,MULTI COMMODITY EXCHANGE,      3170.20,      3187.80,      3287.40,      3165.60,      3275.40,               8037835436.70,2485731,N, ,89140,     11219.00,      2068.50
N,EQ,MEDANTA,GLOBAL HEALTH LIMITED,      1417.30,      1424.30,      1491.80,      1424.30,      1469.80,                691398767.20,470026,N, ,55760,      1544.00,       956.00
N,EQ,MEDIASSIST,MEDI ASSIST HEALTH SER L,       343.95,       341.65,       348.50,       338.50,       340.35,                148369566.65,433407,N, ,12318,       575.55,       293.00
N,EQ,MEDICAMEQ,MEDICAMEN BIOTECH LIMITED,       259.40,       262.00,       276.80,       260.65,       270.25,                 31980469.70,118422,N, ,2703,       447.65,       212.40
N,EQ,MEDICAPQ,MEDI CAPS LTD.,        25.08,        26.90,        26.90,        25.16,        26.29,                    43479.31,1645,N, ,38,        27.99,        20.33
N,EQ,MEDICO,MEDICO REMEDIES LIMITED,        39.50,        39.40,        40.19,        39.00,        39.87,                  2087274.57,52932,N, ,756,        56.88,        30.22
N,SM,MEDIORG,MEDICAMEN ORGANICS LTD,        25.65,        26.50,        26.70,        26.50,        26.50,                  1166400.00,44000,N, ,10,        38.00,        19.10
N,SM,MEDISTEP,MEDISTEP HEALTHCARE LTD,        22.80,        23.50,        23.50,        22.85,        22.90,                   278250.00,12000,N, ,3,        38.00,        16.50
N,EQ,MEDPLUS,MEDPLUS HEALTH SERV LTD,       660.65,       660.65,       691.35,       650.20,       676.35,                208659458.25,310867,N, ,12964,      1022.20,       648.00
N,EQ,MEESHO,MEESHO LIMITED,       209.74,       209.74,       216.67,       207.87,       209.00,               4878476094.93,22949812,N, ,129113,       254.40,       125.56
N,SM,MEGAFLEX,MEGA FLEX PLASTICS LTD,        95.00,        95.00,        95.00,        91.00,        91.00,                   558000.00,6000,N, ,5,       155.05,        43.50
N,EQ,MEGASTAR,MEGASTAR FOODS LIMITED,       304.10,       301.05,       309.65,       301.05,       307.60,                   898508.35,2947,N, ,114,       392.00,       203.00
N,SM,MEGATHERM,MEGATHERM INDUCTION LTD,       205.10,       207.00,       232.95,       207.00,       228.75,                 12563740.00,58000,N, ,98,       316.95,       170.00
N,EQ,MEIL,MANGAL ELECTRICAL IND L,       283.75,       286.90,       295.45,       280.00,       285.10,                 28431931.00,99521,N, ,3061,       573.70,       206.26
N,EQ,MENNPIS,MENON PISTONS LTD.,        74.82,        74.82,        79.46,        74.78,        77.64,                 20395542.82,261863,N, ,4156,        82.00,        52.35
N,EQ,MERCANTILE,MERCANTILE VENTURES LTD.,        25.55,        26.90,        26.90,        24.49,        25.45,                 14209516.99,550263,N, ,1130,        31.90,        19.00
N,EQ,MERCURYEV,MERCURY EV-TECH LIMITED,        36.67,        37.91,        37.93,        36.12,        36.74,                  1543568.74,41943,N, ,676,        41.50,        30.16
N,EQ,METROBRAND,METRO BRANDS LIMITED,       915.65,       915.65,       935.00,       909.00,       929.15,                 36399647.95,39468,N,XD,4906,      1340.40,       883.00
N,EQ,METROGLOBL,METROGLOBAL LTD.,       137.00,       137.00,       139.50,       133.25,       136.14,                    80959.70,601,N, ,44,       165.00,       110.00
N,EQ,METROPOLIS,METROPOLIS HEALTHCARE LTD,       591.90,       593.40,       593.40,       584.90,       588.70,                140920630.75,239323,N, ,14831,      2263.00,       412.25
N,EQ,MFML,MAHALAXMI FABRIC MILLS LT,        18.36,        18.63,        18.80,        18.12,        18.59,                    55773.73,3002,N, ,56,        36.99,        17.30
N,EQ,MFSL,MAX FINANCIAL SERV LTD,      1537.00,      1537.00,      1569.00,      1531.40,      1548.40,                844436020.30,543214,N, ,27632,      1892.50,      1433.60
N,EQ,MGL,MAHANAGAR GAS LTD.,      1066.40,      1067.00,      1101.60,      1067.00,      1096.60,                314372145.40,288338,N, ,23619,      1378.00,       900.00
N,SM,MGSL,MATRIX GEO SOLUTIONS LTD,        74.55,        75.05,        76.50,        72.50,        73.80,                  1247340.00,16800,N, ,13,       120.00,        57.20
N,EQ,MHRIL,MAHINDRA HOLIDAYS LTD,       207.91,       208.00,       211.00,       206.55,       207.40,                 32438045.89,155829,N, ,2759,       368.90,       205.20
N,EQ,MIDHANI,MISHRA DHATU NIGAM LTD,       416.90,       417.00,       428.20,       416.30,       418.80,                236881910.30,562610,N, ,14315,       456.60,       266.65
N,EQ,MIDWESTLTD,MIDWEST LIMITED,      1054.30,      1064.90,      1065.00,      1053.00,      1062.10,                  7448518.80,7030,N, ,725,      1859.90,      1026.00
N,SM,MIEL,MANGLAM INFRA & ENG LTD,        12.30,        11.75,        12.10,        11.70,        11.85,                   189000.00,16000,N, ,6,        31.50,        10.70
N,EQ,MIIL,MEGHNA INFRACON INFRA L,       718.40,       722.00,       722.35,       711.85,       717.05,                 59301056.50,82890,N, ,670,       742.90,       660.00
N,EQ,MILKYMIST,MILKY MIST DAIRY FOOD L,       252.89,       255.00,       260.59,       249.50,       252.43,               3704027052.08,14599282,N, ,107595,       268.69,       165.00
N,SM,MILTON,MILTON INDUSTRIES LIMITED,        36.50,        36.50,        38.30,        34.70,        38.10,                   743270.00,19800,N, ,8,        53.50,        24.85
N,EQ,MINDACORP,MINDA CORPORATION LTD,       706.50,       709.75,       709.80,       695.25,       702.80,                139972697.75,199782,N, ,11199,       769.00,       468.50
N,RR,MINDSPACE,MINDSPACE BUSINESS P REIT,       499.92,       503.84,       505.00,       500.39,       501.11,                 69893239.89,139215,N, ,8265,       511.68,       417.00
N,EQ,MINDTECK,MINDTECK (INDIA) LIMITED,       168.22,       168.00,       170.98,       167.15,       168.81,                  2950540.06,17432,N, ,646,       307.68,       145.13
N,EQ,MIRZAINT,MIRZA INTERNATIONAL LIMIT,        30.99,        30.70,        31.50,        30.70,        30.96,                  2047715.05,65986,N, ,685,        44.00,        24.95
N,EQ,MITTAL,MITTAL LIFE STYLE LIMITED,         0.78,         0.80,         0.82,         0.78,         0.80,                   569834.67,713212,N, ,362,         1.82,         0.70
N,EQ,MKEXIM,M K EXIM (INDIA) LTD.,        60.18,        61.89,        63.00,        60.24,        62.18,                  1106326.91,17942,N, ,249,        68.69,        45.70
N,EQ,MKPL,M K PROTEINS LIMITED,         4.06,         4.06,         4.12,         3.92,         4.02,                   579000.30,143996,N, ,488,         8.85,         3.56
N,EQ,MLKFOOD,MILKFOOD LTD.,        82.62,        83.55,        85.00,        82.50,        83.63,                   152576.45,1824,N, ,62,        93.00,        75.25
N,SM,MMEL,MOVING MEDIA ENTER LTD,        24.50,        24.55,        25.75,        24.00,        25.25,                  1334200.00,54000,N, ,20,        73.25,        20.00
N,EQ,MMFL,MM FORGINGS LTD,       641.80,       643.80,       649.90,       620.00,       630.10,                103245201.55,163248,N, ,7658,       687.95,       288.10
N,EQ,MMP,MMP INDUSTRIES LIMITED,       395.95,       399.90,       404.95,       383.35,       404.15,                 44513699.20,112103,N,XD,2401,       429.95,       185.20
N,EQ,MMTC,MMTC LIMITED,        62.32,        62.61,        66.20,        62.53,        64.18,                548945723.35,8443462,N, ,38101,        78.35,        50.10
N,EQ,MMWL,MEDIA MATRIX WORLDWIDE L,        14.07,        14.10,        14.59,        14.10,        14.53,                   126608.37,8751,N, ,170,        16.57,         9.02
N,EQ,MOBIKWIK,ONE MOBIKWIK SYSTEMS LTD,       190.61,       191.15,       193.72,       189.90,       192.12,                 75634752.79,393306,N, ,5598,       334.00,       151.46
N,SM,MOBILISE,MOBILISE APP LAB LIMITED,       113.75,       108.15,       108.15,       108.15,       108.15,                   173040.00,1600,N, ,1,       125.90,        45.00
N,EQ,MODINATUR,MODI NATURALS LIMITED,       334.30,       345.10,       345.10,       328.00,       340.95,                  1289992.20,3782,N, ,147,       524.80,       252.30
N,EQ,MODIRUBBER,MODI RUBBER LTD,       131.83,       135.38,       135.38,       130.42,       131.30,                   157077.78,1186,N, ,72,       167.50,        98.41
N,EQ,MODIS,MODIS NAVNIRMAN LTD,       379.10,       377.50,       383.80,       376.60,       380.85,                  4293558.80,11292,N, ,502,       429.05,       276.00
N,EQ,MODISONLTD,MODISON LIMITED,       494.65,       479.20,       494.65,       469.95,       469.95,                196800998.20,412447,N, ,6839,       546.00,       114.00
N,EQ,MODTHREAD,MODERN THREADS INDIA LTD,        53.39,        53.00,        55.98,        53.00,        54.37,                   666704.23,12306,N, ,178,        65.65,        41.56
N,EQ,MOHITE,MOHITE INDUSTRIES LTD.,         2.80,         2.80,         2.84,         2.60,         2.79,                   367484.00,133842,N, ,151,         3.30,         2.15
N,EQ,MOHITIND,MOHIT INDUSTRIES LTD,        23.72,        24.99,        24.99,        23.37,        23.78,                   244749.72,10348,N, ,86,        39.89,        18.60
N,EQ,MOIL,MOIL LIMITED,       250.68,       252.70,       253.70,       249.97,       252.30,                127219892.97,505504,N, ,9610,       404.90,       242.35
N,EQ,MOKSH,MOKSH ORNAMENTS LIMITED,         9.98,         9.99,        10.20,         9.99,        10.07,                  1135930.61,112542,N, ,268,        16.65,         8.11
N,EQ,MOL,MEGHMANI ORGANICS LIMITED,        67.52,        68.23,        68.75,        66.28,        66.66,                103459938.08,1538689,N, ,7566,        87.75,        36.50
N,EQ,MOLBIO,MOLBIO DIAGNOSTICS LTD,      1135.20,      1139.90,      1177.00,      1117.20,      1160.50,                680920445.30,594273,N, ,23770,      1264.60,       926.35
N,EQ,MOLDTKPAC,MOLD-TEK PACKAGING LTD,       699.60,       702.85,       710.05,       700.00,       706.65,                 25731025.90,36489,N, ,1951,       870.50,       464.90
N,EQ,MONARCH,MONARCH NETWORTH CAP LTD,       381.30,       380.10,       382.65,       373.00,       377.90,                 29316751.50,77678,N, ,1927,       406.95,       235.45
N,EQ,MONEYBOXX,MONEYBOXX FINANCE LIMITED,        57.22,        56.93,        68.66,        56.93,        58.80,                  5791805.15,92042,N, ,1040,       183.00,        44.02
N,SM,MONOLITH,MONOLITHISCH INDIA LTD,      1286.10,      1295.00,      1295.00,      1240.00,      1265.65,                 42226700.00,33250,N, ,101,      1298.00,       367.00
N,SM,MONOPHARMA,MONO PHARMACARE LIMITED,         8.95,         8.65,         8.95,         8.65,         8.95,                    53100.00,6000,N, ,3,        25.50,         7.50
N,EQ,MONTECARLO,MONTE CARLO FASHIONS LTD.,       564.45,       567.40,       577.00,       562.15,       574.50,                 30752426.25,53976,N, ,2042,       860.95,       464.00
N,EQ,MOREPENLAB,MOREPEN LAB. LTD,       117.45,       117.91,       118.00,       112.55,       113.74,               2017342713.96,17563502,N, ,68746,       118.55,        33.05
N,EQ,MOSCHIP,MOSCHIP TECHNOLOGIES LTD,       213.57,       213.56,       215.19,       211.11,       212.22,                250563929.33,1176516,N, ,14637,       288.45,       146.80
N,EQ,MOTILALOFS,MOTILAL OSWAL FIN LTD,      1012.80,      1023.00,      1040.80,      1022.80,      1037.00,                833675139.90,807197,N, ,27936,      1097.10,       614.90
N,EQ,MOTISONS,MOTISONS JEWELLERS LTD,        15.37,        15.21,        17.50,        15.21,        16.48,               2045895817.23,123701270,N, ,165631,        20.45,        10.62
N,EQ,MPHASIS,MPHASIS LIMITED,      2471.00,      2482.00,      2502.70,      2417.30,      2422.00,                393634995.00,160732,N, ,13534,      3037.20,      2013.00
N,EQ,MPSLTD,MPS LIMITED,      2620.60,      2633.60,      2700.00,      2631.60,      2658.90,                 40413315.80,15166,N, ,2535,      2979.00,      1336.10
N,EQ,MRF,MRF LTD,    130510.00,    130950.00,    131080.00,    129705.00,    129945.00,                606101075.00,4656,N, ,2742,    163600.00,    122000.00
N,EQ,MRPL,MRPL,       175.99,       176.40,       178.90,       174.25,       174.83,                533725531.34,3031271,N, ,20658,       212.31,       122.25
N,EQ,MSL,MANGALAM SEEDS LTD.,       137.53,       145.00,       149.00,       137.53,       142.22,                   288179.69,1952,N, ,51,       160.00,       135.00
N,EQ,MSPL,MSP STEEL & POWER LTD.,        35.34,        35.79,        35.80,        35.01,        35.40,                 11826438.24,334614,N, ,1689,        46.12,        26.25
N,EQ,MSTCLTD,MSTC LIMITED,       744.25,       746.55,       749.00,       724.00,       734.20,                117279477.20,159233,N, ,6930,       763.00,       362.15
N,EQ,MSUMI,MOTHERSON SUMI WRNG IND L,        37.03,        36.81,        37.05,        36.18,        36.52,                440018643.31,12064648,N, ,36139,        53.59,        35.70
N,EQ,MTNL,MAHANAGAR TELEPHONE NIGAM,        26.42,        26.59,        26.98,        26.47,        26.55,                 13794220.41,518060,N, ,2310,        46.44,        21.26
N,EQ,MUFIN,MUFIN GREEN FINANCE LTD,       136.92,       137.45,       138.78,       136.42,       137.56,                155843904.35,1131652,N, ,4050,       141.50,        82.99
N,EQ,MUFTI,CREDO BRANDS MARKETING L,        72.87,        72.85,        75.60,        72.51,        75.23,                 11150002.93,149617,N, ,1414,       130.70,        63.06
N,EQ,MUKANDLTD,MUKAND LTD.,       132.97,       133.49,       134.90,       132.81,       134.44,                  5988101.81,44731,N, ,684,       154.25,       114.31
N,EQ,MUKESHB,MUKESH BABU FINANC SER L,       134.00,       134.00,       134.00,       133.90,       133.91,                    41798.05,312,N, ,5,       147.15,       133.00
N,EQ,MUKKA,MUKKA PROTEINS LIMITED,        28.72,        29.99,        32.44,        28.96,        31.34,                212354826.68,6910108,N, ,25607,        32.44,        18.27
N,SM,MUNISH,MUNISH FORGE LIMITED,        82.55,        82.00,        83.95,        82.00,        83.05,                  1294980.00,15600,N, ,12,       143.00,        50.20
N,EQ,MUNJALAU,MUNJAL AUTO IND. LTD.,       112.92,       113.45,       114.99,       111.34,       112.28,                 35752752.87,317397,N, ,4135,       130.60,        67.20
N,EQ,MUNJALSHOW,MUNJAL SHOWA LTD,       129.27,       129.27,       130.80,       128.10,       129.21,                  2485181.68,19122,N, ,424,       150.90,       110.30
N,EQ,MURUDCERA,MURUDESHWAR CERAMICS LTD,        29.97,        30.45,        30.48,        29.45,        29.66,                   476446.08,15994,N, ,227,        47.50,        25.16
N,EQ,MUTHOOTCAP,MUTHOOT CAP SERV LTD,       243.75,       248.00,       249.88,       238.90,       241.72,                  2220704.05,9133,N, ,465,       303.00,       175.25
N,EQ,MUTHOOTMF,MUTHOOT MICROFIN LIMITED,       206.89,       208.99,       209.55,       204.80,       205.29,                 36661543.02,177382,N, ,2299,       262.77,       141.20
N,EQ,MVELECTRO,MV ELECTROSYSTEMS LIMITED,       730.65,       730.65,       752.40,       710.00,       729.70,               2323805264.80,3173336,N, ,58930,       780.00,       516.55
N,EQ,MVGJL,MANOJ VAIBHAV GEM N JEW L,       171.97,       172.10,       187.80,       172.10,       179.90,                208819396.03,1146917,N, ,23530,       214.79,       129.10
N,SM,MVKAGRO,M.V.K. AGRO FOOD PROD LTD,       225.10,       236.35,       236.35,       236.35,       236.35,                  2836200.00,12000,N, ,11,       819.00,       152.05
N,EQ,MWL,MANGALAM WORLDWIDE LTD,        39.08,        39.70,        39.70,        37.60,        38.56,                  9428205.31,243445,N, ,831,       395.50,        34.50
N,SM,MYMUDRA,MY MUDRA FINCORP LIMITED,        70.00,        66.35,        74.00,        66.35,        72.00,                  1208580.00,16800,N, ,11,       119.10,        63.00
N,EQ,NACLIND,NACL INDUSTRIES LIMITED,       166.45,       166.00,       168.45,       165.21,       166.84,                 36785293.77,220617,N, ,3809,       283.90,       112.62
N,EQ,NAGREEKCAP,NAGREEKA CAP & INFR.LTD,        22.87,        22.87,        23.34,        22.22,        23.25,                    66232.31,2918,N, ,88,        42.75,        19.30
N,EQ,NAGREEKEXP,NAGREEKA EXPORTS LTD.,        21.30,        21.10,        25.00,        20.81,        24.10,                  9398787.95,411783,N, ,516,        40.00,        17.50
N,EQ,NAHARCAP,NAHAR CAP & FIN.,       259.50,       259.50,       261.90,       258.00,       261.75,                   207017.70,798,N,XD,29,       307.00,       191.00
N,EQ,NAHARINDUS,NAHAR INDS ENT LTD,       137.96,       137.96,       139.23,       136.23,       137.63,                  2408226.73,17477,N, ,408,       154.00,        83.05
N,EQ,NAHARPOLY,NAHAR POLY FILMS LIMITED,       248.39,       247.86,       247.86,       239.40,       244.54,                  3112272.04,12772,N,XD,365,       338.80,       200.00
N,EQ,NAHARSPING,NAHAR SPINNING MILLS LTD.,       293.00,       295.70,       296.00,       288.10,       289.80,                 10772032.40,36995,N,XD,966,       349.00,       149.20
N,EQ,NAM-INDIA,NIPPON L I A M LTD,      1164.90,      1160.00,      1184.50,      1151.80,      1159.90,               1772927432.50,1522876,N, ,34189,      1269.50,       785.45
N,SM,NAMAN,NAMAN INDUSTRE PRXIMA LTD,        40.00,        40.10,        40.10,        40.10,        40.10,                   128320.00,3200,N, ,4,        99.90,        37.00
N,EQ,NARMADA,NARMADA AGROBASE LIMITED,        13.62,        13.65,        13.79,        13.35,        13.51,                  3334588.74,246596,N, ,646,        45.17,        13.01
N,EQ,NATCOPHARM,NATCO PHARMA LTD.,       838.30,       839.00,       841.80,       826.50,       828.65,                370453631.15,445370,N, ,34975,      1226.80,       789.00
N,EQ,NATHBIOGEN,NATH BIO-GENES (I) LTD,       153.07,       154.00,       154.94,       151.66,       153.12,                  1141388.04,7468,N, ,183,       204.00,       126.15
N,EQ,NATIONALUM,NATIONAL ALUMINIUM CO LTD,       374.00,       376.00,       378.95,       372.75,       374.10,               2070277862.75,5517970,N, ,60913,       445.15,       186.75
N,EQ,NATIONSTD,NATIONAL STAND (INDIA) L,       104.75,       106.50,       108.06,       104.00,       107.74,                  1784538.65,16687,N, ,651,      1519.95,        98.27
N,EQ,NAUKRI,INFO EDGE (I) LTD,      1330.00,      1330.50,      1349.50,      1313.10,      1319.80,                736786071.90,556306,N, ,32323,      1433.60,       908.30
N,EQ,NAVA,NAVA LIMITED,       557.20,       558.50,       562.95,       556.50,       560.20,                107657977.90,192328,N, ,6564,       739.40,       501.65
N,EQ,NAVINFLUOR,NAVIN FLUORINE INT. LTD,      8697.00,      8700.00,      8700.00,      8512.00,      8557.50,               1125883748.50,131131,N, ,24980,      8775.50,      4498.50
N,EQ,NAVKARCORP,NAVKAR CORPORATION LTD.,        97.44,        97.51,        99.41,        96.00,        96.24,                 22356555.54,230610,N, ,2050,       132.50,        74.05
N,EQ,NAVNETEDUL,NAVNEET EDUCATION LTD,       132.08,       132.75,       132.75,       130.88,       131.21,                 10240983.01,77764,N, ,874,       168.50,       121.50
N,EQ,NAZARA,NAZARA TECHNOLOGIES LTD,       365.80,       366.80,       370.95,       363.25,       368.65,                400026821.50,1088812,N, ,13592,      1177.90,       215.70
N,EQ,NBCC,NBCC (INDIA) LIMITED,        86.50,        86.50,        87.35,        86.31,        86.60,                221150446.46,2548390,N, ,16051,       125.85,        77.18
N,EQ,NBIFIN,N.B.I. IND. FIN. CO. LTD,      1983.40,      1971.70,      1998.60,      1960.00,      1981.90,                 10446802.90,5313,N, ,51,      2991.00,      1539.00
N,EQ,NCC,NCC LIMITED,       147.24,       146.60,       150.45,       145.87,       149.70,                320916227.67,2168692,N, ,21637,       222.31,       130.00
N,EQ,NCLIND,NCL INDUSTRIES LIMITED,       177.36,       176.01,       179.00,       175.52,       177.81,                  5200378.58,29351,N, ,2878,       220.39,       147.50
N,EQ,NDGL,NAGA DHUNSERI GROUP LTD,      2757.60,      2760.00,      2840.00,      2735.50,      2787.70,                  1092511.60,392,N, ,77,      4085.00,      2100.00
N,EQ,NDL,NANDAN DENIM LIMITED,         2.83,         2.83,         2.87,         2.80,         2.83,                  3416871.55,1205958,N, ,1098,         3.75,         1.80
N,EQ,NDLVENTURE,NDL VENTURES LIMITED,       123.01,       123.90,       125.10,       123.18,       124.72,                  2314819.71,18630,N, ,178,       140.00,        80.00
N,EQ,NDRAUTO,NDR AUTO COMPONENTS LTD,       724.20,       727.80,       729.00,       716.80,       723.45,                  6024804.80,8337,N, ,872,      1186.60,       605.05
N,EQ,NDTV,NDTV LTD,        70.66,        71.00,        75.30,        70.75,        74.27,                 17345340.29,236637,N, ,1764,       159.53,        58.75
N,EQ,NEAGI,NEELAMALAI AGRO INDS. L,      3370.10,      3300.10,      3300.10,      3300.10,      3300.10,                     3300.10,1,N, ,1,      3600.00,      3001.00
N,EQ,NECLIFE,NECTAR LIFESCIENCES LTD.,        12.17,        12.20,        12.49,        12.11,        12.19,                  2507347.93,205001,N, ,361,        22.40,         9.30
N,EQ,NELCAST,NELCAST LIMITED,       118.76,       118.76,       119.48,       116.50,       116.99,                 10341702.69,88011,N, ,1262,       173.20,        85.98
N,EQ,NELCO,NELCO LTD,       933.75,       939.50,       942.75,       908.00,       911.25,                147264082.25,159766,N, ,7697,      1120.00,       500.10
N,SM,NEOCHEM,NEOCHEM BIO SOLUTIONS LTD,        96.10,        94.05,        98.05,        94.00,        95.25,                  1488840.00,15600,N, ,10,       121.00,        63.00
N,EQ,NEOGEN,NEOGEN CHEMICALS LIMITED,      2137.10,      2149.00,      2172.60,      2123.00,      2137.90,                189807136.40,88400,N, ,19344,      2483.90,       966.70
N,SM,NEPHROCARE,NEPHRO CARE INDIA LIMITED,        98.00,        98.00,        98.50,        89.95,        93.55,                  2523720.00,26800,N, ,58,       173.95,        50.05
N,EQ,NEPHROPLUS,NEPHROCARE HEALTH SERV L,       706.75,       711.85,       720.00,       692.00,       697.05,                139836547.60,197509,N, ,11171,       769.75,       446.00
N,SM,NEPTUNE,NEPTUNE PETROCHEMICALS L,       174.00,       175.00,       175.00,       175.00,       175.00,                    87500.00,500,N, ,1,       246.90,       137.00
N,EQ,NESCO,NESCO LTD.,      1044.80,      1039.50,      1066.80,      1039.50,      1047.60,                 50679111.20,48170,N, ,4726,      1638.90,       996.00
N,EQ,NETWEB,NETWEB TECH INDIA LTD,      5270.00,      5297.50,      5424.00,      5164.50,      5193.00,               9614867528.50,1816227,N, ,130017,      5813.00,      2200.10
N,EQ,NETWORK18,NETWORK18 MEDIA & INV LTD,        27.55,        27.56,        28.53,        27.56,        28.38,                 98244784.81,3493333,N, ,8433,        58.10,        27.01
N,EQ,NEULANDLAB,NEULAND LAB LTD.,     22890.00,     23095.00,     23095.00,     22550.00,     22660.00,                481285770.00,21110,N, ,6268,     23881.00,     11500.00
N,EQ,NEWGEN,NEWGEN SOFTWARE TECH LTD,       517.65,       522.00,       543.95,       522.00,       524.80,               1150974790.50,2160906,N, ,48574,      1041.95,       401.05
N,EQ,NEXTMEDIA,NEXT MEDIAWORKS LIMITED,         4.00,         3.86,         4.12,         3.86,         3.89,                   214224.20,54384,N, ,149,         8.48,         3.16
N,EQ,NFL,NATIONAL FERT. LTD,        70.33,        70.34,        70.88,        70.34,        70.51,                 28290910.11,400837,N, ,2425,       102.97,        63.35
N,SM,NFPSAMPOOR,NFP SAMPOORNA FOODS LTD,        20.50,        20.60,        20.60,        20.60,        20.60,                   123600.00,6000,N, ,3,        54.50,        20.45
N,EQ,NGIL,NAKODA GROUP OF IND. LTD,        40.24,        41.04,        41.04,        39.55,        40.58,                   211195.10,5259,N, ,40,        43.89,        22.01
N,EQ,NGLFINE,NGL FINE CHEM LIMITED,      2940.80,      2940.00,      2981.90,      2890.50,      2907.50,                 20808862.30,7107,N, ,1535,      3602.00,      1271.00
N,EQ,NH,NARAYANA HRUDAYALAYA LTD.,      1882.20,      1881.00,      1898.80,      1850.50,      1858.50,                393212322.30,210266,N, ,27450,      2093.30,      1589.00
N,EQ,NHPC,NHPC LTD,        76.45,        76.39,        76.75,        75.91,        76.25,                310146281.24,4059538,N, ,21579,        89.22,        71.62
N,EQ,NIACL,THE NEW INDIA ASSU CO LTD,       195.33,       196.49,       234.39,       196.49,       229.91,              14930434679.00,66928665,N, ,399899,       234.39,       116.97
N,EQ,NIBE,NIBE LIMITED,      1322.00,      1327.00,      1349.00,      1325.00,      1336.60,                 38526842.00,28848,N, ,2713,      1848.00,       809.60
N,EQ,NIBL,NRB INDUS. BEARINGS LTD.,        30.76,        30.51,        31.64,        30.51,        30.80,                   212179.62,6851,N, ,83,        40.80,        24.06
N,EQ,NICCOPAR,NICCO PARKS & RESORTS LTD,        78.20,        77.51,        83.99,        77.43,        79.55,                   230703.55,2885,N, ,71,        98.99,        72.00
N,SM,NIDAN,NIDAN LABS AND HEALTH LTD,        14.85,        15.45,        15.45,        14.10,        14.10,                    89500.00,6000,N, ,6,        24.90,        11.50
N,EQ,NIITLTD,NIIT LIMITED,        97.57,        97.50,       100.57,        97.50,        98.96,                 25343474.04,255516,N, ,3016,       116.40,        49.00
N,EQ,NIITMTS,NIIT LEARNING SYSTEMS LTD,       222.91,       229.99,       229.99,       222.21,       225.94,                 22574341.77,100147,N, ,3678,       443.90,       203.30
N,SM,NIKITA,NIKITA GRENTEC RECYCL LTD,        71.55,        72.50,        72.50,        72.50,        72.50,                   174000.00,2400,N, ,2,       156.00,        67.15
N,EQ,NILAINFRA,NILA INFRASTRUCTURES LTD,         6.70,         6.70,         6.75,         6.62,         6.67,                  1468805.32,220311,N, ,551,        11.55,         5.90
N,EQ,NILASPACES,NILA SPACES LIMITED,        12.28,        12.45,        12.54,        12.18,        12.23,                  8180127.99,666134,N, ,1272,        20.47,        11.35
N,EQ,NILE,NILE LTD.,      1470.50,      1456.00,      1492.00,      1450.30,      1465.80,                  4170838.10,2840,N, ,431,      2018.90,      1437.10
N,EQ,NILKAMAL,NILKAMAL LIMITED,      2111.10,      2101.80,      2130.00,      2081.00,      2116.50,                 40349447.00,19143,N, ,2435,      2149.50,      1050.50
N,EQ,NIMBSPROJ,NIMBUS PROJECTS LIMITED,       151.93,       154.00,       154.00,       144.34,       147.84,                   647697.00,4411,N, ,197,       231.23,       144.34
N,EQ,NINSYS,NINTEC SYSTEMS LIMITED,       709.25,       716.90,       716.95,       702.60,       712.75,                  2001776.10,2822,N, ,410,       935.00,       281.05
N,EQ,NIPPOBATRY,INDO-NATIONAL LIMITED,       324.00,       323.75,       333.55,       323.00,       331.75,                   727709.60,2225,N, ,142,       505.90,       257.00
N,EQ,NIRAJ,NIRAJ CEMENT STRUC LTD,        29.13,        29.10,        29.40,        28.37,        28.72,                   875323.03,30448,N, ,230,        51.98,        20.15
N,EQ,NIRLON,NIRLON LTD,       621.60,       621.60,       624.50,       610.00,       620.00,                  6356861.70,10246,N, ,596,       657.00,       604.60
N,SM,NIRMAN,NIRMAN AGRI GENTICS LTD,        28.35,        29.00,        29.50,        28.20,        28.30,                   351540.00,12300,N, ,23,       231.00,        28.00
N,EQ,NITCO,NITCO LIMITED,        96.28,        96.70,        97.00,        94.95,        96.10,                 43143194.89,449640,N, ,3222,       126.00,        64.00
N,EQ,NITINSPIN,NITIN SPINNERS LIMITED,       640.25,       640.25,       644.40,       633.70,       639.05,                 40419328.75,63257,N, ,2393,       649.55,       302.20
N,EQ,NITIRAJ,NITIRAJ ENGINEERS LTD,       205.13,       207.95,       241.00,       200.00,       219.19,                  8681735.30,38842,N, ,707,       241.00,       168.00
N,EQ,NITTAGELA,NITTA GELATIN INDIA LTD.,      1639.10,      1600.30,      1654.00,      1600.00,      1632.50,                  8783004.80,5396,N, ,650,      2087.20,       837.05
N,EQ,NIVABUPA,NIVA BUPA HEALTH INS CO L,        80.73,        80.75,        81.07,        79.51,        80.11,                 64469835.32,804923,N, ,9110,        91.40,        67.50
N,EQ,NKIND,NK INDUSTRIES LTD,        56.32,        58.85,        59.90,        57.01,        57.10,                    55511.18,937,N, ,24,        87.78,        49.66
N,EQ,NLCINDIA,NLC INDIA LIMITED,       274.90,       277.00,       277.10,       272.05,       273.05,                195575108.75,714404,N, ,14879,       387.80,       224.95
N,EQ,NMDC,NMDC LTD.,        84.19,        84.52,        85.18,        84.26,        84.70,               1119930898.12,13224234,N, ,36754,        97.49,        68.83
N,SM,NMSTEEL,NEWMALAYALAM STEEL LTD,        23.90,        23.80,        24.00,        23.70,        23.85,                   190480.00,8000,N, ,5,        39.15,        17.40
N,EQ,NOCIL,NOCIL LIMITED,       171.80,       172.30,       174.50,       170.00,       172.44,                 69494102.48,403591,N, ,4384,       204.50,       125.31
N,EQ,NOIDATOLL,NOIDA TOLL BRIDGE CO LTD,         4.27,         4.27,         4.27,         4.03,         4.14,                   713398.93,171080,N, ,292,         7.43,         2.87
N,EQ,NORBTEAEXP,NORBEN TEA & EXPORTS LTD,        68.55,        71.80,        71.80,        67.00,        70.69,                    52937.80,752,N, ,16,        99.35,        40.00
N,EQ,NORTHARC,NORTHERN ARC CAPITAL LTD,       304.60,       306.70,       307.10,       299.15,       302.15,                329363673.85,1089238,N, ,13431,       334.00,       206.00
N,EQ,NOVARTIND,NOVARTIS INDIA LIMITED,      1614.10,      1614.90,      1665.00,      1614.90,      1646.70,                 37090429.00,22436,N, ,1889,      1780.00,      1402.00
N,EQ,NPST,NETWORK PEOPLE SRV TECH L,      1718.40,      1720.90,      1775.00,      1705.00,      1718.80,                 98435352.10,56393,N, ,5758,      2208.60,       846.60
N,EQ,NRAIL,N R AGARWAL INDS LTD,       496.05,       498.95,       595.25,       496.05,       584.00,                 89869362.85,157426,N, ,5383,       595.25,       357.30
N,EQ,NRBBEARING,NRB BEARING LIMITED,       451.05,       453.90,       453.90,       443.60,       447.00,                 87328403.30,195054,N, ,6815,       503.90,       212.55
N,SM,NRVANDANA,N R VANDANA TEX IND LTD,        68.10,        69.90,        69.90,        69.90,        69.90,                   209700.00,3000,N, ,1,        82.90,        41.00
N,EQ,NSIL,NALWA SONS INVESTMENT LTD,      5683.00,      5683.00,      5799.00,      5636.00,      5721.50,                 24819823.00,4333,N, ,454,      6050.00,      4700.00
N,EQ,NSLNISP,NMDC STEEL LIMITED,        45.40,        45.61,        46.50,        44.97,        46.02,                235298292.99,5132127,N, ,16995,        53.75,        33.01
N,EQ,NTCIND,N T C INDUSTRIES LTD.,       132.95,       139.00,       139.00,       130.26,       133.16,                  1057015.13,7739,N, ,169,       155.00,       126.30
N,EQ,NTPCGREEN,NTPC GREEN ENERGY LIMITED,        88.73,        88.74,        89.50,        88.65,        89.36,                122199187.80,1370420,N, ,17094,       119.95,        84.00
N,EQ,NUCLEUS,NUCLEUS SOFTWARE EXPORTS,       740.00,       740.00,       743.45,       726.00,       729.15,                 28382105.45,38501,N, ,1562,      1084.80,       682.00
N,EQ,NUVAMA,NUVAMA WEALTH MANAGE LTD,      1839.20,      1856.00,      1862.80,      1796.40,      1815.60,                481811354.40,263032,N, ,33688,      7640.00,      1096.90
N,EQ,NUVOCO,NUVOCO VISTAS CORP LTD,       338.10,       336.65,       354.80,       336.45,       352.15,                518937072.50,1482368,N, ,33070,       477.50,       276.25
N,RR,NXST,NEXUS SELECT TRUST,       167.80,       168.00,       168.20,       163.40,       165.89,                185314713.61,1115181,N, ,5277,       191.90,       143.50
N,EQ,NYKAA,FSN E COMMERCE VENTURES,       334.20,       332.15,       336.15,       332.00,       332.50,                720378897.80,2156326,N, ,19333,       349.55,       227.90
N,EQ,OAL,ORIENTAL AROMATICS LTD,       502.30,       507.00,       532.50,       503.70,       519.90,                 94379961.45,181436,N, ,8166,       532.50,       228.00
N,EQ,OBCL,OBCL LIMITED,        54.99,        55.13,        55.70,        55.10,        55.19,                    59145.35,1073,N, ,18,        62.00,        46.51
N,EQ,OBEROIRLTY,OBEROI REALTY LIMITED,      1902.00,      1914.00,      1932.80,      1874.00,      1875.60,               1116248950.90,585940,N, ,45289,      1986.10,      1391.20
N,SM,OBSCP,OBSC PERFECTION LIMITED,       841.90,       848.05,       856.95,       833.15,       835.75,                 22207880.00,26400,N, ,63,       921.00,       269.95
N,EQ,ODIGMA,ODIGMA CONSULTANCY SOL L,        23.47,        23.99,        23.99,        23.21,        23.45,                   273154.13,11579,N, ,300,        56.09,        20.00
N,EQ,ODYCORP,ODYSSEY CORPORATION LTD.,         6.93,         6.93,         8.31,         6.81,         7.46,                  2401186.19,311228,N, ,678,         8.48,         5.71
N,EQ,OFSS,ORACLE FIN SERV SOFT LTD.,     12149.00,     12199.00,     12348.00,     12028.00,     12058.00,               2025477054.00,166477,N, ,32216,     12540.00,      6234.50
N,EQ,OIL,OIL INDIA LTD,       490.00,       492.00,       492.55,       486.50,       488.30,                616213591.55,1259478,N,XD,18062,       531.00,       388.80
N,EQ,OLAELEC,OLA ELECTRIC MOBILITY LTD,        37.47,        37.65,        38.95,        37.56,        38.20,               1621617172.16,42570426,N, ,88750,        71.25,        22.25
N,EQ,OLECTRA,OLECTRA GREENTECH LIMITED,      1244.80,      1247.00,      1260.70,      1223.20,      1229.00,                311381847.30,251277,N, ,16875,      1714.20,       866.60
N,SM,OLIL,ONECLICK LOGISTICS IND L,       408.65,       404.00,       427.05,       399.10,       427.05,                  9499900.00,23200,N, ,54,       479.90,       210.50
N,EQ,OMAXAUTO,OMAX AUTOS LTD,       183.59,       183.59,       186.58,       181.30,       183.07,                  3414123.77,18555,N, ,754,       263.40,        84.50
N,EQ,OMAXE,OMAXE LIMITED,       127.29,       128.42,       138.89,       127.01,       136.38,                750341842.41,5607789,N, ,33417,       138.89,        62.50
N,SM,OMFURN,OMFURN INDIA LIMITED,        56.50,        55.00,        55.00,        53.85,        53.85,                   195240.00,3600,N, ,3,       140.00,        38.00
N,EQ,OMINFRAL,OM INFRA LIMITED,        82.68,        82.00,        86.00,        81.89,        84.43,                  5701653.19,68243,N,XD,1144,       144.00,        71.50
N,EQ,OMNI,OMNITECH ENGINEERING LTD,       519.25,       523.00,       529.85,       518.80,       526.00,                159498382.30,303506,N, ,13530,       764.85,       176.25
N,EQ,OMPOWER,OM POWER TRANSMISSION LTD,       171.09,       171.23,       176.90,       170.20,       175.68,                 13222768.76,75803,N, ,1189,       206.00,       158.01
N,SM,ONDOOR,ON DOOR CONCEPTS LIMITED,       291.55,       312.55,       340.00,       281.00,       289.60,                  3693870.00,12300,N, ,35,       340.00,       100.00
N,EQ,ONEGLOBAL,ONE GLOBAL SERVICE PROV L,       527.15,       547.80,       552.95,       530.35,       542.40,                  9202248.80,16907,N, ,1044,       580.00,       494.00
N,EQ,ONEPOINT,ONE POINT ONE SOL LTD,        54.62,        54.60,        58.77,        54.51,        57.01,                154401863.76,2688123,N, ,12028,        65.85,        40.58
N,EQ,ONESOURCE,ONESOURCE SPECL PHARMA L,      1575.70,      1585.00,      1596.30,      1526.00,      1537.80,                175398108.30,112994,N, ,12742,      1925.00,      1057.00
N,EQ,ONIDA,ONIDA ELECTRONICS LIMITED,        34.35,        34.30,        34.89,        33.56,        34.64,                  8369120.44,244072,N, ,1221,        49.23,        21.50
N,EQ,ONIXSOLAR,ONIX SOLAR ENERGY LTD.,       384.00,       402.00,       403.20,       399.95,       403.20,                106798108.35,265016,N, ,830,       403.20,       262.45
N,EQ,ONWARDTEC,ONWARD TECHNOLOGIES LTD,       283.30,       283.30,       288.00,       280.00,       284.35,                 10554954.85,37115,N, ,1092,       357.00,       208.25
N,EQ,OPTIEMUS,OPTIEMUS INFRACOM LTD,       564.85,       569.10,       579.25,       562.10,       569.30,                 34903944.25,61281,N, ,4692,       713.00,       288.00
N,EQ,OPTIFIN,OPTIMUS FINANCE LTD.,        14.98,        14.98,        15.87,        14.25,        14.84,                  2557840.68,167616,N, ,491,        15.87,        11.25
N,SM,OPTIMYSTIX,OPTIMYSTIX ENT INDIA LTD,       144.60,       145.00,       150.00,       140.00,       141.85,                  6703080.00,46400,N, ,43,       195.00,       140.00
N,EQ,ORCHASP,ORCHASP LIMITED,         1.41,         1.43,         1.43,         1.38,         1.39,                   110692.43,79157,N, ,136,         4.16,         1.25
N,EQ,ORCHPHARMA,ORCHID PHARMA LIMITED,       934.65,       937.00,       965.45,       934.70,       954.65,                 39620833.85,41657,N, ,3178,      1133.00,       480.00
N,SM,ORIANA,ORIANA POWER LIMITED,      1239.70,      1251.00,      1251.00,      1181.00,      1205.70,                 88427857.50,73425,N, ,825,      3064.00,      1174.95
N,EQ,ORICONENT,ORICON ENTERPRISES LTD,        52.99,        53.20,        54.70,        52.66,        54.15,                  1218938.67,22589,N, ,601,        73.12,        48.81
N,EQ,ORIENTALTL,ORIENTAL TRIMEX LTD,         5.02,         5.07,         5.64,         4.93,         5.31,                  1689287.32,322042,N, ,661,        11.99,         4.40
N,EQ,ORIENTBELL,ORIENT BELL LIMITED,       412.65,       417.00,       423.95,       410.00,       420.10,                 28832914.80,69026,N, ,1949,       423.95,       246.55
N,EQ,ORIENTCEM,ORIENT CEMENT LTD.,       128.48,       128.00,       130.21,       128.00,       129.68,                 15304845.19,118199,N, ,1215,       237.29,       122.32
N,EQ,ORIENTCER,ORIENT CERATECH LIMITED,        43.94,        44.30,        45.80,        43.72,        43.91,                  3251822.33,73584,N, ,1770,        56.64,        34.00
N,EQ,ORIENTELEC,ORIENT ELECTRIC LIMITED,       178.15,       179.00,       181.28,       176.57,       179.19,                 13208607.27,74074,N, ,1795,       219.00,       149.05
N,EQ,ORIENTHOT,ORIENT HOTELS LTD,       141.96,       142.48,       142.48,       139.06,       139.93,                 42335423.48,301159,N, ,1630,       149.50,        80.00
N,EQ,ORIENTPPR,ORIENT PAPER AND INDS LTD,        17.13,        17.14,        17.35,        17.00,        17.08,                  1729618.60,100814,N, ,510,        29.00,        13.25
N,EQ,ORIENTTECH,ORIENT TECHNOLOGIES LTD,       238.75,       239.88,       242.00,       236.44,       238.39,                 15245778.83,63818,N, ,1959,       513.40,       220.80
N,EQ,ORIRAIL,ORIENTAL RAIL INFRA L,       125.72,       125.30,       134.94,       125.30,       130.76,                 34464112.87,263412,N, ,1978,       142.00,       102.80
N,EQ,ORISSAMINE,ORISSA MIN DEV CO LTD,      4290.30,      4302.00,      4350.00,      4270.10,      4311.70,                 20936066.70,4863,N, ,1181,      6138.90,      3100.50
N,EQ,ORKLAINDIA,ORKLA INDIA LIMITED,       588.50,       585.10,       598.70,       585.10,       594.15,                 50306192.90,84660,N, ,6301,       760.00,       533.25
N,EQ,ORTINGLOBE,ORTIN GLOBAL LIMITED,        15.02,        15.70,        15.77,        15.20,        15.67,                   153252.74,9743,N, ,66,        21.30,        10.66
N,SM,OSELDEVICE,OSEL DEVICES LIMITED,       383.90,       398.40,       398.40,       381.10,       385.15,                  3629480.00,9400,N, ,46,       835.00,       357.15
N,EQ,OSWALAGRO,OSWAL AGRO MILLS LTD,        36.88,        36.88,        37.29,        36.50,        36.66,                   773801.06,21089,N, ,180,        81.00,        33.40
N,EQ,OSWALGREEN,OSWAL GREENTECH LIMITED,        19.86,        20.00,        20.63,        20.00,        20.39,                  3215205.41,158014,N, ,1301,        43.79,        19.55
N,EQ,OSWALPUMPS,OSWAL PUMPS LIMITED,       279.55,       282.85,       291.50,       278.00,       279.20,                241820863.70,858028,N, ,14523,       846.00,       275.20
N,EQ,OSWALSEEDS,SHREEOSWAL S AND CHE LTD,        11.92,        11.61,        12.00,        11.61,        11.72,                   573484.15,48433,N, ,230,        20.28,         9.66
N,EQ,PACEDIGITK,PACE DIGITEK LIMITED,       166.23,       167.50,       168.39,       166.12,       167.59,                 85815387.14,512494,N, ,6052,       231.95,       139.81
N,EQ,PACIFICI,PACIFIC INDUSTRIES LTD.,       145.00,       140.05,       149.00,       137.15,       143.82,                    40931.79,288,N, ,31,       160.00,       111.15
N,EQ,PAGEIND,PAGE INDUSTRIES LTD,     35865.00,     35865.00,     36370.00,     35680.00,     36300.00,                524991635.00,14523,N, ,6597,     45890.00,     29805.00
N,EQ,PAISALO,PAISALO DIGITAL LIMITED,        70.28,        71.65,        74.20,        70.05,        74.10,               2279945788.20,31201929,N, ,54941,        77.39,        30.00
N,EQ,PAKKA,PAKKA LIMITED,        73.64,        73.95,        74.98,        72.05,        73.71,                  8785950.84,119489,N, ,3006,       178.84,        69.10
N,EQ,PALASHSECU,PALASH SECURITIES LTD,        88.43,        91.70,        91.70,        89.00,        90.17,                    38851.72,427,N, ,10,       134.80,        79.01
N,EQ,PANACEABIO,PANACEA BIOTEC LTD,       389.05,       389.00,       396.40,       380.00,       381.25,                 21703758.90,56486,N, ,2070,       647.00,       292.40
N,EQ,PANAMAPET,PANAMA PETROCHEM LTD,       484.55,       489.00,       497.85,       479.00,       495.45,                118972200.10,242825,N, ,6523,       599.60,       229.00
N,EQ,PANORAMA,PANORAMA STUDIOS INTL. L,        45.83,        46.00,        48.00,        44.60,        47.41,                 22283573.07,473879,N, ,1614,        51.00,        40.00
N,EQ,PANSARI,PANSARI DEVELOPERS LTD,       300.00,       301.00,       310.40,       292.00,       300.05,                   177174.00,589,N, ,31,       388.90,       233.30
N,EQ,PARACABLES,PARAMOUNT COMM LTD,        64.30,        64.10,        69.00,        64.00,        65.51,                300610733.88,4472304,N, ,19294,        75.70,        28.30
N,EQ,PARADEEP,PARADEEP PHOSPHATES LTD,       153.53,       154.00,       157.68,       152.50,       157.00,                587418878.95,3778120,N,XD,39668,       231.00,        99.70
N,EQ,PARAGMILK,PARAG MILK FOODS LTD.,       254.20,       255.00,       255.70,       247.05,       249.60,                153227135.10,613677,N, ,7759,       376.95,       177.84
N,SM,PARAGON,PARAGON FINE S.C. LTD.,        48.00,        49.00,        50.00,        47.50,        47.50,                   411060.00,8400,N, ,6,        63.00,        34.10
N,SM,PARAMOUNT,PARAMOUNT DYE TEC LIMITED,        35.10,        36.85,        36.85,        36.85,        36.85,                    88440.00,2400,N, ,2,        64.00,        29.85
N,EQ,PARAS,PARAS DEF AND SPCE TECH L,      1411.50,      1415.80,      1439.90,      1410.00,      1414.90,                785278692.70,552173,N, ,26678,      1585.00,       580.50
N,EQ,PARASPETRO,PARAS PETROFILS LTD.,         2.13,         2.23,         2.23,         2.11,         2.14,                   241498.83,112807,N, ,216,         3.23,         1.53
N,SM,PARIN,PARIN ENTERPRISES LIMITED,       713.85,       735.00,       735.00,       699.00,       716.30,                  6116300.00,8500,N, ,30,       748.00,       440.00
N,EQ,PARKHOSPS,PARK MEDI WORLD LIMITED,       286.70,       289.00,       289.35,       283.75,       286.25,                144649293.65,504932,N, ,5915,       305.00,       138.10
N,EQ,PARKHOTELS,PARKHOTELS,       113.14,       112.95,       113.70,       111.82,       112.18,                 17400151.70,155104,N, ,1559,       164.10,        95.10
N,EQ,PARNAXLAB,PARNAX LAB LTD.,       135.54,       135.54,       135.54,       130.00,       134.80,                    98274.97,736,N, ,40,       144.95,       108.03
N,SM,PARTH,PARTH ELEC & ENG LTD,       537.00,       537.50,       545.00,       523.00,       525.70,                  7226020.00,13600,N, ,32,       546.00,       188.55
N,EQ,PASHUPATI,PASHUPATI COTSPIN LIMITED,        83.10,        83.50,        83.50,        81.30,        81.94,                  2077643.14,25243,N, ,932,      1036.40,        67.75
N,EQ,PATANJALI,PATANJALI FOODS LIMITED,       342.90,       345.00,       345.75,       341.20,       342.50,                600421012.45,1749871,N, ,8505,      1845.00,       328.20
N,EQ,PATELENG,PATEL ENGINEERING LTD.,        27.11,        27.12,        27.50,        27.00,        27.28,                 63590996.26,2330616,N, ,8796,        42.77,        22.00
N,EQ,PATELRMART,PATEL RETAIL LIMITED,       220.58,       221.90,       221.90,       217.30,       218.32,                  5100649.76,23300,N, ,880,       269.30,       150.25
N,SM,PATILAUTOM,PATIL AUTOMATION LIMITED,       264.45,       265.05,       284.90,       265.00,       279.35,                 74184060.00,271800,N, ,351,       284.90,       112.05
N,EQ,PAUSHAKLTD,PAUSHAK LIMITED,       806.15,       808.00,       816.45,       781.00,       785.50,                 25198556.45,31723,N, ,2491,       826.75,       342.50
N,EQ,PAVNAIND,PAVNA INDUSTRIES LIMITED,        16.87,        16.72,        18.30,        16.72,        17.22,                   831863.60,48040,N, ,462,        43.80,        14.11
N,EQ,PAYTM,ONE 97 COMMUNICATIONS LTD,      1637.00,      1635.20,      1697.70,      1626.60,      1659.50,               8666964801.00,5191803,N, ,102813,      1732.30,       930.60
N,EQ,PBMPOLY,P B M POLYTEX LTD.,        58.67,        59.30,        64.00,        57.14,        61.00,                    31599.23,528,N, ,9,        72.20,        56.53
N,EQ,PCBL,PCBL CHEMICAL LIMITED,       314.25,       315.70,       318.40,       315.15,       317.00,                196675808.25,621744,N, ,9849,       425.95,       226.50
N,SM,PCCL,PETRO CARBON AND CHEMI L,       440.55,       444.95,       444.95,       423.05,       425.15,                  6240180.00,14400,N, ,22,       444.95,       168.40
N,EQ,PCJEWELLER,PC JEWELLER LTD,        10.52,        10.60,        12.17,        10.51,        11.86,              12427450209.39,1088942848,N, ,285367,        15.38,         7.47
N,EQ,PDMJEPAPER,PUDUMJEE PAPER PRO. LTD,        94.57,        96.00,        96.06,        92.70,        93.22,                  8107159.55,86197,N, ,1518,       136.00,        65.00
N,EQ,PDSL,PDS LIMITED,       353.90,       356.00,       361.25,       352.50,       358.50,                 34790247.55,97344,N, ,4396,       418.50,       246.05
N,EQ,PEARLPOLY,PEARL POLYMERS LTD,        15.29,        15.05,        15.90,        15.00,        15.08,                   220500.86,14296,N, ,168,        35.02,         5.15
N,SM,PELATRO,PELATRO LIMITED,       364.00,       364.00,       395.00,       356.00,       391.75,                 16891605.00,44400,N, ,107,       440.00,       246.00
N,EQ,PENIND,PENNAR INDUSTRIES LTD,       166.88,       168.70,       171.00,       167.02,       169.56,                 80693088.29,477553,N, ,5875,       279.90,       129.10
N,SM,PENTAGON,PENTAGON RUBBER LIMITED,        74.85,        82.30,        82.30,        82.20,        82.30,                  2715650.00,33000,N, ,27,        99.50,        49.15
N,EQ,PERMAGN,PERMANENT MAGNETS LTD.,       876.60,       889.95,       906.10,       868.05,       888.20,                  2630444.25,2962,N, ,360,       929.00,       784.05
N,EQ,PERSISTENT,PERSISTENT SYSTEMS LTD,      5657.00,      5680.00,      5724.50,      5634.00,      5643.00,               1716668563.50,302507,N, ,22664,      6599.00,      4244.50
N,EQ,PETRONET,PETRONET LNG LIMITED,       289.50,       290.25,       292.15,       287.80,       288.10,                409960104.10,1412952,N, ,29476,       326.40,       235.35
N,EQ,PFIZER,PFIZER LTD,      4643.70,      4628.20,      4667.90,      4575.00,      4609.70,                151183048.90,32739,N, ,3276,      5578.50,      4360.10
N,EQ,PFOCUS,PRIME FOCUS LIMITED,       291.65,       298.95,       309.95,       289.85,       307.00,                588946594.50,1960283,N, ,31885,       367.00,       139.04
N,EQ,PFS,PTC INDIA FIN SERV LTD,        27.11,        27.40,        27.73,        26.75,        26.94,                 13081786.28,481425,N, ,2116,        40.50,        23.85
N,EQ,PGEL,PG ELECTROPLAST LTD,       553.90,       554.90,       564.00,       552.05,       562.30,                554311658.00,990864,N, ,20888,       644.40,       436.55
N,EQ,PGHH,P&G HYGIENE & HEALTH CARE,      7725.00,      7725.00,      7754.50,      7659.00,      7667.50,                162066881.50,21072,N, ,6081,     14509.00,      7659.00
N,EQ,PGHL,PROCTER & GAMBLE HEALTH L,      5757.50,      5757.50,      5780.00,      5650.00,      5660.00,                 41204672.50,7255,N, ,2559,      6975.00,      4707.00
N,EQ,PGIL,PEARL GLOBAL IND LIMITED,      2329.00,      2316.70,      2329.10,      2268.30,      2278.30,                187776070.00,82043,N, ,13315,      2539.60,      1178.10
N,IV,PGINVIT,POWERGRID INFRA. INVITS,       100.50,       100.57,       101.30,       100.01,       101.17,                 97000873.60,962443,N, ,5825,       102.00,        86.30
N,SM,PHANTOMFX,PHANTOM DIGITAL EFF LTD,       112.95,       112.25,       119.80,       112.25,       116.85,                  3638655.00,31200,N, ,51,       311.00,       112.25
N,EQ,PHOENIXLTD,THE PHOENIX MILLS LTD,      1960.00,      1961.50,      1969.30,      1935.50,      1942.00,                514432177.60,263929,N, ,26302,      2169.80,      1465.60
N,EQ,PHOENXINTL,PHOENIX INTERNATIONAL LTD,        29.48,        32.50,        32.50,        28.52,        29.01,                   152635.81,5152,N, ,84,        35.64,        27.61
N,EQ,PICCADIL,PICCADILY AGRO INDUSTRI L,       620.50,       623.60,       629.80,       612.00,       615.75,                103408799.35,167134,N, ,9013,       809.70,       515.00
N,EQ,PIGL,POWER INSTRUMENT (G) LTD,        99.83,       101.80,       101.80,        98.20,        98.78,                  2832921.73,28460,N, ,516,       189.70,        88.05
N,EQ,PIIND,PI INDUSTRIES LTD,      2419.90,      2415.00,      2509.00,      2410.00,      2465.00,               1029374226.80,415878,N, ,27586,      3832.90,      2353.50
N,EQ,PILANIINVS,PILANI INV & IND COR LTD,      4354.50,      4360.00,      4375.40,      4322.00,      4323.80,                  3034304.90,699,N, ,219,      5039.40,      4092.20
N,EQ,PILITA,PIL ITALICA LIFESTYLE LTD,         7.95,         8.27,         8.27,         7.75,         8.02,                   321050.26,40149,N, ,139,        15.90,         6.20
N,EQ,PINELABS,PINE LABS LIMITED,       156.50,       157.40,       168.20,       155.38,       166.37,               7653141490.06,46587163,N, ,205278,       284.00,       134.73
N,EQ,PIONEEREMB,PIONEER EMBROIDERIES LTD,        21.65,        21.65,        21.70,        20.86,        21.36,                  1323864.69,62157,N, ,139,        39.20,        19.61
N,EQ,PIRAMALFIN,PIRAMAL FINANCE LIMITED,      2232.90,      2221.00,      2258.30,      2201.60,      2225.00,                220718571.40,98603,N, ,14090,      2324.00,      1260.00
N,EQ,PITTIENG,PITTI ENGINEERING LIMITED,      1105.10,      1112.00,      1112.00,      1073.00,      1084.90,                 53096321.70,48625,N, ,3924,      1168.00,       675.00
N,EQ,PIXTRANS,PIX TRANSMISSIONS LIMITED,      1799.40,      1799.60,      1810.00,      1777.00,      1791.70,                 22410747.50,12505,N, ,1710,      2089.00,      1252.00
N,EQ,PKTEA,THE P K TEA PROD CO LTD,       751.75,       777.70,       810.00,       740.05,       802.65,                  4961437.85,6257,N, ,86,       998.00,       605.00
N,SM,PLADAINFO,PLADA INFOTECH SERVICES L,        10.35,        10.80,        10.85,        10.80,        10.85,                   162300.00,15000,N, ,5,        20.30,         9.05
N,EQ,PLASTIBLEN,PLASTIBLENDS INDIA LTD,       188.33,       189.47,       189.58,       186.00,       187.91,                  2514432.49,13407,N, ,468,       216.29,       121.01
N,EQ,PLATIND,PLATINUM INDUSTRIES LTD,       234.45,       237.01,       237.01,       230.00,       231.54,                 21495436.44,92532,N, ,1706,       342.40,       183.50
N,EQ,PLAZACABLE,PLAZA WIRES LIMITED,        62.62,        62.75,        63.00,        60.00,        61.32,                  7967473.84,128546,N, ,1424,        65.00,        27.00
N,EQ,PML,PAUL MERCHANTS LTD.,       493.95,       493.95,       500.00,       486.00,       488.80,                    28141.50,57,N, ,11,       645.00,       451.55
N,EQ,PNBGILTS,PNB GILTS LIMITED,        78.63,        78.99,        85.50,        78.99,        83.08,                201073765.80,2416618,N, ,16087,       106.00,        58.60
N,EQ,PNBHOUSING,PNB HOUSING FIN LTD.,      1145.50,      1141.10,      1195.00,      1141.10,      1166.00,               1085395412.90,923575,N, ,34433,      1211.50,       729.60
N,EQ,PNC,PRITISH NANDY COMMUNICATI,        16.62,        16.45,        16.90,        16.26,        16.72,                    72597.76,4397,N, ,101,        40.64,        15.96
N,EQ,PNCINFRA,PNC INFRATECH LTD.,       182.97,       182.95,       187.50,       180.01,       183.11,                 91435527.05,499774,N, ,9078,       325.00,       158.17
N,EQ,PNGJL,P N GADGIL JEWELLERS LTD,       591.25,       589.00,       614.40,       586.70,       609.05,                265105299.10,436673,N, ,17468,       736.40,       503.00
N,EQ,PNGSREVA,PNGS REVA DIAMOND JEWEL L,       516.30,       520.80,       523.00,       502.05,       516.35,                 53120423.35,103324,N, ,3156,       644.00,       324.25
N,EQ,POCL,PONDY OXIDES & CHEM LTD,       476.10,       479.70,       490.00,       475.25,       477.80,                141396537.65,292548,N, ,14068,      1619.00,       472.90
N,EQ,PODDARMENT,PODDAR PIGMENTS LIMITED,       255.60,       259.70,       260.00,       253.10,       257.10,                   746316.35,2908,N, ,87,       297.95,       201.10
N,EQ,POEL,P O C L ENTERPRISES LTD.,       144.20,       143.05,       147.94,       141.00,       142.78,                  7422842.32,51934,N,XD,928,       168.97,       140.60
N,EQ,POKARNA,POKARNA LIMITED,       831.40,       832.20,       836.00,       811.00,       817.15,                 41163028.50,49926,N, ,2768,      1146.20,       692.60
N,EQ,POLICYBZR,PB FINTECH LIMITED,      1870.00,      1848.20,      1866.60,      1828.70,      1836.00,                820287272.10,445054,N, ,25654,      1974.00,      1364.00
N,EQ,POLYCAB,POLYCAB INDIA LIMITED,      8807.50,      8500.00,      8500.00,      8250.00,      8300.00,              13025481530.00,1559741,N, ,162753,     10126.00,      6663.00
N,EQ,POLYMED,POLY MEDICURE LIMITED,      1768.70,      1760.00,      1774.90,      1690.10,      1702.50,                296233247.70,171700,N, ,20605,      2144.90,      1182.00
N,EQ,POLYPLEX,POLYPLEX CORPORATION LTD,      1202.70,      1207.90,      1207.90,      1178.10,      1191.00,                 86625522.00,72824,N, ,2725,      1264.00,       740.00
N,SM,POLYSIL,POLYSIL IRRIGATION SYST L,        67.05,        70.40,        70.40,        70.40,        70.40,                   492800.00,7000,N, ,4,       356.75,        47.25
N,EQ,POLYSPIN,POLYSPIN EXPORTS LTD.,        28.35,        28.00,        29.87,        28.00,        29.64,                    55976.43,1968,N, ,21,        34.79,        28.00
N,EQ,PONNIERODE,PONNIE SUGARS (ERODE) LTD,       398.65,       402.90,       402.90,       379.60,       382.45,                 12169613.70,31436,N, ,1966,       455.00,       252.40
N,EQ,POONAWALLA,POONAWALLA FINCORP LTD,       465.10,       466.55,       476.35,       464.00,       468.45,                335439808.45,713159,N, ,25459,       570.40,       361.20
N,SM,POSITRON,POSITRON ENERGY LIMITED,       171.00,       171.50,       181.00,       171.00,       180.00,                  4127910.00,23400,N, ,71,       395.00,       105.90
N,EQ,POWERICA,POWERICA LIMITED,       512.95,       519.80,       534.00,       516.10,       525.05,                153900643.85,291923,N, ,8896,       676.95,       365.10
N,EQ,POWERINDIA,HITACHI ENERGY INDIA LTD,     32000.00,     32000.00,     32195.00,     31545.00,     31650.00,               2648166720.00,83443,N, ,30096,     38785.00,     16111.00
N,EQ,POWERMECH,POWER MECH PROJECTS LTD.,      2399.80,      2399.90,      2416.00,      2270.10,      2306.10,                315522739.70,135843,N, ,18425,      3234.90,      1717.70
N,EQ,PPLPHARMA,PIRAMAL PHARMA LIMITED,       214.49,       214.99,       217.00,       210.52,       214.22,                558289239.93,2618467,N, ,27466,       220.36,       132.30
N,SM,PPSL,PICTUREPOST STUDIOS LTD,         2.85,         2.80,         2.90,         2.80,         2.85,                   127050.00,45000,N, ,11,        16.15,         2.10
N,EQ,PRABHA,PRABHA ENERGY LIMITED,       220.97,       221.99,       258.40,       218.81,       230.60,               2898374986.87,11908766,N, ,138252,       258.40,       137.91
N,EQ,PRAENG,PRAJAY ENG. SYN. LTD.,        25.75,        25.49,        26.10,        24.36,        24.69,                  3901465.00,154995,N, ,492,        33.88,        17.00
N,EQ,PRAJIND,PRAJ INDUSTRIES LTD,       341.60,       339.95,       343.35,       333.65,       335.55,                143229059.95,425298,N, ,10510,       433.00,       273.00
N,EQ,PRAKASH,PRAKASH INDUSTRIES LTD,       123.66,       124.16,       126.79,       123.11,       125.63,                 37243388.33,297033,N, ,3287,       177.00,       110.24
N,EQ,PRAKASHSTL,PRAKASH STEELAGE LTD,         3.65,         3.65,         3.90,         3.65,         3.82,                   809051.87,213981,N, ,354,         6.57,         3.63
N,SM,PRAMARA,PRAMARA PROMOTIONS LTD,       103.25,       102.45,       104.85,       101.25,       102.25,                   666625.00,6500,N, ,11,       374.80,       101.10
N,SM,PRAMODINI,PRAMODINI MEDICARE LTD,       115.25,       115.00,       116.95,       114.05,       114.80,                  5412660.00,46800,N, ,35,       125.95,       111.55
N,SM,PRANIK,PRANIK LOGISTICS LIMITED,        39.90,        41.45,        47.85,        41.45,        47.85,                  2040880.00,43200,N, ,22,        86.90,        37.00
N,SM,PRATHAM,PRATHAM EPC PROJECTS LTD,       120.00,       119.00,       119.00,       119.00,       119.00,                   142800.00,1200,N, ,1,       196.00,       100.00
N,EQ,PRAVEG,PRAVEG LTD.,       260.40,       263.00,       273.40,       261.00,       266.15,                  7582929.95,28429,N, ,1605,       325.00,       210.40
N,EQ,PRAXIS,PRAXIS HOME RETAIL LTD,         4.43,         4.46,         4.65,         4.45,         4.65,                  1346001.15,292373,N, ,210,        14.44,         4.32
N,EQ,PRECAM,PRECISION CAMSHAFTS LTD.,       122.10,       122.65,       126.00,       122.47,       124.02,                 14710960.91,118929,N, ,2612,       262.00,       103.98
N,EQ,PRECOT,PRECOT LIMITED,       699.90,       700.90,       709.95,       677.15,       698.05,                  1612694.70,2308,N, ,147,       899.00,       300.05
N,EQ,PRECWIRE,PRECISION WIRES INDIA LTD,       487.85,       491.75,       501.85,       469.55,       472.80,                402085823.05,830119,N, ,28644,       524.90,       170.61
N,EQ,PREMCO,PREMCO GLOBAL LTD.,       385.55,       388.00,       392.00,       385.45,       390.95,                   792274.20,2051,N, ,39,       484.90,       355.00
N,EQ,PREMEXPLN,PREMIER EXPLOSIVES LTD,       666.35,       665.00,       672.00,       663.00,       664.00,                203733077.50,305895,N, ,2677,       829.80,       378.40
N,EQ,PREMIERENE,PREMIER ENERGIES LIMITED,      1008.00,      1002.50,      1008.80,       996.00,      1002.00,               1046345313.50,1046394,N, ,23550,      1134.00,       660.00
N,EQ,PREMIERPOL,PREMIER POLYFILM LTD,        92.35,        93.50,        98.80,        87.21,        95.36,                105573162.20,1113475,N, ,12281,        98.80,        38.00
N,SM,PREMIUM,PREMIUM PLAST LIMITED,        41.20,        41.25,        42.20,        38.00,        38.00,                   866850.00,21000,N, ,7,        46.00,        29.80
N,SM,PRESSTONIC,PRESSTONIC ENGINEERING L,        34.30,        35.00,        35.00,        32.40,        33.05,                  1832760.00,55200,N, ,46,        89.00,        24.00
N,EQ,PRESTIGE,PRESTIGE ESTATE LTD,      1615.20,      1620.10,      1646.60,      1565.20,      1587.00,                941515111.20,588022,N, ,23708,      1805.20,      1090.00
N,EQ,PRICOLLTD,PRICOL LIMITED,       768.40,       768.20,       772.60,       753.20,       764.95,                188014405.05,246508,N, ,15204,       823.00,       461.00
N,EQ,PRIMESECU,PRIME SECURITIES LIMITED,       290.20,       288.85,       291.05,       281.25,       284.50,                  7032932.10,24727,N, ,423,       325.00,       248.00
N,EQ,PRIMO,PRIMO CHEMICALS LIMITED,        20.68,        20.94,        21.89,        20.40,        21.27,                  3328617.54,157678,N, ,1031,        26.90,        16.10
N,EQ,PRINCEPIPE,PRINCE PIPES FITTINGS LTD,       289.50,       284.50,       291.50,       281.50,       283.00,                 39969794.40,140756,N, ,3824,       353.40,       205.00
N,EQ,PRISMX,PRISMX GLOBAL VENTURES L,         0.52,         0.52,         0.56,         0.52,         0.55,                    59981.96,111170,N, ,126,         0.58,         0.47
N,EQ,PRIVISCL,PRIVI SPECIALITY CHE LTD,      3373.50,      3410.00,      3410.60,      3350.00,      3367.30,                142088549.20,42021,N, ,6916,      3785.30,      2210.20
N,SM,PRLIND,PREMIER ROADLINES LIMITED,        38.85,        38.65,        39.00,        37.60,        38.05,                  3894550.00,102000,N, ,83,        93.00,        37.60
N,SM,PROFX,PRO FX TECH LIMITED,        76.10,        77.00,        77.00,        77.00,        77.00,                   123200.00,1600,N, ,1,       114.00,        56.00
N,SM,PROLIFE,PROLIFE INDUSTRIES LTD,        79.00,        78.00,        79.00,        78.00,        79.00,                    78500.00,1000,N, ,2,       142.45,        56.05
N,SM,PROPEQUITY,P. E. ANALYTICS LIMITED,       210.00,       229.95,       230.00,       225.00,       225.00,                   824370.00,3600,N, ,6,       268.00,       145.00
N,SM,PROPSHOP,PROPSHOP EVENTS AND EXH L,        69.60,        69.00,        72.00,        66.05,        70.10,                 12086000.00,174000,N, ,44,        80.00,        52.45
N,EQ,PROSTARM,PROSTARM INFO SYSTEMS LTD,       129.73,       131.15,       138.00,       129.38,       134.73,                 36584770.99,275346,N, ,2776,       237.00,       114.64
N,EQ,PROTEAN,PROTEAN EGOV TECHNO LTD,       494.80,       497.00,       503.00,       489.35,       496.30,                191248327.85,385965,N, ,10626,       945.50,       444.00
N,SM,PROV,PROVENTUS AGROCOM LIMITED,      1875.00,      1875.00,      1925.00,      1875.00,      1910.00,                   456800.00,240,N, ,3,      1940.00,       815.10
N,EQ,PROZONER,PROZONE REALTY LIMITED,        46.42,        46.02,        50.70,        45.75,        49.76,                 35255816.95,722413,N, ,3869,        72.77,        39.40
N,EQ,PRSMJOHNSN,PRISM JOHNSON LIMITED,       111.31,       111.16,       112.22,       111.00,       111.12,                 18623299.06,167167,N, ,2108,       176.00,        97.10
N,EQ,PRUDENT,PRUDENT CORP ADV SER LTD,      3328.50,      3328.40,      3358.50,      3200.00,      3347.60,                177108004.30,53800,N, ,11099,      4105.50,      2121.00
N,EQ,PSB,PUNJAB & SIND BANK,        23.05,        23.19,        23.45,        22.99,        23.23,                 33265008.82,1431638,N, ,4731,        32.46,        20.50
N,SM,PSFL,PARAMOUNT SPECIALI FORG L,        33.00,        33.10,        34.00,        33.05,        34.00,                  1401600.00,42000,N, ,12,        43.05,        21.15
N,EQ,PSPPROJECT,PSP PROJECTS LIMITED,       861.95,       868.00,       887.90,       862.00,       875.50,                 44915249.10,51382,N, ,3446,      1143.00,       569.20
N,EQ,PTC,PTC INDIA LIMITED,       155.25,       155.34,       156.80,       155.25,       156.29,                132486414.18,849440,N, ,9419,       229.51,       149.59
N,EQ,PTCIL,PTC INDUSTRIES LIMITED,     23820.00,     23705.00,     24125.00,     23410.00,     23830.00,               1557565105.00,65344,N, ,24412,     24125.00,     13400.00
N,EQ,PTL,PTL ENTERPRISES LTD,        38.22,        38.64,        39.25,        38.25,        38.74,                  2430682.57,62624,N, ,985,        43.77,        36.10
N,SM,PULZ,PULZ ELECTRONICS LIMITED,        22.95,        22.40,        22.40,        22.05,        22.10,                   355300.00,16000,N, ,7,        44.25,        21.35
N,EQ,PUNJABCHEM,PUNJAB CHEM & CROP PROT L,      1097.00,      1099.70,      1110.10,      1087.10,      1100.30,                  3133519.30,2842,N, ,295,      1533.90,       876.60
N,EQ,PURVA,PURAVANKARA LIMITED,       211.09,       215.00,       236.00,       215.00,       230.72,               4000964936.51,17390475,N, ,139958,       305.00,       160.69
N,SM,PURVFLEXI,PURV FLEXIPACK LIMITED,        48.20,        45.80,        47.00,        45.80,        45.80,                   514920.00,11200,N, ,10,       124.95,        37.00
N,SM,PUSHPA,PUSHPA JEWELLERS LIMITED,       110.00,       106.55,       108.95,       106.25,       108.95,                   859500.00,8000,N, ,8,       148.75,        81.15
N,EQ,PVP,PVP VENTURES LIMITED,        64.90,        64.89,        68.14,        62.11,        67.94,                339808573.21,5145513,N, ,15960,        71.90,        20.81
N,EQ,PVRINOX,PVR INOX LIMITED,      1247.50,      1216.00,      1232.80,      1215.00,      1227.20,                261244339.80,213587,N,XO,19534,      1284.50,       907.40
N,EQ,PVSL,POPULAR VEHICLES N SER L,       103.54,       104.95,       104.95,       101.40,       102.63,                  2886053.44,28205,N, ,581,       163.00,        82.41
N,EQ,PWL,PHYSICSWALLAH LIMITED,       120.60,       123.37,       130.70,       123.03,       126.42,               7880949747.05,62160413,N, ,264548,       161.99,        77.72
N,EQ,PYRAMID,PYRAMID TECHNOPLAST LTD,       154.87,       156.50,       156.50,       151.88,       153.83,                  9206887.37,60009,N, ,990,       198.69,       131.80
N,SM,QLINE,Q-LINE BIOTECH LIMITED,       637.60,       637.60,       655.00,       635.00,       639.60,                 41382200.00,64400,N, ,150,       659.75,       431.00
N,EQ,QPOWER,QUALITY POWER ELEC EQUP L,      1424.10,      1435.00,      1495.30,      1431.20,      1495.30,                338343853.20,228191,N, ,13078,      1502.70,       581.00
N,EQ,QUADFUTURE,QUADRANT FUTURE TEK LTD,       425.60,       427.00,       439.00,       415.10,       417.90,                124379673.25,294130,N, ,7422,       502.40,       248.55
N,SM,QUADPRO,QUADPRO ITES LIMITED,         2.45,         2.50,         2.50,         2.50,         2.50,                    60000.00,24000,N, ,1,         3.45,         1.85
N,EQ,QUESS,QUESS CORP LIMITED,       366.55,       367.00,       367.00,       343.70,       354.75,                341996289.60,974018,N, ,29950,       388.75,       166.30
N,SM,QUESTLAB,QUEST LABORATORIES LTD,        84.80,        85.05,        85.50,        84.90,        85.50,                   510420.00,6000,N, ,4,       152.60,        84.00
N,SM,QUICKTOUCH,QUICKTOUCH TECHNOLOGIES L,        15.25,        14.70,        16.00,        14.70,        16.00,                    77725.00,5000,N, ,9,        51.00,        14.70
N,EQ,QUINT,QUINT DIGITAL LTD.,        39.91,        41.00,        41.35,        39.03,        40.68,                   373966.08,9343,N, ,86,        47.69,        33.45
N,EQ,RACE,RACE ECO CHAIN LIMITED,       100.94,        98.31,       102.29,        98.31,        99.30,                  7299943.38,72608,N, ,195,       252.00,        84.11
N,EQ,RACLGEAR,RACL GEARTECH LIMITED,      1558.80,      1575.00,      1617.90,      1544.70,      1576.10,                 76130650.20,47944,N, ,5411,      1691.90,       887.00
N,EQ,RADAAN,RADAAN MEDIAWORKS (I) LTD,         2.89,         3.05,         3.11,         2.82,         2.97,                   129642.18,44053,N, ,113,         3.99,         2.35
N,EQ,RADHIKAJWE,RADHIKA JEWELTECH LIMITED,        71.32,        71.55,        85.00,        71.55,        83.16,               1179993917.43,14544177,N, ,82624,        99.65,        50.01
N,EQ,RADIANTCMS,RADIANT CASH MGMT SER LTD,        39.87,        40.22,        45.25,        40.22,        41.78,                 73368366.51,1713450,N, ,7743,        62.30,        32.33
N,EQ,RADICO,RADICO KHAITAN LTD,      4559.00,      4536.40,      4559.80,      4444.00,      4494.00,                919697746.20,205308,N, ,29577,      4747.00,      2500.00
N,EQ,RADIOCITY,MUSIC BROADCAST LIMITED,         6.24,         6.21,         6.38,         6.21,         6.28,                   377785.29,60215,N, ,128,         9.25,         4.50
N,EQ,RAILTEL,RAILTEL CORP OF IND LTD,       270.90,       270.80,       273.90,       270.00,       271.05,                109092505.85,401507,N, ,9571,       412.90,       245.00
N,EQ,RAIN,RAIN INDUSTRIES LIMITED,       211.71,       212.60,       217.30,       210.10,       215.72,                859118962.85,4009182,N, ,27891,       252.00,        99.90
N,EQ,RAINBOW,RAINBOW CHILDRENS MED LTD,      1440.80,      1460.00,      1460.00,      1432.30,      1447.20,                 71466658.20,49513,N, ,8665,      1610.00,      1084.00
N,SM,RAJINDLTD,RAJPUTANA INDUSTRIES LTD,        63.55,        62.05,        63.00,        62.05,        63.00,                   187575.00,3000,N, ,2,        95.00,        60.00
N,EQ,RAJMET,RAJNANDINI METAL LIMITED,         3.11,         3.16,         3.18,         3.10,         3.15,                   909862.15,289526,N, ,650,         5.28,         2.72
N,EQ,RAJPALAYAM,RAJAPALAYAM MILLS LTD.,       799.70,       800.00,       809.80,       795.00,       795.30,                   954846.40,1199,N, ,51,       875.00,       745.00
N,SM,RAJPUTANA,RAJPUTANA BIODIESEL LTD,       216.55,       220.00,       221.00,       217.00,       219.95,                  1315000.00,6000,N, ,9,       299.00,       169.00
N,EQ,RAJRATAN,RAJRATAN GLOBAL WIRE LTD,       495.10,       495.15,       504.90,       488.00,       498.35,                 49316575.60,99899,N, ,3471,       563.95,       305.55
N,EQ,RAJSREESUG,RAJSHREE SUGAR & CHEMICAL,        36.43,        37.14,        37.14,        35.35,        35.47,                  1063398.44,29765,N, ,461,        49.70,        24.65
N,EQ,RAJTV,RAJ TV NETWORK LTD,         8.49,         8.21,         8.50,         8.07,         8.07,                  1781351.41,220386,N, ,305,        46.90,         8.07
N,EQ,RALLIS,RALLIS INDIA LTD,       209.83,       210.00,       212.51,       208.36,       208.82,                 75916120.92,361939,N, ,9082,       371.90,       204.51
N,EQ,RAMANEWS,SHREE RAMA NEWSPRINT LTD,        32.35,        32.96,        32.96,        31.66,        31.75,                   158599.09,4990,N, ,89,        42.00,        27.05
N,EQ,RAMAPHO,RAMA PHOSPHATES LIMITED,       124.01,       125.50,       125.65,       123.01,       123.48,                  1482439.57,11962,N, ,312,       217.19,       103.50
N,EQ,RAMBHAJO,ADVIT JEWELS LIMITED,       244.26,       249.90,       268.68,       247.06,       268.68,                500788031.23,1915247,N, ,24492,       279.33,       161.60
N,EQ,RAMCOCEM,THE RAMCO CEMENTS LIMITED,       879.15,       882.60,       894.00,       873.80,       884.50,                 87137162.05,98361,N, ,9195,      1214.50,       838.30
N,EQ,RAMCOIND,RAMCO INDUSTRIES LIMITED,       324.00,       326.00,       329.70,       320.30,       323.25,                 34182636.35,105342,N, ,2055,       398.05,       230.65
N,EQ,RAMCOSYS,RAMCO SYSTEMS LTD.,       586.55,       598.40,       615.85,       596.50,       611.20,                132188751.05,217405,N, ,6491,       967.50,       342.10
N,EQ,RAMKY,RAMKY INFRA LTD,       351.35,       354.00,       354.00,       343.60,       347.40,                 11802541.85,33996,N, ,1149,       705.00,       333.00
N,EQ,RAMRAT,RAM RATNA WIRES LIMITED,       560.80,       563.60,       574.30,       555.20,       560.65,                193274305.60,342804,N, ,19311,       769.00,       268.00
N,EQ,RANASUG,RANA SUGARS LTD.,        15.15,        15.15,        15.21,        14.72,        14.80,                  5160451.08,346950,N, ,740,        16.45,        10.21
N,EQ,RANEHOLDIN,RANE HOLDINGS LIMITED,      1635.30,      1635.30,      1740.00,      1623.50,      1651.10,                173124399.70,102623,N, ,10412,      1894.50,       981.00
N,SM,RAPIDFLEET,RAPID FLEET MGT SERVICE L,       232.00,       233.15,       234.10,       233.00,       233.00,                  5460060.00,23400,N, ,34,       244.90,       158.00
N,EQ,RATEGAIN,RATEGAIN TRAVEL TECHN LTD,       869.75,       870.00,       888.45,       845.00,       851.15,                473111819.20,551109,N, ,24016,      1050.00,       437.00
N,EQ,RATNAMANI,RATNAMANI MET & TUB LTD.,      2669.70,      2661.00,      2748.00,      2656.20,      2727.00,                197169483.80,72730,N, ,13147,      3345.00,      1936.50
N,EQ,RATNAVEER,RATNAVEER PRECISION ENG L,       286.10,       289.00,       308.25,       288.95,       304.75,               1352427213.05,4493978,N, ,29102,       314.90,       130.50
N,EQ,RAYMOND,RAYMOND LTD,       757.90,       752.30,       756.80,       733.05,       740.85,               1396758010.25,1867268,N, ,48935,       765.00,       320.00
N,EQ,RAYMONDLSL,RAYMOND LIFESTYLE LIMITED,       647.85,       647.95,       683.95,       647.00,       663.65,                223938630.95,335816,N, ,21448,      1350.00,       628.25
N,EQ,RAYMONDREL,RAYMOND REALTY LIMITED,       536.75,       542.50,       559.00,       524.00,       529.15,                508150364.80,936640,N, ,20735,       734.90,       349.00
N,EQ,RBA,RESTAURANT BRAND ASIA LTD,        97.89,        98.47,       101.16,        96.50,        97.15,                257215040.53,2606009,N, ,14332,       111.15,        57.15
N,EQ,RBLBANK,RBL BANK LIMITED,       408.10,       409.00,       417.05,       406.70,       414.35,               3252233480.05,7858699,N, ,86651,       417.05,       259.05
N,SM,RBMINFRA,RBM INFRACON LIMITED,       244.40,       244.40,       245.60,       233.00,       236.90,                  2397720.00,10000,N, ,41,       524.80,       221.00
N,SM,RBS,RAMDEVBABA SOLVENT LTD,        88.50,        88.50,        90.75,        88.00,        88.10,                   496200.00,5600,N, ,6,       134.00,        58.80
N,EQ,RBZJEWEL,RBZ JEWELLERS LIMITED,       191.68,       197.00,       204.70,       194.00,       200.69,               1384659836.42,6929954,N, ,72876,       204.70,       100.00
N,SM,RCDL,RAJGOR CASTOR DERIVATI L,        15.65,        15.05,        15.50,        14.10,        14.15,                  1782900.00,123000,N, ,35,        35.00,        14.10
N,EQ,RCF,RASHTRIYA CHEMICALS & FER,       114.52,       115.20,       116.24,       114.20,       114.92,                120316978.37,1043164,N, ,9443,       164.49,       106.00
N,SM,READYMIX,READYMIX CONSTRU MACHI L,        78.20,        78.85,        78.85,        74.65,        76.00,                  1611200.00,21000,N, ,21,       175.00,        68.80
N,EQ,REDINGTON,REDINGTON LIMITED,       372.45,       374.40,       378.80,       367.20,       371.30,               1318349069.20,3554885,N, ,44267,       378.80,       191.31
N,EQ,REDTAPE,REDTAPE LIMITED,       117.48,       118.90,       121.90,       117.60,       120.43,                 50977603.28,423314,N, ,4359,       163.50,       107.53
N,EQ,REFEX,REFEX INDUSTRIES LIMITED,       279.25,       279.05,       288.20,       279.05,       282.55,                 70742128.50,249214,N, ,4885,       415.00,       188.00
N,SM,REFRACTORY,REFRACTORY SHAPES LIMITED,        25.50,        24.65,        25.35,        24.25,        25.25,                  1097000.00,45000,N, ,14,        62.00,        24.25
N,EQ,REGAAL,REGAAL RESOURCES LIMITED,        89.17,        89.76,        92.69,        87.50,        88.51,                 51873586.61,576781,N, ,2770,       114.95,        57.27
N,EQ,REGENCERAM,REGENCY CERAMICS LTD.,        36.47,        38.20,        38.20,        34.41,        34.86,                    58167.65,1624,N, ,58,        54.99,        30.00
N,EQ,RELAXO,RELAXO FOOT LTD.,       343.95,       345.95,       346.90,       342.75,       344.75,                 16776779.50,48646,N, ,2871,       526.00,       236.50
N,EQ,RELCHEMQ,RELIANCE CHEMOTEX IND LTD,       116.77,       113.85,       118.00,       113.85,       116.73,                   150289.04,1295,N, ,67,       167.70,       105.01
N,EQ,RELIABLE,RELIABLE DATA SERVICE LTD,       141.26,       141.20,       141.54,       139.21,       140.88,                  2113780.32,15018,N, ,654,       175.00,       104.74
N,EQ,RELIGARE,RELIGARE ENTER. LTD.,       251.89,       251.00,       258.40,       248.11,       257.08,                453549885.53,1795582,N, ,16103,       280.00,       196.51
N,EQ,RELTD,RAVINDRA ENERGY LIMITED,       159.15,       160.00,       162.00,       157.97,       161.37,                 19819609.88,124230,N, ,1896,       196.45,       117.07
N,EQ,REMSONSIND,REMSONS INDUSTRIES LTD,        95.05,        93.69,        99.90,        93.69,        99.35,                 15606485.47,158912,N, ,3980,       152.45,        75.23
N,SM,REMUS,REMUS PHARMACEUTICALS L,       894.10,       886.05,       906.00,       886.05,       890.05,                  2685400.00,3000,N, ,25,       987.50,       580.00
N,EQ,RENUKA,SHREE RENUKA SUGARS LTD,        24.27,        24.30,        24.66,        23.46,        24.04,                323172128.88,13578560,N, ,19992,        33.50,        21.05
N,EQ,REPCOHOME,REPCO HOME FINANCE LTD,       355.75,       358.10,       361.95,       356.15,       358.75,                 14865171.15,41434,N, ,1032,       455.90,       333.60
N,EQ,REPRO,REPRO INDIA LIMITED,       323.15,       326.70,       326.70,       317.00,       319.45,                  1501152.20,4692,N, ,290,       590.00,       301.00
N,EQ,RESPONIND,RESPONSIVE INDUSTRIES LTD,       151.87,       151.25,       176.14,       150.37,       154.90,               6773146067.60,40184929,N, ,227735,       240.90,       117.25
N,EQ,RETAIL,JHS SVENDGAARD RETAIL V L,        17.45,        17.10,        17.44,        16.50,        17.24,                    41096.20,2441,N, ,44,        43.79,        15.81
N,EQ,RGL,RENAISSANCE GLOBAL LTD,       137.12,       137.94,       150.38,       137.89,       149.26,                447380963.07,3035236,N, ,26139,       159.00,        85.00
N,EQ,RHETAN,RHETAN TMT LIMITED,        23.11,        25.42,        25.42,        25.41,        25.42,                138674607.58,5456321,N, ,2223,        34.87,        19.10
N,EQ,RHIM,RHI MAGNESITA INDIA LTD,       369.75,       372.60,       373.80,       369.00,       371.35,                 36250194.80,97629,N, ,3202,       508.30,       323.05
N,EQ,RHL,ROBUST HOTELS LIMITED,       167.60,       167.15,       174.79,       166.20,       167.89,                   215982.07,1284,N, ,45,       309.90,       160.98
N,EQ,RICOAUTO,RICO AUTO INDUSTRIES LTD,       126.49,       126.95,       131.75,       126.60,       130.46,                144760826.98,1119592,N, ,9451,       157.99,        78.92
N,EQ,RIIL,RELIANCE INDUSTRIAL INFRA,       752.95,       757.00,       762.75,       748.10,       750.95,                 31997500.85,42420,N, ,1815,       964.90,       617.35
N,IV,RIIT,RAAJMARG INFRA INVEST T,       121.40,       122.40,       122.40,       121.41,       121.57,                  6856247.76,56392,N, ,1261,       127.00,       105.30
N,SM,RILINFRA,RACHANA INFRA LTD,        35.10,        36.00,        36.00,        35.05,        35.15,                   173305.00,4900,N, ,25,        47.50,        27.60
N,EQ,RIR,RIR POWER ELECTRONICS L,       157.58,       158.00,       175.45,       158.00,       169.86,                 56131301.82,335333,N, ,3982,       185.99,       154.00
N,EQ,RISHABH,RISHABH INSTRUMENTS LTD,       734.95,       738.00,       750.00,       714.60,       738.45,                152030536.65,208178,N, ,8827,       753.00,       315.00
N,EQ,RITCO,RITCO LOGISTICS LIMITED,       301.00,       302.60,       304.60,       298.55,       301.80,                 34222086.25,112935,N, ,1065,       327.50,       167.10
N,EQ,RITES,RITES LIMITED,       213.78,       214.00,       217.20,       214.00,       215.80,                 59999250.47,278299,N, ,7183,       280.90,       175.00
N,SM,RITEZONE,RITE ZONE CHEMCON IND LTD,        19.65,        20.50,        20.50,        20.50,        20.50,                    65600.00,3200,N, ,2,        36.55,        13.80
N,EQ,RKDL,RAVI KUMAR DIST. LTD.,        18.32,        18.14,        18.74,        18.14,        18.39,                   139550.80,7502,N, ,97,        32.48,        16.30
N,EQ,RKEC,RKEC PROJECTS LIMITED,        21.64,        21.67,        22.59,        19.90,        21.73,                  1397043.94,65608,N, ,431,        81.50,        19.90
N,EQ,RKFORGE,RAMKRISHNA FORGINGS LTD,       726.85,       732.50,       732.50,       689.45,       700.85,                785298809.30,1116062,N, ,32766,       772.80,       460.15
N,EQ,RKSWAMY,R K SWAMY LIMITED,        92.00,        92.50,        94.69,        91.70,        94.25,                  1544250.87,16462,N, ,439,       163.89,        67.15
N,EQ,RMC,RMC SWITCHGEARS LIMITED,       225.97,       225.30,       236.00,       224.41,       233.54,                  9353969.52,40561,N, ,1963,       530.00,       220.05
N,EQ,RML,RANE (MADRAS) LIMITED,      1127.40,      1127.50,      1333.00,      1125.10,      1295.90,               2841884791.20,2195205,N, ,80830,      1333.00,       608.50
N,EQ,RNBDENIMS,R&B DENIMS LIMITED,        10.81,        10.81,        10.81,        10.27,        10.27,                  4383747.18,424488,N, ,764,       203.00,         7.72
N,SM,RNFI,RNFI SERVICES LIMITED,       299.75,       303.00,       309.30,       297.10,       299.15,                 30242070.00,100200,N, ,93,       404.00,       216.00
N,SM,RNPL,RENOL POLYCHEM LIMITED,        81.50,        82.00,        83.00,        79.00,        79.00,                   589800.00,7200,N, ,6,       158.00,        69.05
N,SM,ROCKINGDCE,ROCKINGDEALS CIRCU ECO L,       227.15,       220.00,       239.80,       216.90,       234.25,                  2079762.50,9000,N, ,35,       283.85,       123.90
N,E1,ROCKPP,ROCKINGDCE RS.5 PPD UP,        70.00,        64.00,        64.00,        64.00,        64.00,                   128000.00,2000,N, ,2,       101.75,        51.00
N,EQ,ROHLTD,ROYAL ORCHID HOTELS LTD,       298.50,       298.00,       305.20,       297.00,       298.55,                  2141074.00,7153,N, ,361,       593.40,       269.40
N,EQ,ROLEXRINGS,ROLEX RINGS LIMITED,       174.83,       176.00,       176.36,       171.00,       171.72,                128892337.58,743997,N, ,9140,      1460.00,        99.79
N,EQ,ROML,RAJ OIL MILLS LIMITED,        42.35,        42.20,        42.80,        41.31,        42.00,                   484795.95,11538,N, ,77,        62.00,        35.11
N,EQ,ROSSARI,ROSSARI BIOTECH LIMITED,       457.00,       461.00,       468.25,       456.10,       460.25,                 38335079.35,83247,N, ,3103,       690.30,       375.00
N,EQ,ROSSELLIND,ROSSELL INDIA LIMITED,        57.67,        57.80,        58.05,        55.99,        56.96,                  4392859.63,77117,N, ,764,        73.00,        40.00
N,EQ,ROSSTECH,ROSSELL TECHSYS LIMITED,      1116.30,      1116.30,      1168.00,      1116.30,      1150.50,                269560031.20,234989,N, ,13499,      1172.00,       551.90
N,EQ,ROTO,ROTO PUMPS LIMITED,        63.76,        64.45,        65.90,        63.60,        65.03,                 15066120.36,233711,N, ,3407,        85.53,        47.50
N,EQ,ROUTE,ROUTE MOBILE LIMITED,       503.65,       503.65,       508.00,       500.50,       501.55,                 38336473.95,76123,N, ,3141,       890.40,       410.70
N,SM,ROXHITECH,ROX HI TECH LIMITED,        47.50,        46.05,        47.60,        46.05,        46.30,                  1126960.00,24000,N, ,15,        58.90,        22.95
N,EQ,RPEL,RAGHAV PRODUCTIVITY ENH L,      1885.20,      1889.80,      1943.70,      1778.40,      1807.20,                389159355.20,209791,N, ,27169,      1943.70,       561.30
N,EQ,RPGLIFE,RPG LIFE SCIENCES LTD,      2652.40,      2652.40,      2739.00,      2638.90,      2721.60,                 55050361.60,20463,N, ,2723,      3082.00,      1733.00
N,EQ,RPOWER,RELIANCE POWER LTD.,        22.03,        22.11,        22.32,        22.04,        22.08,                299362374.84,13517969,N, ,23383,        50.73,        20.17
N,EQ,RPPINFRA,R.P.P INFRA PROJECTS LTD,        55.04,        55.65,        55.68,        53.77,        54.14,                  1783201.00,32609,N, ,614,       169.90,        53.50
N,EQ,RPSGVENT,RPSG VENTURES LIMITED,       833.30,       836.55,       872.85,       829.00,       831.40,                 19496528.55,23012,N, ,1386,      1179.00,       551.90
N,EQ,RPTECH,RASHI PERIPHERALS LIMITED,       815.65,       814.00,       833.00,       811.50,       823.65,                130687743.10,158904,N, ,9903,       967.70,       276.55
N,EQ,RRECL,RDB REAL ESTATE CONS L,       138.37,       138.00,       138.00,       129.99,       136.83,                    40537.45,309,N, ,12,       151.99,       129.99
N,EQ,RRIL,R R I L LTD.,        16.71,        16.99,        17.00,        16.50,        16.66,                   311329.94,18631,N, ,113,        21.50,        15.06
N,EQ,RRKABEL,R R KABEL LIMITED,      2617.70,      2550.00,      2609.00,      2374.40,      2454.10,               6401107136.30,2596720,N, ,180021,      2983.80,      1170.00
N,EQ,RSL,RAJPUTANA STAINLESS LTD,       181.56,       182.93,       184.89,       181.10,       181.50,                 61710391.53,337269,N, ,3608,       184.89,       101.70
N,EQ,RSSOFTWARE,R. S. SOFTWARE (INDIA) LI,        29.91,        30.10,        31.40,        29.50,        30.61,                  1546830.98,50380,N, ,354,        82.00,        21.93
N,EQ,RSYSTEMS,R SYS INTERNATIONAL LTD,       252.64,       252.50,       257.50,       251.00,       256.12,                 52005307.20,203978,N, ,3980,       485.00,       213.52
N,EQ,RTNINDIA,RATTANINDIA ENT LIMITED,        27.43,        27.63,        28.13,        27.63,        27.82,                 48086625.10,1727353,N, ,5278,        64.00,        24.40
N,EQ,RTNPOWER,RATTANINDIA POWER LIMITED,         7.24,         7.24,         7.39,         7.23,         7.36,                 99367168.62,13604316,N, ,12534,        12.84,         7.20
N,EQ,RTSPOWR,R T S POWER CORPN. LTD.,        90.40,        92.21,        99.00,        87.10,        88.08,                   211519.23,2343,N, ,62,       114.00,        82.90
N,EQ,RUBFILA,RUBFILA INTERNATIONAL LTD,        66.42,        66.42,        72.00,        66.05,        70.69,                  5385090.43,76949,N, ,666,        89.24,        57.31
N,EQ,RUBICON,RUBICON RESEARCH LIMITED,      1775.70,      1788.80,      1792.00,      1752.20,      1768.30,                201116688.20,113571,N, ,10409,      1899.00,       570.75
N,EQ,RUCHINFRA,RUCHI INFRASTRUCTURE LTD,         6.04,         6.00,         6.11,         5.51,         5.82,                  2136841.12,367135,N, ,1086,         8.25,         4.05
N,EQ,RUCHIRA,RUCHIRA PAPERS LIMITED,       105.12,       105.50,       108.00,       105.00,       107.50,                  6519469.76,61272,N, ,1077,       173.00,        95.17
N,EQ,RUDRA,RUDRA GLOBAL INFRA PROD L,        20.38,        20.30,        20.80,        20.30,        20.33,                   515258.10,25195,N, ,157,        29.70,        14.63
N,SM,RULKA,RULKA ELECTRICALS LIMITED,       109.60,       105.40,       110.90,       105.40,       106.25,                   360300.00,3300,N, ,6,       139.75,        72.95
N,EQ,RUPA,RUPA & COMPANY LTD,       144.43,       144.43,       145.40,       143.05,       144.49,                 11680264.47,81141,N, ,2556,       212.84,       109.21
N,EQ,RUSHIL,RUSHIL DECOR LIMITED,        16.18,        16.20,        16.46,        15.66,        16.01,                  3994613.74,247963,N, ,822,        33.99,        12.49
N,EQ,RUSTOMJEE,KEYSTONE REALTORS LIMITED,       381.75,       381.75,       381.75,       372.25,       373.95,                 10526379.70,27990,N, ,1208,       641.05,       358.80
N,EQ,RVHL,RAVINDER HEIGHTS LIMITED,        39.09,        39.87,        40.00,        38.25,        39.84,                   335592.41,8503,N, ,93,        71.36,        28.50
N,EQ,RVNL,RAIL VIKAS NIGAM LIMITED,       209.30,       211.00,       214.18,       209.62,       212.49,               1333587361.14,6287421,N, ,44145,       400.70,       203.83
N,EQ,RVTH,REVATHI EQUIPMENT INDIA L,       729.05,       729.00,       743.90,       729.00,       734.45,                   202435.95,277,N, ,18,      1300.00,       491.10
N,EQ,S&SPOWER,S&S POWER SWITCHGEARS LTD,       319.85,       317.90,       327.80,       310.05,       323.95,                   579981.90,1826,N, ,201,       468.90,       193.50
N,EQ,SAATVIKGL,SAATVIK GREEN ENERGY LTD,       421.65,       422.50,       428.40,       417.10,       424.40,                 17160870.05,40616,N, ,1453,       567.00,       328.00
N,EQ,SAB,S A B INDUSTRIES LTD.,       175.00,       183.00,       183.75,       183.00,       183.50,                    66821.00,365,N, ,6,       183.75,       165.00
N,SM,SACHEEROME,SACHEEROME LIMITED,       455.45,       456.00,       490.10,       455.00,       485.25,                 22541805.00,47400,N, ,100,       517.00,       186.00
N,EQ,SADBHAV,SADBHAV ENGINEERING LTD,         8.03,         8.03,         8.35,         8.01,         8.15,                  1071903.25,131919,N, ,298,        15.04,         6.05
N,SM,SADHAV,SADHAV SHIPPING LIMITED,       111.95,       111.00,       112.50,       109.55,       110.65,                   996750.00,9000,N, ,15,       128.85,        86.30
N,EQ,SAFARI,SAFARI IND (INDIA) LTD,      1509.50,      1509.50,      1550.10,      1508.30,      1540.40,                 36873917.10,23964,N, ,2670,      2507.10,      1363.10
N,SM,SAFEENTP,SAFE ENTER RETAIL FIX LTD,       277.20,       274.00,       279.75,       271.00,       273.00,                  8521975.00,31000,N, ,58,       319.00,       175.00
N,EQ,SAGARDEEP,SAGARDEEP ALLOYS LIMITED,        23.76,        23.76,        24.00,        23.53,        23.62,                   124820.33,5256,N, ,70,        31.48,        20.81
N,EQ,SAGCEM,SAGAR CEMENTS LIMITED,       154.38,       156.01,       157.04,       152.25,       152.86,                 37418653.13,244455,N, ,1466,       299.40,       148.70
N,EQ,SAGILITY,SAGILITY LIMITED,        46.80,        47.00,        47.27,        46.50,        46.82,                521834619.00,11136928,N, ,26621,        57.89,        35.83
N,SM,SAHAJSOLAR,SAHAJ SOLAR LIMITED,        99.40,        99.20,       100.70,        95.00,        99.95,                  1564300.00,16000,N, ,39,       266.15,        91.00
N,SM,SAHANA,SAHANA SYSTEM LIMITED,       927.90,       926.00,       930.95,       917.00,       920.30,                 18508485.00,20100,N, ,98,      1256.00,       685.00
N,EQ,SAHLIBHFI,SHALIBHADRA FINANCE LTD,        89.12,        88.52,        90.80,        88.00,        89.52,                  3934193.91,43843,N, ,992,        91.95,        66.60
N,EQ,SAHYADRI,SAHYADRI INDUSTRIES LTD,       359.40,       360.00,       402.70,       360.00,       392.15,                 43409306.60,111187,N, ,5879,       402.70,       200.10
N,EQ,SAICAPI,SAI CAPITAL LTD.,       157.05,       160.20,       163.80,       155.10,       157.56,                   177483.93,1101,N, ,41,       170.05,       140.00
N,SM,SAIFL,SAMEERA AGRO AND INFRA L,         4.95,         5.05,         5.05,         4.80,         4.80,                  1441000.00,296000,N, ,49,        26.80,         4.55
N,EQ,SAIL,STEEL AUTHORITY OF INDIA,       197.00,       197.86,       200.10,       194.30,       196.80,               3774968357.97,19094202,N, ,69085,       209.70,       118.50
N,EQ,SAILIFE,SAI LIFE SCIENCES LIMITED,      1574.80,      1570.00,      1622.00,      1561.90,      1584.30,                896431517.50,561938,N, ,30349,      1630.00,       783.85
N,EQ,SAIPARENT,SAI PARENTERALS LIMITED,       518.15,       523.80,       523.80,       516.00,       519.55,                 23873620.05,45947,N, ,1706,       706.00,       400.00
N,EQ,SAKAR,SAKAR HEALTHCARE LIMITED,      1006.95,      1012.00,      1019.00,       987.95,      1013.90,                 88397021.40,87982,N, ,5941,      1024.00,       321.05
N,EQ,SAKHTISUG,SAKTHI SUGARS LTD,        20.35,        20.35,        20.40,        19.61,        19.78,                  3479670.72,175324,N, ,907,        24.75,        13.52
N,EQ,SAKSOFT,SAKSOFT LIMITED,       153.69,       153.69,       156.40,       153.01,       154.58,                 27623243.88,179015,N, ,2898,       224.75,       107.59
N,EQ,SAKUMA,SAKUMA EXPORTS LIMITED,         1.58,         1.60,         1.65,         1.55,         1.62,                  1155562.78,721220,N, ,898,         3.10,         1.10
N,EQ,SALASAR,SALASAR TECHNO ENGG. LTD.,         5.08,         5.12,         5.88,         5.12,         5.20,                144034125.42,26712678,N, ,20032,        10.99,         4.73
N,EQ,SALONA,SALONA COTSPIN LTD.,       262.90,       259.50,       274.75,       259.00,       269.95,                    19418.20,74,N, ,19,       320.00,       200.00
N,EQ,SALSTEEL,S.A.L. STEEL LTD.,        82.04,        82.20,        84.63,        80.01,        81.37,                 19199256.30,233867,N, ,1594,        86.25,        17.76
N,EQ,SALZERELEC,SALZER ELECTRONICS LTD,       537.30,       540.00,       555.00,       537.05,       549.70,                 29911351.75,54544,N, ,2936,       952.50,       488.80
N,EQ,SAMBANDAM,SAMBANDAM SPINNING MILL L,       120.00,       120.00,       125.00,       120.00,       123.23,                    25556.00,206,N, ,12,       161.90,        97.70
N,EQ,SAMBHAAV,SAMBHAAV MEDIA LTD,         6.00,         5.94,         6.17,         5.70,         5.94,                   277033.86,46902,N, ,87,        11.53,         5.07
N,EQ,SAMBHV,SAMBHV STEEL TUBES LTD,       129.64,       130.70,       131.80,       127.00,       128.69,                158356728.68,1221798,N, ,11539,       141.32,        81.42
N,EQ,SAMHI,SAMHI HOTELS LIMITED,       152.59,       152.59,       155.60,       152.55,       153.99,                 61151563.19,397845,N, ,10909,       222.00,       127.00
N,EQ,SAMMAANCAP,SAMMAAN CAPITAL LIMITED,       153.70,       155.00,       161.00,       153.51,       158.39,               2195677474.92,13853349,N, ,61464,       192.95,       123.50
N,EQ,SAMPANN,SAMPANN UTPADAN INDIA LTD,        24.61,        24.31,        25.58,        24.31,        25.19,                   262300.50,10476,N, ,134,        43.44,        23.75
N,EQ,SANATHAN,SANATHAN TEXTILES LIMITED,       433.05,       441.05,       474.95,       441.05,       456.20,                152999251.85,330832,N, ,8764,       551.95,       352.60
N,EQ,SANDESH,SANDESH LTD,      1050.90,      1069.00,      1069.00,      1035.00,      1051.30,                   786852.70,750,N, ,135,      1304.30,       811.00
N,EQ,SANDHAR,SANDHAR TECHNOLOGIES LTD,       627.85,       631.00,       635.00,       617.15,       624.00,                 89051055.45,143060,N, ,5495,       763.20,       424.00
N,EQ,SANDUMA,SANDUR MANG & IRON ORES L,       197.89,       198.00,       199.50,       196.50,       197.83,                 74289613.37,375487,N, ,7447,       493.40,       156.30
N,EQ,SANGAMIND,SANGAM (INDIA) LTD,       571.85,       573.25,       582.80,       572.10,       578.80,                  4441546.10,7685,N, ,733,       672.50,       362.75
N,SM,SANGANI,SANGANI HOSPITALS LIMITED,        52.00,        54.60,        54.60,        54.60,        54.60,                   655200.00,12000,N, ,4,        77.00,        37.00
N,EQ,SANGHVIMOV,SANGHVI MOVERS LTD,       453.00,       456.40,       472.00,       436.65,       439.20,                205817384.20,455750,N, ,20233,       528.00,       223.80
N,EQ,SANOFI,SANOFI INDIA LIMITED,      3190.80,      3206.00,      3207.80,      3151.00,      3158.20,                 31426796.70,9898,N, ,2236,      5175.50,      3054.00
N,EQ,SANOFICONR,SANOFI CONS HEALTHC IND L,      4205.40,      4205.30,      4234.90,      4108.00,      4201.70,                 26811768.00,6432,N, ,1451,      5357.00,      3975.00
N,EQ,SANSERA,SANSERA ENGINEERING LTD,      3789.60,      3808.80,      3833.80,      3733.70,      3782.60,                384415391.40,101677,N, ,15246,      4084.90,      1255.10
N,EQ,SANSTAR,SANSTAR LIMITED,       108.00,       108.00,       114.90,       108.00,       111.31,                 70871093.03,633145,N, ,4216,       137.49,        74.30
N,EQ,SAPPHIRE,SAPPHIRE FOODS INDIA LTD,       228.76,       228.50,       233.99,       225.56,       228.43,                163995016.31,713459,N, ,20970,       347.90,       139.91
N,EQ,SAPPL,SHREE AJIT PULP & PAPER L,       280.60,       292.00,       292.00,       275.45,       281.85,                   222481.90,796,N, ,42,       334.30,       252.00
N,EQ,SARDAEN,SARDA ENERGY & MIN LTD,       506.55,       510.05,       517.05,       504.20,       508.55,                268780675.65,526969,N, ,18591,       639.75,       453.10
N,EQ,SAREGAMA,SAREGAMA INDIA LIMITED,       493.65,       498.40,       500.00,       488.10,       492.75,                175066514.35,353123,N, ,20683,       574.50,       307.05
N,EQ,SARLAPOLY,SARLA PERF. FIBERS LTD,       102.15,       102.75,       102.98,        97.75,       100.20,                  9805592.12,97835,N, ,1452,       111.00,        68.40
N,SM,SARTELE,SAR TELEVENTURE LIMITED,        91.35,        91.50,        93.50,        89.00,        89.40,                  3584000.00,39500,N, ,58,       264.85,        88.40
N,EQ,SARVESHWAR,SARVESHWAR FOODS LIMITED,         3.35,         3.38,         3.43,         3.33,         3.36,                  4153755.00,1228078,N, ,1558,         8.25,         2.50
N,EQ,SASKEN,SASKEN TECHNOLOGIES LTD,      1902.40,      1925.40,      1925.40,      1870.50,      1881.30,                 23416269.10,12365,N, ,1492,      2780.20,       991.00
N,SM,SATECH,S A TECH SOFTWARE INDIA L,        38.40,        38.80,        40.65,        38.80,        39.60,                   798700.00,20000,N, ,18,        60.75,        31.15
N,EQ,SATIA,SATIA INDUSTRIES LIMITED,        60.37,        60.74,        63.85,        60.01,        63.36,                 15846293.08,251939,N, ,2801,        86.00,        50.80
N,EQ,SATIN,SATIN CREDIT NET LTD,       219.37,       220.39,       223.48,       217.58,       220.75,                 45317702.96,205973,N, ,4012,       274.14,       135.08
N,SM,SATKARTAR,SAT KARTAR LIFE LIMITED,       118.20,       118.40,       118.40,       115.95,       116.70,                  3371400.00,28800,N, ,27,       219.80,       112.00
N,SM,SATTVAENGG,SATTVA ENGINEERING CSTN L,        62.00,        63.00,        63.00,        61.10,        61.50,                   695520.00,11200,N, ,7,       118.90,        43.50
N,EQ,SAURASHCEM,SAURASHTRA CEMENT LIMITED,        56.81,        56.81,        58.60,        56.00,        57.61,                  5258779.65,90990,N, ,1185,        72.46,        53.00
N,SM,SAVY,SAVY INFRA AND LOGI LTD,       135.10,       135.10,       141.20,       135.10,       136.15,                 19156380.00,139200,N, ,48,       191.00,       108.00
N,SM,SAWALIYA,SAWALIYA FOOD PRODUCTS L,       150.15,       152.00,       159.95,       152.00,       159.95,                  1323090.00,8400,N, ,14,       351.00,       137.70
N,EQ,SAYAJIHOTL,SAYAJI HOTELS LTD.,       303.80,       325.00,       325.00,       315.00,       319.35,                     3820.40,12,N, ,8,       365.20,       265.50
N,EQ,SAYAJIIND,SAYAJI INDUSTRIES LTD.,       119.89,       119.89,       119.89,       116.01,       116.11,                    12340.11,103,N, ,4,       125.00,       106.50
N,EQ,SBC,SBC EXPORTS LIMITED,        43.25,        43.48,        46.89,        43.45,        45.76,                597265711.23,13241116,N, ,14431,        46.89,        19.09
N,EQ,SBCL,SHIVALIK BIMETAL CON. LTD,      1155.90,      1189.30,      1215.70,      1102.40,      1121.10,                919033802.70,810275,N, ,44614,      1215.70,       368.60
N,EQ,SBFC,SBFC FINANCE LIMITED,        99.90,        99.90,       100.67,        98.37,       100.08,                 81360850.16,817043,N, ,8451,       123.00,        79.60
N,EQ,SBGLP,SURATWWALA BUS GROUP LTD,        24.68,        25.68,        25.68,        23.60,        23.96,                   295701.08,12199,N, ,187,        40.90,        18.35
N,EQ,SBICARD,SBI CARDS & PAY SER LTD,       661.00,       661.00,       668.70,       656.30,       658.25,               1160644231.25,1752698,N, ,25566,       965.00,       565.45
N,EQ,SBIFUNDS,SBI FUNDS MANAGEMENT LTD,       564.00,       563.90,       565.50,       558.90,       562.10,                642526388.00,1143214,N, ,26282,       624.95,       536.50
N,EQ,SCHAEFFLER,SCHAEFFLER INDIA LIMITED,      3950.60,      3950.00,      4004.60,      3871.70,      3956.40,                211898727.40,53652,N, ,11259,      4467.70,      3518.40
N,EQ,SCHAND,S CHAND AND COMPANY LTD,       136.73,       136.00,       137.99,       135.35,       136.41,                  1451067.69,10647,N, ,418,       200.00,       130.05
N,EQ,SCHNEIDER,SCHNEIDER ELECTRIC INFRA,      1191.00,      1198.00,      1235.70,      1192.20,      1232.40,                311385997.60,255402,N, ,20576,      1548.00,       571.85
N,EQ,SCI,SHIPPING CORP OF INDIA LT,       294.95,       296.40,       300.25,       293.75,       295.35,                531615243.10,1792086,N,XD,25743,       368.75,       195.55
N,EQ,SCILAL,SHIPPING CORP OF ILA LTD,        40.02,        40.10,        40.10,        39.70,        39.77,                  7830374.19,196582,N,XD,1416,        55.00,        34.30
N,SM,SCML,SHARP CHUCKS N MACHINES L,        83.20,        84.00,        84.10,        74.00,        81.00,                  1115100.00,14000,N, ,13,       159.50,        68.05
N,EQ,SCODATUBES,SCODA TUBES LIMITED,       134.95,       134.80,       136.59,       131.20,       135.02,                 29002212.51,215520,N, ,2686,       187.70,       110.00
N,EQ,SDBL,SOM DIST & BREW LTD,        72.62,        72.82,        74.55,        72.15,        74.00,                 42571970.35,578202,N, ,3720,       142.60,        61.80
N,EQ,SEAMECLTD,SEAMEC LIMITED,      1786.60,      1787.00,      1804.00,      1770.50,      1793.60,                234142574.80,130765,N, ,10768,      1804.00,       771.75
N,EQ,SECMARK,SECMARK CONSULTANCY LTD,       148.46,       148.46,       150.00,       144.40,       144.40,                   165991.91,1139,N, ,51,       179.50,        95.05
N,EQ,SECURKLOUD,SECUREKLOUD TECH LIMITED,        17.41,        17.58,        17.80,        16.98,        17.01,                   414284.70,24259,N, ,152,        34.18,        16.01
N,EQ,SEDEMAC,SEDEMAC MECHATRONICS LTD,      2905.90,      2916.20,      2919.00,      2800.00,      2814.40,                292271604.10,102621,N, ,10840,      3368.90,      1413.10
N,EQ,SEIL,SHANTI EDU INITIATIVES L,       202.34,       202.10,       202.34,       198.50,       200.76,                 88307216.12,440822,N, ,1777,       239.96,       172.90
N,EQ,SEJALLTD,SEJAL GLASS LIMITED,       672.45,       670.10,       674.75,       648.00,       657.50,                  3659508.30,5519,N, ,539,      1036.70,       381.00
N,EQ,SEKURITIND,SAINT GOBAIN SEKUR IND L,       114.67,       113.95,       116.00,       113.95,       114.56,                  3608169.35,31358,N, ,368,       124.65,       113.21
N,SM,SEL,SUNGARNER ENERGIES LTD,       305.00,       312.50,       320.25,       307.00,       317.95,                  1509660.00,4800,N, ,22,       324.00,       115.25
N,SM,SELLOWRAP,SELLOWRAP INDUSTRIES LTD,        66.50,        67.50,        67.50,        67.50,        67.50,                   108000.00,1600,N, ,1,       118.55,        62.10
N,EQ,SELMC,SEL MANUFACTURING CO LTD,        27.17,        29.50,        29.50,        26.53,        27.50,                   122905.99,4456,N, ,82,        43.36,        26.00
N,EQ,SEMAC,SEMAC CONSTRUCTION LTD,       290.55,       298.90,       298.90,       276.05,       277.25,                  1260927.65,4531,N, ,135,       551.00,       205.00
N,EQ,SENCO,SENCO GOLD LIMITED,       349.05,       349.85,       362.80,       349.85,       358.65,                408131811.20,1141834,N, ,27979,       430.00,       276.00
N,EQ,SENORES,SENORES PHARMACEUTICALS L,      1430.40,      1442.80,      1465.90,      1420.00,      1428.40,                178873521.80,124425,N, ,10741,      1599.00,       662.45
N,EQ,SEPC,SEPC LIMITED,         5.37,         5.39,         5.44,         5.35,         5.38,                 39538568.21,7339250,N, ,4047,        13.73,         4.65
N,SM,SERVICE,SERVICE CARE LIMITED,        69.40,        70.80,        71.85,        67.25,        69.45,                  2349400.00,34000,N, ,17,        73.00,        39.20
N,EQ,SERVOTECH,SERVOTECH REN POW SYS LTD,        80.25,        80.70,        82.26,        78.88,        79.62,                 39260240.06,492370,N, ,4199,       143.00,        57.51
N,EQ,SESHAPAPER,SESHASAYEE PAPER & BOARDS,       234.51,       236.00,       236.00,       231.00,       233.09,                  4381519.98,18854,N, ,479,       293.11,       209.96
N,EQ,SETL,STANDARD ENGNG TCNLGY LTD,       391.15,       395.00,       410.70,       390.10,       408.95,                580074954.40,1430578,N, ,18974,       410.70,       104.56
N,EQ,SFL,SHEELA FOAM LIMITED,       644.90,       647.00,       650.20,       642.10,       646.80,                 38515898.55,59553,N, ,6360,       832.45,       456.80
N,SM,SFML,SUPREME FACILITY MGMT LTD,        22.00,        21.80,        21.80,        21.50,        21.50,                   516800.00,24000,N, ,6,        43.50,        16.50
N,EQ,SGFIN,SG FINSERVE LIMITED,       676.80,       682.50,       682.50,       655.90,       675.70,                110674125.15,164000,N, ,5875,       727.45,       323.00
N,EQ,SGIL,SYNERGY GREEN IND. LTD,       603.80,       612.85,       612.85,       600.00,       606.20,                  2833803.90,4698,N, ,275,       633.25,       420.00
N,EQ,SGL,STL GLOBAL LIMITED,        10.26,        10.31,        10.31,         9.93,        10.05,                    24666.77,2432,N, ,59,        20.79,         8.40
N,EQ,SGLRES,SGL RESOURCES LIMITED,         2.39,         2.50,         2.50,         2.32,         2.41,                   140094.06,58369,N, ,131,         2.74,         2.27
N,EQ,SGMART,SG MART LIMITED,       815.85,       822.00,       834.05,       815.55,       824.75,                 94310750.00,114546,N, ,6666,       860.60,       313.10
N,EQ,SGRL,SHREE GANESH REMEDIES LTD,       684.10,       684.00,       717.00,       684.00,       708.55,                 15451083.05,22022,N, ,1184,       717.00,       477.05
N,EQ,SHADOWFAX,SHADOWFAX TECHNOLOGIES L,       259.90,       260.90,       262.30,       256.25,       259.55,                428087704.75,1649661,N, ,18502,       268.65,        98.55
N,EQ,SHAH,SHAH METACORP LIMITED,         3.49,         3.53,         3.60,         3.45,         3.51,                  4562589.77,1297179,N, ,827,         5.88,         2.56
N,EQ,SHAILY,SHAILY ENG PLASTICS LTD,      3267.10,      3265.00,      3310.00,      3240.00,      3278.30,                252993207.70,77257,N, ,12260,      3615.20,      1770.90
N,EQ,SHAKTIPUMP,SHAKTI PUMPS (I) LTD,       472.20,       475.00,       482.80,       470.80,       473.00,                199414067.85,419668,N, ,15452,       915.00,       456.35
N,EQ,SHALBY,SHALBY LIMITED,       152.64,       152.65,       154.49,       152.00,       152.71,                  4855464.82,31700,N, ,983,       274.70,       125.82
N,EQ,SHANKARA,SHANKARA BLDG PRODUCT LTD,       147.09,       147.01,       148.99,       147.01,       148.18,                  6927102.32,46914,N, ,563,       255.00,        98.25
N,EQ,SHANKESH,SHANKESH JEWELLERS LTD,        97.40,        97.35,       103.45,        97.00,        98.92,                854506536.70,8474688,N, ,48883,       111.00,        87.25
N,EQ,SHANTI,SHANTI OVERSEAS INDIA LTD,         6.31,         6.31,         6.57,         6.11,         6.25,                   157869.49,24947,N, ,91,        12.26,         4.70
N,EQ,SHANTIGEAR,SHANTHI GEARS LTD,       582.80,       600.00,       637.45,       586.85,       621.75,               1001532765.40,1612281,N, ,42943,       637.45,       384.00
N,EQ,SHANTIGOLD,SHANTI GOLD INTERNATION L,       245.05,       247.01,       259.48,       246.00,       256.34,                634970088.05,2489253,N, ,32519,       280.75,       155.00
N,EQ,SHARDACROP,SHARDA CROPCHEM LTD.,       772.75,       771.65,       780.50,       765.00,       768.35,                 81356860.75,105369,N, ,7338,      1297.00,       755.55
N,EQ,SHARDAMOTR,SHARDA MOTOR INDS LTD,       877.90,       879.05,       885.45,       872.60,       881.95,                 24013703.25,27320,N, ,3219,      1189.90,       700.00
N,EQ,SHAREINDIA,SHARE IND. SECURITIES LTD,       169.27,       171.06,       172.75,       170.10,       170.50,                 53979011.71,316097,N, ,1853,       211.00,       115.36
N,EQ,SHBAJRG,SHRI BAJRANG ALLIANCE L,       160.83,       161.05,       165.00,       160.02,       160.67,                   358531.37,2205,N, ,89,       214.95,       150.50
N,SM,SHEETAL,SHEETAL UNIVERSAL LIMITED,       348.00,       348.10,       348.10,       348.10,       348.10,                   174050.00,500,N, ,1,       352.00,       114.00
N,SM,SHERA,SHERA ENERGY LIMITED,       182.40,       183.10,       186.80,       181.90,       182.30,                  6246300.00,34000,N, ,34,       193.35,        94.95
N,EQ,SHERVANI,SHERVANI INDUSTRIAL SYN L,       315.05,       316.00,       319.95,       315.05,       315.10,                    24655.75,78,N, ,7,       367.40,       300.05
N,SM,SHETHJI,SHREEJI GLOBAL FMCG LTD,       190.25,       190.60,       208.95,       190.60,       195.95,                 13901000.00,72000,N, ,28,       208.95,        95.50
N,SM,SHIGAN,SHIGAN QUANTUM TECH LTD,        73.95,        74.00,        74.00,        71.10,        71.10,                   650925.00,9000,N, ,6,        88.00,        41.20
N,EQ,SHILCTECH,SHILCHAR TECHNOLOGIES LTD,      4041.60,      4045.20,      4104.50,      4023.50,      4065.30,                 73233094.30,17962,N, ,3766,      5399.00,      2852.50
N,EQ,SHILGRAVQ,SHILP GRAVURES LTD.,       150.42,       149.42,       151.00,       143.00,       144.80,                  1360858.03,9295,N, ,225,       179.70,       143.00
N,EQ,SHILPAMED,SHILPA MEDICARE LTD,       956.15,       956.15,       973.90,       946.20,       964.15,                629030552.05,652726,N,XD,24194,       973.90,       259.50
N,EQ,SHINDL,SHARAT INDUSTRIES LTD.,       159.35,       159.07,       163.00,       156.20,       162.42,                 35488787.87,220380,N, ,881,       179.99,       130.60
N,EQ,SHIPROCKET,SHIPROCKET LIMITED,       135.89,       137.19,       138.20,       134.21,       135.92,                678754817.19,4989875,N, ,27339,       156.90,       124.00
N,EQ,SHIVAAGRO,SHIVA GLOBAL AGRO INDS. L,        42.90,        41.70,        41.70,        40.25,        41.39,                   200662.01,4883,N, ,24,        45.90,        37.00
N,EQ,SHIVACEM,SHIVA CEMENT LTD.,        15.70,        16.09,        16.89,        15.40,        15.97,                   892660.29,55679,N, ,302,        17.94,        15.40
N,EQ,SHIVAMAUTO,SHIVAM AUTO.LTD,        17.80,        18.40,        18.40,        17.32,        18.01,                  1403506.74,77913,N, ,187,        35.79,        13.05
N,EQ,SHIVAMILLS,SHIVA MILLS LIMITED,        61.58,        59.00,        62.00,        59.00,        60.50,                    26567.39,438,N, ,25,        77.01,        43.01
N,SM,SHIVASHRIT,SHIVASHRIT FOODS LIMITED,       120.95,       120.95,       123.50,       120.00,       120.00,                  4114350.00,34000,N, ,6,       148.50,        96.00
N,EQ,SHIVATEX,SHIVA TEXYARN LIMITED,       182.22,       185.25,       187.49,       181.11,       182.86,                  2907276.00,15793,N, ,196,       217.92,       126.06
N,EQ,SHIVAUM,SHIV AUM STEELS LIMITED,       450.00,       449.90,       455.00,       448.00,       448.05,                   470077.20,1042,N, ,57,       483.90,       275.00
N,EQ,SHK,S H KELKAR AND CO. LTD.,       150.14,       150.40,       153.58,       149.11,       150.87,                 65543470.10,432026,N, ,6066,       275.50,       111.98
N,SM,SHKSIL,SHRI HARE-KRI SPO IRON L,        34.25,        35.00,        35.50,        32.95,        34.00,                  1086800.00,32000,N, ,14,        78.35,        30.20
N,EQ,SHOPERSTOP,SHOPPERS STOP LIMITED,       391.45,       391.45,       394.95,       381.00,       381.75,                  5445545.85,14069,N, ,1118,       572.00,       275.95
N,EQ,SHRADDHA,SHRADDHA PRIME PROJECTS L,       152.78,       157.49,       159.80,       153.21,       156.48,                   488973.95,3120,N, ,131,       179.00,       142.00
N,EQ,SHRADHA,SHRADHA REALTY LIMITED,        31.90,        31.90,        32.00,        31.15,        31.48,                   508905.38,16176,N, ,127,        64.90,        26.34
N,EQ,SHREDIGCEM,SHREE DIGVIJAY CEM CO LTD,        74.28,        74.28,        74.79,        72.98,        74.44,                 14022497.35,189709,N, ,1590,       100.80,        53.90
N,EQ,SHREEJISPG,SHREEJI SHIPPING GLOBAL L,       664.25,       670.65,       684.00,       657.30,       680.15,               1560690901.80,2336669,N, ,21704,       684.00,       222.00
N,SM,SHREEKARNI,SHREE KARNI FABCOM LTD,       386.65,       382.00,       383.50,       372.00,       380.20,                  1530780.00,4050,N, ,23,       712.00,       317.10
N,SM,SHREEOSFM,SHREE OSFM E-MOBILITY LTD,        55.95,        56.40,        56.50,        56.40,        56.50,                   112900.00,2000,N, ,2,       123.95,        50.10
N,EQ,SHREEPUSHK,SHRE PUSH CHEM & FERT LTD,       477.45,       482.20,       483.00,       465.00,       475.25,                 23934545.50,50352,N, ,2458,       491.00,       272.45
N,EQ,SHREERAMA,SHREE RAMA MULTI TECH LTD,        44.52,        43.82,        45.29,        43.82,        44.12,                  2278863.77,51339,N, ,675,        71.99,        37.62
N,IV,SHREMINVIT,SHREM INVIT,       100.50,       100.50,       100.50,       100.50,       100.50,                 57787500.00,575000,N, ,2,       107.00,        91.10
N,EQ,SHREYANIND,SHREYANS INDUSTRIES LTD,       129.30,       130.00,       130.70,       126.90,       128.93,                   790453.37,6128,N, ,114,       247.22,       121.76
N,SM,SHRIKANHA,SHRI KANHA STAINLESS LTD,        21.70,        21.20,        21.20,        20.85,        20.85,                   234640.00,11200,N, ,6,        88.00,        15.10
N,EQ,SHRIKRISH,SHRI KRISHNA DEVCON LTD.,        38.85,        41.00,        41.00,        39.00,        39.79,                    49538.15,1225,N, ,34,        56.00,        35.00
N,EQ,SHRINGARMS,SHRINGAR HOU OF MANGALS L,       217.28,       218.35,       222.70,       216.51,       217.91,                 56151163.93,255200,N, ,1689,       266.50,       166.00
N,EQ,SHRIPISTON,SPR AUTO TECHNOLOGIES LTD,      4551.30,      4551.30,      4568.90,      4420.00,      4536.90,                307806512.10,68512,N, ,13669,      4785.80,      2485.00
N,EQ,SHRIRAMPPS,SHRIRAM PROPERTIES LTD,        75.68,        76.80,        77.28,        76.02,        76.90,                 19099947.53,248858,N, ,2731,        99.44,        60.57
N,EQ,SHRJAGP,SHRI JAGDAMBA POLYMERS L,       621.30,       621.30,       636.00,       600.05,       625.65,                   485480.30,782,N, ,89,       801.25,       590.05
N,SM,SHUBHSHREE,SHUBHSHREE BIOFUELS ENE L,       352.00,       352.00,       352.00,       335.00,       349.95,                   731025.00,2100,N, ,3,       475.00,       274.00
N,EQ,SHUKRAPHAR,SHUKRA PHARMACEUTICALS L,        51.93,        53.39,        55.54,        51.66,        51.93,                215195744.32,4036493,N, ,13652,        55.54,        40.06
N,EQ,SHYAMMETL,SHYAM METALICS AND ENGY L,      1076.40,      1079.90,      1087.30,      1058.60,      1065.30,                214363860.60,199343,N, ,10777,      1111.00,       746.00
N,EQ,SHYAMTEL,SHYAM TELECOM LIMITED,        11.42,        11.25,        11.93,        11.06,        11.60,                    29199.86,2583,N, ,44,        25.42,         7.07
N,EQ,SICAGEN,SICAGEN INDIA LIMITED,        58.65,        59.45,        59.45,        57.93,        58.28,                  1104542.06,18933,N, ,258,        74.06,        46.55
N,SM,SIDDHICOTS,SIDDHI COTSPIN LIMITED,        26.60,        27.60,        27.60,        26.95,        27.05,                   162840.00,6000,N, ,5,        86.40,        26.50
N,SM,SIDDHIKA,SIDDHIKA COATINGS LIMITED,       223.00,       223.00,       225.00,       223.00,       225.00,                   561450.00,2500,N, ,5,       250.00,       180.65
N,EQ,SIEL,SUPERIOR INDUSTRIAL ENT L,        30.89,        32.00,        32.00,        30.88,        31.90,                    23816.28,748,N, ,10,        44.54,        30.00
N,EQ,SIGACHI,SIGACHI INDUSTRIES LTD,        32.55,        32.55,        35.60,        32.31,        34.74,                317743261.60,9215095,N, ,27794,        46.73,        16.65
N,EQ,SIGMA,SIGMA SOLVE LIMITED,        47.42,        48.00,        48.22,        45.77,        46.66,                  6209463.99,132618,N, ,1386,       655.00,        35.46
N,EQ,SIGNATURE,SIGNATUREGLOBAL INDIA LTD,       794.20,       795.00,       809.90,       783.00,       796.55,                189704278.45,239499,N, ,9471,      1158.00,       705.20
N,EQ,SIGNPOST,SIGNPOST INDIA LIMITED,       245.45,       245.70,       250.80,       243.00,       244.25,                 13805376.10,56184,N, ,1952,       336.80,       191.41
N,EQ,SIKA,SIKA INTERPLANT SYSTEMS L,       974.75,       974.00,      1013.70,       974.00,       996.10,                 31583740.75,31520,N, ,2347,      1359.40,       870.10
N,EQ,SIL,STANDARD INDUSTRIES LTD.,        19.52,        19.91,        19.91,        19.22,        19.59,                  1290811.07,66127,N, ,440,        22.30,        11.70
N,EQ,SILGO,SILGO RETAIL LIMITED,        71.16,        71.45,        71.71,        67.30,        69.97,                  8054884.84,113233,N, ,673,        87.50,        61.00
N,EQ,SILINV,SIL INVESTMENTS LIMITED,       487.50,       484.90,       491.90,       470.00,       478.80,                  1052147.10,2201,N, ,133,       674.00,       380.00
N,SM,SILKFLEX,SILKFLEX POLYMERS INDIA L,       274.60,       288.30,       288.30,       283.00,       288.30,                 17228850.00,60000,N, ,57,       288.30,        76.00
N,SM,SILKY,SILKY OVERSEAS LIMITED,        69.95,        68.50,        71.95,        68.50,        71.95,                   223480.00,3200,N, ,4,       164.40,        62.00
N,EQ,SILLYMONKS,SILLY MONKS ENTERTAIN LTD,        16.24,        15.60,        16.49,        15.60,        16.19,                    40293.28,2494,N, ,83,        28.45,        14.61
N,EQ,SILVERTUC,SILVER TOUCH TECHNO LTD,       169.72,       169.38,       170.40,       166.68,       167.97,                 62741610.70,373676,N, ,5889,      1690.20,       100.50
N,EQ,SIMPLEXINF,SIMPLEX INFRASTRUCTURES L,       266.95,       270.00,       274.00,       264.35,       270.50,                 25860937.25,96034,N, ,1677,       330.00,       137.00
N,EQ,SIMPLXREA,SIMPLEX REALTY LTD.,       139.50,       143.98,       143.98,       142.99,       142.99,                     1726.77,12,N, ,3,       143.98,       116.10
N,EQ,SINCLAIR,SINCLAIRS HOTELS LIMITED,        83.85,        84.00,        84.75,        82.60,        83.50,                  2262041.99,26997,N, ,424,       114.75,        68.82
N,EQ,SINDHUTRAD,SINDHU TRADE LINKS LTD,        23.95,        24.15,        25.90,        23.91,        25.28,                299881716.10,11832177,N, ,16007,        32.74,        17.64
N,EQ,SINGERIND,SINGER INDIA LIMITED,        75.88,        76.63,        81.99,        75.12,        76.98,                 13378394.19,170692,N, ,2126,        91.30,        57.15
N,EQ,SINTERCOM,SINTERCOM INDIA LIMITED,        79.61,        81.20,        90.00,        79.62,        80.80,                   853570.36,10325,N, ,139,       130.00,        62.99
N,EQ,SIRCA,SIRCA PAINT INDIA LIMITED,       440.40,       440.50,       443.00,       437.00,       439.25,                 68953616.90,156696,N, ,2401,       539.00,       385.00
N,EQ,SIS,SIS LIMITED,       435.85,       435.85,       436.65,       428.05,       430.95,                168687345.60,390191,N, ,10574,       480.95,       257.05
N,EQ,SIYSIL,SIYARAM SILK MILLS LTD,       558.65,       558.65,       558.90,       549.95,       552.65,                 15819893.20,28594,N, ,2091,       848.80,       433.35
N,SM,SJLOGISTIC,S J LOGISTICS (INDIA) LTD,       315.20,       315.00,       317.95,       312.10,       315.70,                 10085487.50,32000,N, ,82,       459.00,       225.35
N,EQ,SJS,SJS ENTERPRISES LIMITED,      2411.10,      2411.10,      2411.10,      2285.00,      2306.10,                536181194.30,229418,N, ,24799,      2590.00,      1293.00
N,EQ,SJVN,SJVN LTD,        64.98,        65.05,        65.55,        64.75,        65.23,                 81960956.00,1260938,N, ,10831,        95.58,        63.02
N,EQ,SKFINDIA,SKF INDIA LTD,      1540.60,      1533.00,      1563.90,      1533.00,      1553.20,                141555983.30,91130,N, ,6442,      2300.00,      1404.00
N,EQ,SKFINDUS,SKF IND (INDUSTRIAL) LTD,      3062.80,      3070.00,      3081.90,      2981.00,      3002.50,                103169807.80,33944,N, ,9035,      3131.00,      1994.10
N,EQ,SKIPPER,SKIPPER LIMITED,       546.90,       538.15,       609.00,       533.75,       591.10,               5970106374.95,10118419,N, ,190678,       609.00,       327.05
N,EQ,SKMEGGPROD,SKM EGG PROD EXPORT(I) LT,       262.40,       261.80,       263.45,       255.70,       257.10,                 62998673.25,242481,N, ,4760,       465.00,       143.10
N,SM,SKP,SKP BEARING INDUSTRI. LTD,       146.60,       147.10,       152.50,       146.85,       151.50,                  6960525.00,46500,N, ,54,       238.00,       137.00
N,EQ,SKYGOLD,SKY GOLD AND DIAMONDS LTD,       742.00,       742.00,       788.00,       733.00,       781.45,                811262101.05,1069790,N, ,32306,       868.80,       259.00
N,SM,SKYTECH,SKYTECH INFINITE PLATFM L,        44.50,        40.05,        40.05,        40.05,        40.05,                  1281600.00,32000,N, ,15,        74.00,        40.05
N,EQ,SKYWAYS,SKYWAYS AIR SERVICES LTD,       130.06,       131.50,       133.65,       120.10,       122.72,               1075533753.03,8338807,N, ,45579,       136.45,       119.00
N,EQ,SMARTWORKS,SMARTWORKS COWORKING SP L,       531.40,       536.70,       548.80,       535.25,       541.50,                 23954953.65,44075,N, ,2063,       619.00,       361.50
N,EQ,SMCGLOBAL,SMC GLOBAL SECURITIES LTD,        79.42,        79.99,        81.90,        79.00,        81.25,                 69818829.61,865274,N, ,3326,       145.20,        54.44
N,EQ,SMLMAH,SML MAHINDRA LIMITED,      5726.00,      5725.00,      6298.50,      5719.50,      6298.50,               2603149814.00,427607,N, ,63893,      6298.50,      2719.00
N,EQ,SMLT,SARTHAK METALS LIMITED,        64.59,        65.80,        70.00,        63.12,        65.59,                   458475.26,7074,N, ,193,       122.85,        56.61
N,EQ,SMSPHARMA,SMS PHARMACEUTICALS LTD.,       374.15,       374.00,       398.40,       373.00,       392.50,                184207087.80,473075,N, ,11260,       447.80,       231.00
N,SM,SNEHAA,SNEHAA ORGANICS LIMITED,        46.00,        47.00,        49.50,        47.00,        47.00,                   288100.00,6000,N, ,6,       122.00,        35.50
N,EQ,SNOWMAN,SNOWMAN LOGISTICS LTD.,        36.41,        36.50,        37.00,        36.30,        36.85,                  2760278.41,75311,N, ,935,        59.80,        30.50
N,EQ,SOBHA,SOBHA LIMITED,      1259.10,      1273.30,      1276.60,      1243.10,      1263.80,                 93366691.40,74200,N, ,7278,      1732.00,      1130.00
N,SM,SOCL,SUNDREX OIL COMPANY LTD,        29.00,        29.00,        29.60,        29.00,        29.50,                   327600.00,11200,N, ,7,        68.80,        23.65
N,EQ,SOFTTECH,SOFTTECH ENGINEERS LTD,       421.80,       421.90,       425.00,       414.40,       423.15,                  1165156.45,2760,N, ,45,       489.90,       215.00
N,EQ,SOLARA,SOLARA ACTIVE PHA SCI LTD,       629.85,       628.00,       652.00,       619.00,       639.15,                252716772.45,396998,N, ,13734,       712.00,       422.00
N,EQ,SOLARWORLD,SOLARWORLD ENERGY SOL LTD,       149.76,       150.99,       153.23,       148.20,       149.32,                 32944743.37,219235,N, ,3713,       388.50,       139.19
N,EQ,SOLEX,SOLEX ENERGY LIMITED,       728.95,       734.80,       761.00,       720.00,       725.30,                 83505239.55,113401,N, ,7475,      1985.00,       705.10
N,EQ,SOMANYCERA,SOMANY CERAMICS LIMITED,       569.50,       573.00,       573.60,       552.55,       557.35,                 43949786.20,78257,N, ,3662,       576.80,       332.00
N,EQ,SOMATEX,SOMA TEXTILES & INDUST LT,        92.75,        96.74,        97.38,        88.25,        90.22,                  3117750.96,33507,N, ,544,       161.25,        62.15
N,EQ,SOMICONVEY,SOMI CONVEYOR BELT. LTD.,        92.21,        95.00,        95.00,        90.56,        91.33,                   798513.67,8738,N, ,240,       169.40,        80.16
N,EQ,SONACOMS,SONA BLW PRECISION FRGS L,       800.00,       800.00,       805.50,       783.20,       789.00,                646356079.20,816762,N, ,23333,       844.00,       402.30
N,EQ,SONAL,SONAL MERCANTILE LTD.,        88.99,        88.98,        88.98,        88.90,        88.98,                      444.74,5,N, ,4,       104.75,        82.50
N,SM,SONAMAC,SONA MACHINERY LIMITED,        34.10,        35.80,        35.80,        33.00,        33.00,                   237150.00,7000,N, ,7,        88.00,        27.10
N,EQ,SONATSOFTW,SONATA SOFTWARE LTD,       284.00,       286.25,       291.05,       282.15,       285.25,                236872673.50,830434,N, ,15627,       421.50,       207.15
N,EQ,SOTL,SAVITA OIL TECHNOLO. LTD,       737.35,       743.00,       744.95,       731.15,       740.75,                201712543.10,273612,N, ,12976,       814.80,       285.80
N,EQ,SOUTHBANK,THE SOUTH INDIAN BANK LTD,        47.70,        47.95,        48.44,        47.14,        47.29,                420419137.01,8819050,N, ,26264,        49.90,        28.11
N,EQ,SOUTHWEST,SOUTH WEST PINNACLE LTD,       213.12,       211.25,       220.00,       211.25,       212.92,                 30014878.22,139283,N, ,2892,       275.00,       121.00
N,EQ,SPAL,S. P. APPARELS LIMITED,      1062.80,      1062.80,      1077.00,      1025.00,      1071.10,                 67674687.80,64434,N,XD,6330,      1221.90,       600.00
N,EQ,SPANDANA,SPANDANA SPHOORTY FIN LTD,       236.52,       238.29,       242.00,       238.29,       239.81,                 19050306.43,79485,N, ,2229,       319.40,       181.10
N,EQ,SPARC,SUN PHARMA ADV.RES.CO.LTD,       202.54,       202.50,       203.19,       199.00,       199.47,                117907772.44,588034,N, ,9746,       289.00,       108.00
N,EQ,SPCENET,SPACENET ENTERS IND LTD,         3.24,         3.35,         3.53,         3.30,         3.41,                  4512283.59,1308892,N, ,858,        11.24,         3.00
N,SM,SPCL,SHIVALIC POWER CONTROL L,        61.20,        61.30,        62.95,        61.00,        62.60,                  1372050.00,22200,N, ,29,       123.40,        58.95
N,SM,SPEB,SPEB ADHESIVES LIMITED,        94.50,        95.00,        95.00,        95.00,        95.00,                   190000.00,2000,N, ,1,        98.25,        46.55
N,SM,SPECTSTM,SPECTRUM TALENT MGMT LTD,        56.00,        56.00,        56.00,        56.00,        56.00,                    44800.00,800,N, ,1,       119.00,        50.75
N,EQ,SPELS,SPEL SEMICONDUCTOR LTD,       148.61,       150.50,       150.50,       148.00,       149.38,                  2562810.25,17175,N, ,797,       157.00,       140.10
N,EQ,SPENCERS,SPENCER S RETAIL LIMITED,        28.57,        29.40,        29.40,        28.12,        28.50,                   701224.20,24318,N, ,293,        64.00,        24.38
N,EQ,SPIC,SPIC LTD,        71.13,        71.15,        72.99,        71.00,        71.28,                 46620413.78,648651,N, ,4349,       128.20,        55.10
N,EQ,SPLIL,SPL INDUSTRIES LIMITED,        30.97,        31.40,        32.50,        29.97,        30.39,                   639141.55,20970,N, ,148,        45.20,        20.20
N,EQ,SPLPETRO,SUPREME PETROCHEM LIMITED,       725.80,       725.00,       783.00,       724.95,       771.05,               1327866602.65,1726190,N, ,53198,       979.00,       462.30
N,EQ,SPMLINFRA,SPML INFRA LIMITED,       173.31,       173.60,       183.58,       172.38,       181.41,                 73291756.45,407685,N, ,6363,       302.00,       151.01
N,EQ,SPORTKING,SPORTKING INDIA LIMITED,       230.60,       232.00,       233.99,       225.40,       229.22,                 61125376.95,266293,N,XD,5971,       241.51,        78.17
N,SM,SPRL,SP REFRACTORIES LIMITED,       102.50,       102.50,       102.50,       102.50,       102.50,                    82000.00,800,N, ,1,       199.40,        74.50
N,SM,SPUNWEB,SPUNWEB NONWOVEN LIMITED,       101.10,       105.00,       106.00,       101.10,       102.90,                  3495060.00,33600,N, ,21,       173.55,        80.00
N,EQ,SRD,SHANKAR LAL RAMPAL LTD,        39.66,        39.66,        40.19,        39.27,        39.33,                  1038284.25,26155,N, ,196,        91.00,        36.00
N,EQ,SREEL,SREELEATHERS LIMITED,       258.96,       259.00,       268.80,       259.00,       265.52,                  5667580.44,21434,N, ,655,       270.00,       165.25
N,EQ,SRF,SRF LTD,      2617.00,      2631.10,      2631.10,      2532.20,      2547.00,                901947197.40,352418,N, ,33775,      3210.00,      2355.00
N,EQ,SRGHFL,SRG HOUSING FINANCE L,       249.70,       249.70,       261.00,       241.00,       245.45,                   968274.45,3956,N, ,114,       335.00,       224.40
N,EQ,SRHHYPOLTD,SREE RAYALSEEMA HHP LTD.,       508.90,       512.95,       542.00,       507.10,       531.05,                 26098554.30,49199,N, ,3306,       640.00,       382.40
N,EQ,SRIKPRIND,SRI KPR INDUSTRIES LTD.,        33.46,        36.80,        36.80,        31.11,        33.38,                 13268023.35,388915,N, ,3208,        36.80,        19.40
N,EQ,SRM,SRM CONTRACTORS LIMITED,       470.30,       475.00,       483.60,       457.95,       462.35,                 60603464.10,129358,N, ,3278,       649.95,       361.35
N,EQ,SRTL,SHREE RAM TWISTEX LIMITED,        36.72,        36.72,        37.85,        36.50,        37.71,                  1097636.24,29437,N, ,452,        73.36,        35.87
N,EQ,SSDL,SARASWATI SAREE DEPOT LTD,        55.92,        55.92,        57.78,        55.51,        56.69,                   800129.53,14090,N, ,691,        91.90,        46.15
N,SM,SSEGL,SATHLOKHAR SYN E&C GLOB L,       402.25,       400.00,       405.95,       393.10,       400.60,                  9778290.00,24400,N, ,75,       580.00,       283.00
N,EQ,SSWL,STEEL STRIPS WHEELS LTD.,       360.80,       360.75,       365.70,       348.50,       361.85,                358415129.25,1006017,N, ,20263,       366.60,       169.00
N,EQ,STANLEY,STANLEY LIFESTYLES LTD,       137.46,       137.40,       138.99,       135.00,       135.48,                  8564828.86,62857,N, ,1489,       320.45,       123.00
N,EQ,STAR,STRIDES PHARMA SCI LTD,      1053.60,      1053.10,      1066.50,      1040.00,      1059.60,                229647310.20,217190,N, ,14698,      1231.00,       768.65
N,EQ,STARCEMENT,STAR CEMENT LIMITED,       184.47,       184.47,       192.80,       184.00,       190.19,                 36201125.58,192236,N, ,3346,       308.95,       180.12
N,EQ,STARHEALTH,STAR HEALTH & AL INS CO L,       559.35,       562.20,       567.80,       553.05,       557.35,                145078125.80,260539,N, ,12805,       624.90,       416.55
N,EQ,STARPAPER,STAR PAPER MILLS LTD,       154.47,       155.24,       155.24,       150.00,       151.42,                  1676187.05,11085,N, ,241,       181.80,       119.05
N,EQ,STARTECK,STARTECK FINANCE LIMITED,       245.55,       249.80,       250.95,       244.10,       249.25,                    40283.45,162,N, ,50,       349.95,       215.10
N,EQ,STCINDIA,THE STATE TRADING CORPN,       114.65,       115.61,       119.50,       114.71,       115.28,                  7063306.76,60350,N, ,1147,       150.70,        97.04
N,EQ,STEELCAS,STEELCAST LIMITED,       317.85,       318.00,       332.40,       314.05,       328.05,                 34572007.20,106510,N, ,4903,       364.00,       176.02
N,EQ,STEELCITY,STEEL CITY SECURITIES LTD,        86.47,        87.90,        87.90,        85.00,        85.55,                   599784.01,6956,N, ,198,       106.80,        71.26
N,EQ,STEELXIND,STEEL EXCHANGE INDIA LTD,        11.31,        11.78,        11.80,        11.20,        11.34,                 44308992.09,3888782,N, ,4524,        13.95,         7.00
N,EQ,STEL,STEL HOLDINGS LIMITED,       606.95,       615.05,       616.00,       598.20,       607.90,                  2399181.00,3953,N, ,288,       689.95,       380.00
N,EQ,STLNETWORK,STL NETWORKS LIMITED,        27.50,        28.01,        28.87,        27.78,        28.87,                 62075793.03,2164957,N, ,3184,        35.40,        15.75
N,EQ,STLSTRINF,STEEL STRIPS INFRA L,        19.49,        19.50,        20.20,        19.00,        19.55,                     3234.09,168,N, ,13,        22.78,        14.59
N,EQ,STOVEKRAFT,STOVE KRAFT LIMITED,       839.75,       840.90,       849.00,       825.00,       832.55,                 77538874.55,93139,N,XD,4844,       877.00,       447.05
N,SM,STRIDERS,STRIDERS IMPEX LIMITED,        66.00,        64.70,        64.70,        64.70,        64.70,                   310560.00,4800,N, ,3,        82.00,        49.00
N,EQ,STUDDS,STUDDS ACCESSORIES LTD,       426.95,       431.35,       431.35,       422.70,       424.20,                 14533133.95,34112,N, ,2243,       600.00,       412.30
N,SM,STUDIOLSD,STUDIO LSD LIMITED,         9.50,         9.80,         9.90,         9.30,         9.85,                   193400.00,20000,N, ,10,        33.45,         7.15
N,EQ,STYL,SESHAASAI TECHNOLOGIES L,       387.05,       393.00,       399.00,       380.10,       383.50,                 47756858.25,123059,N, ,3455,       437.45,       209.11
N,EQ,STYLAMIND,STYLAM INDUSTRIES LIMITED,      3240.90,      3272.40,      3400.00,      3230.10,      3387.40,                218070442.90,65092,N, ,11811,      4150.00,      1594.10
N,EQ,STYLEBAAZA,BAAZAR STYLE RETAIL LTD,       394.85,       397.50,       403.70,       391.95,       400.25,                222551207.15,557524,N, ,5822,       447.10,       229.95
N,EQ,STYRENIX,STYRENIX PERFORMANCE LTD,      2007.00,      2007.60,      2078.00,      2007.60,      2043.20,                 61841401.20,30372,N, ,3926,      2724.90,      1780.00
N,SM,SUBAHOTELS,SUBA HOTELS LIMITED,       100.00,       100.00,       101.00,        97.70,        98.30,                  3568920.00,36000,N, ,26,       200.00,        95.05
N,EQ,SUBEXLTD,SUBEX LTD,        17.69,        17.65,        17.85,        17.21,        17.28,                 34467156.40,1970415,N, ,2978,        19.39,         6.61
N,EQ,SUBROS,SUBROS LIMITED,       705.85,       705.85,       718.00,       705.25,       709.60,                 19066462.55,26816,N, ,2029,      1213.70,       622.10
N,EQ,SUDARCOLOR,SUDARSHAN COLORNT IND LTD,       388.00,       390.60,       394.60,       381.00,       383.45,                  3051873.35,7856,N, ,292,       603.00,       268.25
N,EQ,SUDARSCHEM,SUDARSHAN CHEMICAL INDS L,      1249.30,      1249.00,      1253.60,      1216.00,      1222.80,                229370685.50,186180,N, ,12038,      1603.00,       726.40
N,EQ,SUDEEPPHRM,SUDEEP PHARMA LIMITED,      1292.80,      1300.10,      1357.40,      1300.00,      1329.30,                323092256.20,242835,N, ,19583,      1357.40,       524.05
N,EQ,SUKHJITS,SUKHJIT STARCH & CHEM LTD,       157.71,       157.81,       159.80,       157.01,       157.86,                   742320.79,4696,N, ,99,       231.10,       137.30
N,EQ,SULA,SULA VINEYARDS LIMITED,       147.56,       147.56,       150.00,       147.50,       149.00,                 25319400.79,170121,N, ,2733,       296.80,       138.60
N,EQ,SUMEDHA,SUMEDHA FISCAL SERVICES L,        38.51,        39.40,        39.49,        38.75,        39.01,                   131321.26,3377,N, ,15,        47.00,        36.60
N,EQ,SUMEETINDS,SUMEET IND LIMITED,        11.44,        11.65,        11.65,        11.14,        11.50,                 12749091.28,1120467,N, ,1434,        40.50,        11.09
N,EQ,SUMICHEM,SUMITOMO CHEM INDIA LTD,       498.35,       500.00,       504.90,       490.20,       493.40,                 70923823.00,142729,N, ,8045,       617.45,       362.60
N,EQ,SUMIT,SUMIT WOODS LIMITED,        51.57,        53.00,        53.00,        50.79,        51.71,                   492721.16,9572,N, ,370,       104.00,        31.74
N,EQ,SUMMITSEC,SUMMIT SECURITIES LTD,      1442.30,      1459.00,      1459.00,      1431.00,      1434.20,                  2255314.90,1566,N, ,290,      2495.00,      1312.00
N,EQ,SUNCLAY,SUNDARAM CLAYTON LIMITED,      1291.30,      1296.80,      1311.90,      1285.70,      1304.40,                  4125225.30,3165,N, ,372,      1942.00,      1112.80
N,EQ,SUNDARAM,SUNDARAM MULTI PAP LTD,         1.23,         1.23,         1.26,         1.21,         1.23,                   399943.60,323987,N, ,231,         2.20,         1.03
N,EQ,SUNDARMFIN,SUNDARAM FINANCE LTD,      4578.00,      4561.00,      4656.30,      4561.00,      4648.70,                 90891627.20,19600,N, ,6938,      5642.00,      4000.00
N,EQ,SUNDRMFAST,SUNDRAM FASTENERS LTD,      1199.10,      1200.00,      1217.00,      1194.40,      1212.30,                 53588498.80,44457,N, ,5482,      1250.30,       730.10
N,EQ,SUNDROP,SUNDROP BRANDS LIMITED,       656.40,       656.40,       666.05,       654.60,       662.50,                  4221271.05,6390,N, ,407,       897.60,       556.00
N,EQ,SUNFLAG,SUNFLAG IRON AND STEEL CO,       346.50,       349.95,       350.75,       342.20,       343.70,                 31186522.20,90403,N, ,1842,       428.00,       192.15
N,SM,SUNLITE,SUNLITE RECYCLING IND LTD,       540.35,       540.35,       550.00,       540.05,       542.50,                  6220665.00,11400,N, ,38,       583.55,       148.95
N,EQ,SUNLOC,SUNIL HEALTHCARE LTD.,        79.99,        79.99,        79.99,        79.98,        79.98,                     3279.58,41,N, ,2,        82.00,        67.50
N,EQ,SUNRAKSHAK,SUNRAKSHAKK INDUS IND L,       373.80,       370.00,       375.00,       365.00,       369.55,                  4965690.55,13415,N, ,177,       382.40,       363.00
N,SM,SUNREST,SUNREST LIFESCIENCE LTD,        38.75,        38.45,        39.00,        38.45,        39.00,                   372720.00,9600,N, ,4,        54.00,        29.55
N,EQ,SUNSHIEL,SUNSHIELD CHEMICALS LTD.,      1145.10,      1169.50,      1169.50,      1140.10,      1144.90,                  1123951.20,981,N, ,100,      1280.00,      1130.00
N,EQ,SUNSHINE,SUNSHINE PICTURES LIMITED,       438.80,       443.05,       476.85,       440.00,       441.45,               1257856495.65,2746047,N, ,43350,       476.85,       363.60
N,SM,SUNTECH,SUNTECH INFRA SOLUTIONS L,        41.05,        40.10,        40.10,        40.05,        40.05,                   128240.00,3200,N, ,2,        69.90,        28.70
N,EQ,SUNTECK,SUNTECK REALTY LIMITED,       297.75,       297.50,       300.70,       297.50,       299.50,                 21548935.40,71967,N, ,1502,       473.00,       270.75
N,EQ,SUNTV,SUN TV NETWORK LIMITED,       465.90,       465.95,       482.70,       464.95,       470.90,                402962289.80,846938,N, ,45751,       660.70,       455.25
N,EQ,SUPERHOUSE,SUPERHOUSE LIMITED,       168.74,       168.74,       171.00,       166.54,       169.23,                   463157.05,2738,N, ,99,       201.95,       128.55
N,EQ,SUPRAJIT,SUPRAJIT ENGINEERING LTD,       489.70,       488.00,       488.00,       476.50,       479.45,                 27276822.75,56637,N, ,4915,       559.25,       389.95
N,EQ,SUPREME,SUPREME HOLDIN N HOSP I L,        36.21,        37.70,        37.70,        36.12,        36.27,                   301570.01,8259,N, ,102,        97.84,        36.00
N,EQ,SUPREMEIND,SUPREME INDUSTRIES LTD,      3508.10,      3509.90,      3526.40,      3475.00,      3475.00,                487326156.70,139232,N, ,11277,      4642.70,      3140.00
N,EQ,SUPREMEINF,SUPREME INFRA. LTD.,        83.49,        85.18,        85.18,        82.75,        83.42,                  1341258.38,16081,N, ,140,       113.00,        58.11
N,SM,SUPREMEPWR,SUPREME POWER EQUIPMENT L,       219.10,       219.10,       232.00,       214.15,       222.60,                 14519750.00,65500,N, ,98,       291.35,       130.55
N,EQ,SUPRIYA,SUPRIYA LIFESCIENCE LTD,       842.70,       838.55,       868.00,       838.55,       852.85,                278427084.30,324059,N,XD,22527,      1085.00,       545.50
N,EQ,SURAJEST,SURAJ ESTATE DEVELOPERS L,       177.80,       177.90,       181.48,       177.52,       178.25,                 23270745.06,129331,N, ,1479,       319.00,       171.30
N,EQ,SURAJLTD,SURAJ LIMITED,       203.17,       204.00,       204.99,       201.00,       201.79,                   776262.15,3832,N, ,66,       348.65,       192.00
N,EQ,SURAKSHA,SURAKSHA DIAGNOSTIC LTD,       339.60,       339.60,       340.70,       331.00,       332.45,                 12820156.70,38299,N, ,1288,       348.95,       224.10
N,EQ,SURANASOL,SURANA SOLAR LIMITED,        25.94,        26.00,        27.75,        25.90,        26.11,                  2529435.48,96327,N, ,603,        39.08,        18.31
N,EQ,SURANAT&P,SURANA TELECOM AND POW LT,        16.21,        16.49,        16.60,        16.12,        16.57,                   483109.05,29385,N, ,231,        29.27,        15.50
N,SM,SURANI,SURANI STEEL TUBES LTD.,       100.00,        99.80,        99.80,        94.00,        99.70,                   920130.00,9600,N, ,32,       143.60,        47.30
N,EQ,SURYALA,SURYALATA SPINNING MILL L,       407.70,       419.90,       419.90,       405.00,       411.85,                   703979.85,1694,N, ,26,       508.00,       330.30
N,EQ,SURYALAXMI,SURYALAKSHMI COT MIL LTD,        60.03,        61.00,        62.49,        60.01,        60.79,                    61787.92,1013,N, ,30,        69.80,        43.00
N,EQ,SURYAROSNI,SURYA ROSHNI LTD,       216.66,       216.66,       220.58,       215.96,       216.49,                 97793705.68,449482,N, ,6657,       314.50,       187.35
N,EQ,SURYODAY,SURYODAY SMALL FIN BK LTD,       153.57,       152.60,       154.31,       151.20,       152.07,                 19916785.20,130519,N, ,2120,       218.00,       115.41
N,EQ,SUVEN,SUVEN LIFE SCIENCES LTD,       378.35,       382.00,       388.45,       376.70,       378.00,                188268634.65,494667,N, ,19774,       403.35,       124.11
N,EQ,SUVIDHAA,SUVIDHAA INFOSERVE LTD,         2.06,         2.16,         2.47,         2.01,         2.42,                  1529412.51,651333,N, ,653,         4.25,         1.77
N,EQ,SUYOG,SUYOG TELEMATICS LIMITED,       737.30,       747.55,       747.55,       723.00,       731.20,                  7777227.65,10651,N, ,758,       921.15,       526.50
N,EQ,SUZLON,SUZLON ENERGY LIMITED,        46.03,        46.11,        46.37,        45.03,        45.35,               2520349649.80,55366085,N, ,106068,        61.50,        38.19
N,EQ,SVGLOBAL,S V GLOBAL MILL LTD.,       144.01,       162.00,       172.81,       157.15,       163.62,                 48043278.63,286302,N, ,4232,       172.81,       114.30
N,EQ,SVPGLOB,SVP GLOBAL TEXTILES LTD,         3.59,         3.58,         3.71,         3.50,         3.65,                   172877.78,48032,N, ,120,         6.89,         2.18
N,EQ,SWANCORP,SWAN CORP LIMITED,       284.10,       283.50,       286.45,       279.90,       281.50,                229471134.40,810711,N, ,11721,       506.00,       279.90
N,EQ,SWARAJENG,SWARAJ ENGINES LTD,      3554.70,      3544.10,      3672.00,      3540.00,      3557.80,                 23425777.00,6552,N, ,1529,      4545.00,      3301.30
N,EQ,SWARNSAR,SWARNSARITA JEWELS IND L,        35.48,        35.05,        35.44,        34.17,        35.25,                   211514.70,6016,N, ,35,        38.75,        32.00
N,EQ,SWELECTES,SWELECT ENERGY SYS LTD,       576.90,       584.00,       584.00,       570.25,       572.50,                  9875701.15,17212,N, ,1465,       977.00,       483.10
N,EQ,SWIGGY,SWIGGY LIMITED,       269.30,       269.30,       284.40,       269.30,       276.10,              51119834391.50,184369387,N, ,239161,       474.00,       235.75
N,EQ,SWSOLAR,STRLNG & WIL REN ENE LTD,       187.79,       188.20,       191.85,       185.50,       186.23,                108774565.72,580711,N, ,8709,       281.70,       148.00
N,SM,SYLVANPLY,SYLVAN PLYBOARD (INDIA) L,        53.05,        55.55,        55.55,        55.55,        55.55,                   222200.00,4000,N, ,1,        74.80,        40.00
N,EQ,SYMBIOTEC,SYMBIOTEC PHARMALAB LTD,      1076.85,      1085.05,      1099.70,      1056.00,      1078.25,               1622156680.65,1509878,N, ,55703,      1180.00,       934.20
N,EQ,SYMPHONY,SYMPHONY LIMITED,       572.80,       573.00,       582.50,       573.00,       580.35,                 18816927.05,32564,N, ,1815,       974.70,       564.00
N,EQ,SYNCOMF,SYNCOM FORMU (I) LTD,        21.36,        20.93,        21.88,        20.01,        20.58,                346402035.74,16788160,N, ,39261,        22.59,        10.21
N,EQ,SYNGENE,SYNGENE INTERNATIONAL LTD,       400.80,       399.70,       403.15,       394.30,       395.60,                207177146.45,522372,N, ,19456,       678.95,       375.25
N,EQ,SYRMA,SYRMA SGS TECHNOLOGY LTD,      1452.80,      1455.20,      1470.00,      1450.40,      1457.30,                830434072.70,569018,N, ,34619,      1543.00,       634.50
N,SM,SYSTANGO,SYSTANGO TECHNOLOGIES LTD,       230.10,       228.00,       230.20,       223.25,       225.25,                  2891820.00,12800,N, ,31,       411.00,       202.55
N,EQ,TAALTECH,TAAL TECH LTD.,      4496.00,      4600.00,      4634.80,      4475.20,      4502.20,                 26583039.40,5834,N, ,1322,      4696.00,      2616.10
N,EQ,TAINWALCHM,TAINWALA CHEMICAL AND PLA,       207.63,       207.63,       215.50,       207.60,       213.71,                   237917.17,1124,N, ,24,       257.00,       155.00
N,EQ,TAJGVK,TAJ GVK HOTELS & RESORTS,       333.80,       333.70,       336.50,       330.35,       332.55,                 50198189.70,150325,N, ,2772,       512.65,       281.35
N,EQ,TAKE,TAKE LIMITED,        13.17,        12.52,        13.82,        12.52,        13.82,                 11878318.31,918186,N, ,912,        50.14,        10.03
N,EQ,TALBROAUTO,TALBROS AUTO. COMP. LTD,       412.15,       412.15,       413.45,       401.50,       407.75,                 30992551.55,76183,N, ,3610,       451.60,       219.90
N,EQ,TANAA,TANEJA AEROSPACE & AVIA L,       282.35,       282.35,       287.40,       280.00,       282.15,                  2642119.60,9298,N, ,441,       322.00,       279.00
N,EQ,TANLA,TANLA PLATFORMS LIMITED,       514.80,       515.45,       528.95,       515.45,       521.15,                192266588.25,368770,N, ,12911,       766.00,       365.90
N,EQ,TARACHAND,TARA CHAND INFRA SOLN LTD,        48.33,        48.75,        49.39,        48.00,        48.78,                  2649840.95,54428,N, ,1343,       103.67,        46.01
N,EQ,TARAPUR,TARAPUR TRANSFORMERS LTD,        13.33,        13.55,        13.55,        12.21,        13.03,                   597490.73,46363,N, ,303,        39.99,        12.21
N,EQ,TARC,TARC LIMITED,       124.19,       124.20,       127.98,       123.05,       126.99,                 44989660.89,355398,N, ,4209,       186.30,       109.10
N,EQ,TARIL,TRANS & RECTI. LTD,       300.60,       301.15,       305.30,       300.00,       300.95,                227208315.45,752285,N, ,15735,       552.00,       224.05
N,EQ,TARMAT,TARMAT LIMITED,        64.49,        64.49,        64.79,        60.55,        61.23,                  2277858.47,36316,N, ,623,        73.90,        46.26
N,EQ,TARSONS,TARSONS PRODUCTS LIMITED,       336.50,       336.50,       341.40,       333.00,       335.55,                 21480639.60,63661,N, ,1903,       375.00,       164.45
N,EQ,TASTYBITE,TASTY BITE EATABLES LTD,     10052.00,     10132.00,     10224.00,      9945.00,      9982.00,                 13037100.00,1301,N, ,513,     10544.00,      6430.00
N,EQ,TATACHEM,TATA CHEMICALS LTD,       641.35,       630.00,       634.50,       624.00,       625.10,                622281905.90,991042,N, ,27730,      1026.65,       580.30
N,EQ,TATACOMM,TATA COMMUNICATIONS LTD,      1696.40,      1696.40,      1763.00,      1696.40,      1756.10,                483458135.30,276930,N, ,26714,      2110.00,      1322.50
N,EQ,TATAELXSI,TATA ELXSI LIMITED,      3580.00,      3625.00,      3659.50,      3525.00,      3558.00,                729965914.20,203529,N, ,17517,      5950.00,      3353.90
N,EQ,TATAINVEST,TATA INVESTMENT CORP LTD,       637.95,       637.95,       644.00,       631.55,       633.70,                 83299751.85,130701,N, ,6814,     11847.00,       538.85
N,EQ,TATATECH,TATA TECHNOLOGIES LIMITED,       805.10,       808.05,       830.95,       796.10,       800.00,                865988164.05,1067933,N, ,49944,       891.00,       507.40
N,EQ,TATVA,TATVA CHIN PHARM CHEM LTD,      1596.20,      1609.90,      1688.00,      1580.10,      1678.50,                141769366.00,85803,N, ,9319,      1838.10,       976.40
N,SM,TBI,TBI CORN LIMITED,        72.70,        73.80,        75.90,        73.00,        73.55,                  9314370.00,125400,N, ,97,       105.85,        55.00
N,EQ,TBOTEK,TBO TEK LIMITED,      1733.70,      1733.70,      1734.90,      1671.50,      1688.90,                113190643.30,66445,N, ,5726,      1764.80,      1004.20
N,EQ,TBZ,TRIB BHIMJI ZAVERI LTD,       437.15,       456.00,       480.85,       456.00,       480.85,               1646736158.60,3486401,N, ,34113,       480.85,       110.50
N,EQ,TCC,TCC CONCEPT LIMITED,       233.13,        47.33,        49.22,        43.80,        44.10,                 26914347.29,578711,N,XO,6528,       526.40,        43.80
N,EQ,TCI,TRANSPORT CORPN OF INDIA,       870.90,       874.80,       888.25,       864.00,       868.20,                 15713156.90,18074,N, ,2514,      1242.00,       863.00
N,EQ,TCIEXP,TCI EXPRESS LIMITED,       541.30,       549.50,       557.00,       539.00,       552.90,                 35915255.40,65210,N, ,3709,       780.00,       447.55
N,SM,TCL,THAAI CASTING LIMITED,       123.60,       123.60,       124.50,       120.10,       123.00,                  3534520.00,28800,N, ,36,       147.45,        74.05
N,EQ,TCPLPACK,TCPL PACKAGING LIMITED,      3956.60,      3971.40,      4157.20,      3921.00,      4091.90,                 63228594.20,15468,N, ,3729,      4410.90,      2200.00
N,EQ,TDPOWERSYS,TD POWER SYSTEMS LTD.,       722.55,       723.00,       742.80,       717.95,       740.10,                941803466.95,1283741,N, ,71146,      1597.70,       499.80
N,EQ,TEAMGTY,TEAM INDIA GUARANTY LTD,       243.68,       243.68,       243.68,       235.10,       235.29,                   161520.01,684,N, ,35,       332.55,       210.00
N,EQ,TEAMLEASE,TEAMLEASE SERVICES LTD.,      1250.00,      1260.00,      1280.00,      1235.00,      1250.60,                 36288777.50,29000,N, ,3424,      1944.30,      1065.20
N,SM,TECHD,TECHD CYBERSECURITY LTD,       531.00,       531.10,       535.00,       528.00,       533.55,                 10362645.00,19500,N, ,60,       843.60,       360.00
N,SM,TECHERA,TECHERA ENGINEER (IND) L,       158.80,       158.65,       161.80,       156.25,       160.90,                  3056960.00,19200,N, ,24,       325.70,       127.55
N,SM,TECHLABS,TRIDENT TECHLABS LIMITED,       118.30,       121.00,       121.00,       114.00,       115.20,                  1773150.00,15125,N, ,78,       660.00,       105.00
N,EQ,TECHNOCRAF,TECHNOCRAFT VENTURES LTD,       373.20,       372.00,       373.65,       363.10,       366.10,                175486648.10,476411,N, ,9749,       383.85,       284.00
N,EQ,TECHNOE,TECHNO ELEC & ENG CO. LTD,       973.65,       975.00,       983.35,       969.30,       979.50,                 80873713.00,82871,N, ,7651,      1575.00,       870.00
N,EQ,TECHNVISN,TECHNVISION VENTURES LTD.,      5136.50,      5135.00,      5135.00,      4880.00,      4917.50,                  5639657.00,1147,N, ,260,      6198.00,      3222.80
N,EQ,TECILCHEM,TECIL CHEMICALS,         9.98,        10.10,        10.20,         9.60,         9.72,                   208490.98,21289,N, ,78,        22.87,         8.00
N,EQ,TEGA,TEGA INDUSTRIES LIMITED,      1552.80,      1555.80,      1558.00,      1536.00,      1548.00,                 85537902.40,55328,N, ,4706,      2125.00,      1473.00
N,SM,TEJA,TEJA ENGINEERING IND L,       240.30,       235.00,       238.00,       231.00,       236.05,                 13868190.00,58800,N, ,62,       775.00,       209.80
N,EQ,TEJASNET,TEJAS NETWORKS LIMITED,       567.45,       570.00,       622.80,       570.00,       614.15,              15898465329.30,26085952,N, ,340750,       644.75,       294.00
N,EQ,TEMBO,TEMBO GLOBAL IND LTD,        55.94,        56.10,        61.20,        55.40,        58.47,                432120517.83,7416209,N, ,10506,       837.00,        55.00
N,EQ,TEMPSENS,TEMPSENS INST (INDIA) LTD,       568.55,       570.80,       573.75,       547.55,       554.80,               1486500998.80,2650794,N, ,42688,       634.85,       534.70
N,EQ,TENNIND,TENNECO CLEAN AIR INDIA L,       515.70,       519.80,       521.60,       513.60,       517.55,                301062124.60,581989,N, ,24132,       657.00,       438.05
N,EQ,TERAI,TERAI TEA CO. LTD.,       124.30,       121.10,       132.95,       121.10,       121.43,                   131362.10,1068,N, ,32,       138.55,       103.00
N,EQ,TERASOFT,TERA SOFTWARE LIMITED,       281.30,       282.00,       296.55,       279.70,       283.40,                 11896447.80,41365,N, ,1207,       598.00,       279.70
N,EQ,TEXINFRA,TEXMACO INFRA & HOLDG LTD,       116.70,       116.32,       117.14,       114.50,       115.02,                 14138217.43,122665,N, ,1077,       118.74,        82.50
N,EQ,TEXMOPIPES,TEXMO PIPE & PRODUCTS LTD,        45.49,        45.90,        46.45,        45.31,        46.23,                  1079316.10,23440,N, ,267,        62.00,        33.00
N,EQ,TEXRAIL,TEXMACO RAIL & ENG. LTD.,       113.63,       113.60,       117.53,       113.33,       115.99,                435010329.17,3746637,N, ,22755,       153.00,        78.05
N,EQ,TFCILTD,TOURISM FINANCE CORP. OF,       146.71,       147.19,       147.39,       142.40,       143.26,               1185422062.43,8211306,N, ,17636,       364.90,        51.00
N,EQ,TFL,TRANSWARRANTY FIN. LTD.,        12.56,        12.56,        12.74,        12.26,        12.36,                   296263.94,23861,N, ,50,        18.50,        10.21
N,EQ,TGBHOTELS,TGB BANQUETS&HOTELS LTD,         9.69,        10.00,        10.00,         9.35,         9.48,                   233202.48,24575,N, ,150,        13.40,         7.50
N,EQ,TGVSL,T G V SRAAC LTD.,       108.57,       109.80,       114.24,       108.01,       109.98,                 68556437.66,615070,N, ,5521,       114.24,       102.50
N,EQ,THAKDEV,THAKKERS DEVELOPERS LTD.,       147.00,       144.00,       144.00,       137.00,       144.00,                     4682.05,33,N, ,7,       163.01,       115.10
N,EQ,THANGAMAYL,THANGAMAYIL JEWELLERY LTD,      5295.00,      5293.50,      5351.50,      5232.00,      5332.00,                348456347.00,65612,N, ,13547,      7430.00,      1939.50
N,EQ,THEINVEST,THE INVEST TRUST OF IND L,        98.10,        98.11,        98.11,        94.61,        95.00,                   355882.32,3714,N, ,172,       159.29,        89.00
N,EQ,THEJO,THEJO ENGINEERING LIMITED,      2091.00,      2081.00,      2142.00,      2081.00,      2125.30,                 11895014.90,5621,N, ,668,      2286.60,      1443.60
N,EQ,THELEELA,LEELA PALACES HOTEL LTD,       566.05,       564.45,       567.85,       550.00,       554.05,                313499905.10,561774,N, ,16509,       582.85,       384.50
N,EQ,THEMISMED,THEMIS MEDICARE LTD.,       124.87,       125.27,       128.08,       119.71,       120.42,                 19659158.21,159319,N, ,2791,       148.00,        64.95
N,EQ,THERMAX,THERMAX LTD,      3733.90,      3739.00,      3765.60,      3617.00,      3637.60,                945066957.20,258180,N, ,35265,      5277.80,      2742.70
N,EQ,THOMASCOOK,THOMAS COOK (INDIA) LTD,       106.31,       106.00,       112.94,       106.00,       111.65,                253665469.92,2297803,N, ,19887,       181.55,        86.35
N,EQ,THOMASCOTT,THOMAS SCOTT (INDIA) LTD,       260.95,       261.05,       269.65,       258.50,       262.75,                 11754260.80,44350,N, ,1716,       459.80,       230.00
N,EQ,THYROCARE,THYROCARE TECH LTD,       578.65,       575.05,       581.90,       573.35,       576.15,                 79356630.20,137365,N, ,17438,      1610.00,       342.55
N,EQ,TI,TILAKNAGAR INDUSTRIES LTD,       544.25,       540.00,       540.90,       520.00,       535.10,                287073173.75,540041,N, ,19586,       594.55,       381.55
N,EQ,TIGERLOGS,TIGER LOGISTICS (INDIA) L,        29.22,        29.88,        29.88,        28.16,        28.61,                  4870254.39,168111,N, ,557,        56.69,        22.90
N,EQ,TIIL,TECHNOCRAFT IND LTD,      3267.40,      3283.70,      3346.20,      3152.30,      3194.60,                 81072924.90,25085,N, ,4689,      3565.30,      1868.50
N,EQ,TIINDIA,TUBE INVEST OF INDIA LTD,      2735.40,      2727.00,      2727.00,      2685.00,      2698.00,                467051982.30,173117,N, ,18353,      3419.90,      2164.90
N,EQ,TIMETECHNO,TIME TECHNOPLAST LTD.,       189.36,       189.40,       191.15,       188.00,       188.49,                263040381.16,1385822,N, ,11544,       498.00,       154.00
N,EQ,TIMEX,TIMEX GROUP INDIA LTD.,       649.55,       654.85,       674.00,       646.30,       669.85,                214305591.20,323553,N, ,23545,       687.80,       312.00
N,EQ,TIMKEN,TIMKEN INDIA LTD.,      3124.80,      3124.90,      3139.30,      3100.00,      3125.30,                 47307706.60,15156,N, ,4681,      3925.00,      2800.50
N,EQ,TINNARUBR,TINNA RUBBER AND INFR LTD,      1036.80,      1057.80,      1057.80,      1017.20,      1028.20,                 39517683.95,38228,N, ,2812,      1322.00,       527.45
N,EQ,TIPSFILMS,TIPS FILMS LIMITED,       331.35,       332.00,       338.00,       330.00,       331.00,                  1553202.05,4667,N, ,275,       522.00,       276.75
N,EQ,TIPSMUSIC,TIPS MUSIC LIMITED,       652.05,       651.90,       656.65,       642.00,       649.75,                 94924475.10,146163,N, ,19291,       741.00,       481.15
N,EQ,TIRUMALCHM,THIRUMALAI CHEMICALS LTD,       157.86,       158.70,       159.52,       156.21,       157.19,                 37363255.88,236650,N, ,4002,       328.80,       143.50
N,SM,TIRUPATI,SHREE TIRUPATI BALAJEE,       324.00,       308.00,       308.00,       308.00,       308.00,                    38500.00,125,N, ,1,       893.00,       295.00
N,EQ,TITAGARH,TITAGARH RAIL SYSTEMS LTD,       844.20,       848.00,       898.00,       845.00,       871.85,               2642248608.65,3001183,N, ,92110,       971.00,       568.70
N,EQ,TMB,TAMILNAD MERCA BANK LTD,       942.45,       949.95,       949.95,       929.00,       932.45,                123118792.75,131784,N, ,7872,       949.95,       411.80
N,EQ,TNPETRO,TAMILNADU PETROPRODUCTS L,       137.81,       136.99,       136.99,       131.55,       132.70,                150742895.75,1119931,N, ,12495,       141.00,        78.67
N,EQ,TNPL,TAMILNADU NEWSPRT & PAPER,       154.36,       154.36,       158.80,       152.50,       155.75,                 59499430.04,382264,N, ,8632,       175.75,       121.51
N,EQ,TNTELE,TAMILNADU TELECOMMUNICATI,         8.86,         8.83,         9.07,         8.83,         8.88,                   203630.31,22878,N, ,147,        17.90,         7.81
N,EQ,TOKYOPLAST,TOKYO PLAST INTL LTD,        77.79,        75.14,        77.68,        75.14,        76.51,                   145704.62,1924,N, ,33,       140.85,        53.86
N,EQ,TOLINS,TOLINS TYRES LIMITED,        91.94,        91.70,        93.50,        90.16,        91.98,                  4083022.40,44505,N, ,817,       202.00,        83.04
N,EQ,TORNTPOWER,TORRENT POWER LTD,      1289.30,      1289.90,      1308.00,      1260.20,      1299.10,                513745258.50,398524,N, ,29173,      1824.10,      1188.00
N,EQ,TOTAL,TOTAL TRANSPORT SYS LTD,        70.31,        69.61,        74.80,        69.10,        70.88,                   334498.80,4743,N, ,116,        87.89,        45.00
N,EQ,TOUCHWOOD,TOUCHWOOD ENTERTAIN LTD.,        59.20,        58.61,        62.86,        57.60,        62.81,                    74666.25,1237,N, ,54,       128.00,        57.60
N,EQ,TOYAMSL,TOYAM SPORTS LTD.,         0.61,         0.62,         0.62,         0.60,         0.61,                    79902.35,129950,N, ,151,         0.69,         0.60
N,EQ,TPLPLASTEH,TPL PLASTECH LIMITED,        72.53,        72.53,        73.39,        70.81,        71.74,                  8480091.39,117553,N, ,1088,        90.33,        50.01
N,EQ,TRACXN,TRACXN TECHNOLOGIES LTD,        29.94,        30.08,        30.12,        29.80,        29.96,                  5752336.36,191760,N, ,543,        55.90,        25.39
N,EQ,TRANSCOR,TRANSCORP INTERNATIONAL L,        24.97,        24.90,        25.60,        24.47,        25.49,                    63206.05,2509,N, ,28,        26.48,        21.00
N,EQ,TRANSRAILL,TRANSRAIL LIGHTING LTD,       427.45,       428.05,       434.70,       428.05,       429.30,                134900903.95,313125,N, ,9964,       823.00,       425.80
N,SM,TRANSTEEL,TRANSTEEL SEATING TECH L,        76.70,        77.00,        77.50,        75.45,        75.90,                  4277250.00,56000,N, ,40,       169.00,        71.15
N,EQ,TRAVELFOOD,TRAVEL FOOD SERVICES LTD,      1278.40,      1278.40,      1304.50,      1270.00,      1296.30,                 78638598.00,61349,N, ,4028,      1470.90,      1035.30
N,EQ,TREEHOUSE,TREE HOUSE EDU LTD,         6.22,         6.42,         6.44,         5.73,         6.29,                   161401.20,26470,N, ,171,        11.00,         5.52
N,EQ,TREJHARA,TREJHARA SOLUTIONS LTD,       145.99,       148.83,       154.65,       146.50,       152.01,                  2816320.74,18766,N, ,400,       284.85,       128.40
N,EQ,TREL,TRANSINDIA REAL ESTATE L,        26.94,        26.94,        27.69,        26.80,        27.44,                  5880682.37,215792,N, ,3571,        34.05,        21.47
N,EQ,TRF,TRF LIMITED,       230.03,       231.90,       232.00,       229.13,       231.59,                  1085177.47,4712,N, ,235,       405.00,       215.50
N,EQ,TRIDENT,TRIDENT LIMITED,        23.99,        24.03,        24.59,        23.97,        24.16,                 79632904.88,3292066,N, ,10401,        30.94,        21.98
N,EQ,TRIGYN,TRIGYN TECHNOLOGIES LTD,        59.60,        59.89,        60.40,        57.66,        58.97,                  5859383.93,99874,N, ,2412,       102.40,        37.55
N,EQ,TRITONV,TRITON VALVES LTD.,      1115.50,      1100.00,      1150.00,      1100.00,      1136.10,                  2632040.00,2321,N, ,280,      1219.30,      1100.00
N,EQ,TRITURBINE,TRIVENI TURBINE LIMITED,       571.70,       573.90,       582.65,       571.35,       577.30,                147006536.55,254725,N, ,42114,       787.60,       428.35
N,EQ,TRIVENI,TRIVENI ENGG. & INDS. LTD,       280.50,       281.90,       281.90,       274.50,       275.65,                130708659.30,472150,N, ,9430,       314.90,       220.05
N,SM,TROM,TROM INDUSTRIES LIMITED,        60.35,        60.35,        60.55,        59.50,        59.50,                   540090.00,9000,N, ,12,       109.80,        42.90
N,EQ,TRU,TRUCAP FINANCE LIMITED,         4.08,         4.05,         4.13,         4.00,         4.05,                   377758.66,93025,N, ,183,        13.82,         3.90
N,EQ,TRUALT,TRUALT BIOENERGY LIMITED,       426.40,       426.40,       430.95,       420.40,       425.25,                 51720720.95,121440,N, ,4284,       549.00,       310.20
N,SM,TRUST,TRUST FINTECH LIMITED,        31.40,        30.95,        31.00,        29.50,        30.00,                   578370.00,19200,N, ,23,        77.00,        23.80
N,EQ,TSFINV,TSF INVESTMENTS LIMITED,       406.05,       406.30,       415.00,       402.05,       404.70,                 23455434.40,57607,N, ,2499,       701.50,       331.70
N,EQ,TTKHLTCARE,TTK HEALTHCARE LIMITED,      1103.20,      1107.00,      1123.20,      1086.10,      1100.20,                 21702400.70,19761,N, ,2255,      1216.00,       735.00
N,EQ,TTKPRESTIG,TTK PRESTIGE LTD,       583.95,       582.05,       586.65,       560.30,       562.75,                 51336550.40,90200,N, ,6382,       771.20,       423.00
N,EQ,TTL,T T LIMITED,         6.86,         7.03,         7.08,         6.77,         6.81,                  1440475.54,210015,N, ,356,        11.80,         5.50
N,EQ,TTML,TATA TELESERV(MAHARASTRA),        38.01,        38.00,        38.45,        37.65,        37.74,                 52398679.92,1380442,N, ,6995,        60.62,        31.22
N,SM,TUNWAL,TUNWAL E-MOTORS LIMITED,        25.25,        25.35,        25.55,        25.00,        25.10,                  1717500.00,68000,N, ,30,        49.80,        25.00
N,EQ,TURTLEMINT,TURTLEMINT FINTECH SOLS L,       144.29,       145.45,       146.04,       142.66,       144.08,                 55652671.50,385856,N, ,9478,       160.00,       110.41
N,EQ,TUTIALKA,TUTICORIN ALKAL CH & FE L,        61.00,        62.35,        62.90,        59.05,        60.36,                  1731581.98,28654,N, ,203,        62.90,        52.00
N,EQ,TVSELECT,TVS ELECTRONICS LTD,       421.30,       422.35,       426.00,       416.10,       420.85,                  7073108.95,16780,N, ,973,       739.35,       336.20
N,EQ,TVSHLTD,TVS HOLDINGS LIMITED,     13156.00,     13140.00,     13499.00,     13140.00,     13374.00,                105422727.00,7881,N, ,2516,     15700.00,     12931.00
N,EQ,TVSSCS,TVS SUPPLY CHAIN SOL L,       129.53,       129.60,       132.53,       126.96,       130.41,                120313116.54,926210,N, ,12531,       146.50,        90.32
N,EQ,TVSSRICHAK,TVS SRICHAKRA LIMITED,      5249.00,      5330.00,      5404.50,      5220.00,      5237.50,                 64335300.00,12133,N, ,2823,      5760.00,      2830.80
N,EQ,TVTODAY,TV TODAY NETWORK LTD,       111.14,       112.75,       112.75,       110.09,       110.95,                  3842538.59,34674,N, ,260,       156.48,        93.50
N,EQ,UBL,UNITED BREWERIES LTD,      1284.20,      1299.00,      1326.00,      1277.00,      1279.40,                455984062.80,352868,N, ,27321,      1874.00,      1276.00
N,EQ,UCOBANK,UCO BANK,        24.64,        24.65,        25.02,        24.55,        24.78,                148780671.46,5993994,N, ,13828,        34.20,        22.22
N,EQ,UDAYJEW,UDAY JEWELLERY INDS. LTD.,       138.14,       143.00,       143.20,       136.70,       143.00,                   448973.81,3159,N, ,110,       151.00,       115.04
N,EQ,UDS,UPDATER SERVICES LIMITED,       236.61,       240.00,       240.30,       231.60,       239.03,                115242109.14,487592,N, ,9651,       264.67,       125.10
N,EQ,UEL,UJAAS ENERGY LIMITED,       230.10,       236.99,       241.60,       234.20,       241.60,                  4510893.79,18811,N, ,301,       284.20,       117.51
N,EQ,UFLEX,UFLEX LIMITED,       686.70,       683.30,       691.45,       671.40,       675.60,                114760597.35,168967,N, ,5807,       723.50,       330.00
N,EQ,UFO,UFO MOVIEZ INDIA LTD.,        65.44,        66.40,        66.40,        64.25,        65.09,                  2801373.10,42873,N, ,398,        92.97,        53.75
N,EQ,UGARSUGAR,THE UGAR SUGAR WORKS LTD,        58.56,        58.40,        58.50,        53.01,        53.35,                 73344806.93,1348315,N, ,8614,        62.10,        33.75
N,EQ,UGROCAP,UGRO CAPITAL LIMITED,        84.89,        85.10,        87.25,        84.67,        86.35,                 49800162.51,574138,N, ,2153,       192.50,        80.12
N,EQ,UJJIVANSFB,UJJIVAN SMALL FINANC BANK,        62.99,        62.99,        64.88,        62.90,        64.43,                781074431.77,12168369,N, ,53653,        73.94,        42.00
N,EQ,ULTRAMAR,ULTRAMARINE & PIGMENTS L,       435.15,       441.95,       446.50,       434.70,       437.15,                 37104764.95,84008,N, ,3580,       455.75,       364.10
N,SM,UMA,UMA CONVERTER LIMITED,        17.55,        17.30,        18.00,        17.30,        18.00,                   141200.00,8000,N, ,2,        24.50,        14.40
N,EQ,UMESLTD,USHA MARTIN EDU & SOL LTD,         5.00,         5.40,         5.40,         4.80,         5.09,                    65251.86,12835,N, ,140,         7.14,         3.88
N,EQ,UMIYA-MRO,UMIYA BUILDCON LIMITED,        96.84,        98.70,       105.90,        98.70,       104.42,                 14254903.24,137662,N, ,1798,       110.90,        70.00
N,EQ,UNICHEMLAB,UNICHEM LABORATORIES LTD,       547.95,       551.95,       557.90,       546.55,       550.20,                 31160372.15,56415,N, ,2615,       687.20,       278.20
N,EQ,UNIECOM,UNICOMMERCE ESOLUTIONS L,        85.93,        86.85,        88.00,        84.10,        87.62,                 23714542.91,273184,N, ,2434,       155.80,        78.51
N,EQ,UNIENTER,UNIPHOS ENTERPRISES LTD,        94.06,        96.00,        96.00,        93.00,        93.19,                   631623.98,6732,N, ,130,       161.80,        87.51
N,SM,UNIHEALTH,UNIHEALTH HOSPITALS LTD,       719.95,       719.95,       725.00,       700.00,       724.00,                  8230150.00,11500,N, ,18,       820.00,       133.65
N,EQ,UNIINFO,UNIINFO TELECOM SERVI LTD,        11.26,        11.26,        11.26,        10.95,        11.00,                    17810.81,1618,N, ,18,        20.45,         9.36
N,SM,UNILEX,UNILEX COLOURS AND CHEM L,        27.45,        28.25,        28.25,        27.75,        27.75,                    89600.00,3200,N, ,2,        48.60,        20.05
N,EQ,UNIMECH,UNIMECH AEROSPACE N MFG L,      1465.30,      1476.00,      1517.00,      1468.40,      1502.70,                268932059.50,179849,N, ,14610,      1555.00,       695.00
N,EQ,UNIPARTS,UNIPARTS INDIA LIMITED,       899.90,       895.40,       899.90,       850.00,       874.05,                272851627.70,311978,N, ,18351,       915.95,       392.00
N,EQ,UNITECH,UNITECH LTD,         3.71,         3.71,         4.08,         3.71,         4.08,                 57902067.46,14406516,N, ,3337,         7.93,         3.10
N,EQ,UNITEDPOLY,UNITED POLYFAB GUJ. LTD.,        40.41,        40.50,        42.00,        40.00,        41.66,                  8730415.10,210611,N, ,1047,        51.16,        20.60
N,EQ,UNITEDTEA,UNITED NILGIRI TEA LTD,       447.05,       448.95,       449.00,       441.00,       442.80,                  3277335.25,7393,N, ,123,       590.00,       412.00
N,EQ,UNIVCABLES,UNIVERSAL CABLES LTD,      1626.80,      1631.00,      1649.90,      1540.00,      1576.30,                439649790.30,278353,N, ,23447,      1774.90,       576.00
N,EQ,UNOMINDA,UNO MINDA LIMITED,      1269.00,      1258.00,      1260.30,      1237.50,      1249.70,                714220336.30,574742,N, ,23640,      1382.00,       994.00
N,EQ,UPL,UPL LIMITED,       585.35,       581.05,       589.40,       579.45,       582.15,               1011613942.30,1730115,N, ,29048,       812.20,       557.95
N,SM,URBAN,URBAN ENVIRO WASTE MGMT L,       119.85,       119.55,       121.50,       116.65,       117.60,                  5088640.00,43200,N, ,47,       193.20,       114.00
N,EQ,URBANCO,URBAN COMPANY LIMITED,       177.46,       177.80,       183.97,       176.27,       181.09,               1244689535.65,6940698,N, ,47935,       201.18,       100.70
N,EQ,URJA,URJA GLOBAL LIMITED,         9.15,         9.06,         9.69,         9.04,         9.18,                  6186504.63,672065,N, ,1966,        14.45,         8.00
N,SM,USASEEDS,UPSURGE SEEDS OF AGRI LTD,        88.80,        85.00,        92.40,        84.40,        92.40,                   112050.40,1284,N, ,3,       282.65,        76.50
N,SM,USHAFIN,USHA FINANCIAL SERVICES L,        51.00,        51.50,        54.95,        51.25,        54.70,                  3058000.00,57600,N, ,23,        54.95,        26.75
N,EQ,USHAMART,USHA MARTIN LTD.,       515.65,       518.00,       529.30,       511.10,       514.15,                849128754.90,1631592,N, ,39970,       529.30,       374.00
N,EQ,USK,UDAYSHIVAKUMAR INFRA LTD,        20.61,        21.24,        21.24,        20.40,        20.99,                   359447.24,17245,N, ,147,        35.17,        18.97
N,EQ,UTIAMC,UTI ASSET MNGMT CO LTD,       880.40,       880.35,       885.00,       877.60,       880.55,                 42782692.05,48517,N, ,3902,      1418.00,       866.00
N,SM,UTKAL,UTKAL SPEC INDUS INDIA L,        46.90,        49.20,        49.20,        48.95,        48.95,                   196300.00,4000,N, ,2,        66.00,        22.60
N,EQ,UTKARSHBNK,UTKARSH SMALL FIN BANK L,        14.89,        15.00,        15.10,        14.51,        14.56,                 88159940.97,5961768,N, ,5603,        23.30,        10.12
N,EQ,UTLSOLAR,FUJIYAMA POWER SYSTEMS L,       428.50,       427.10,       435.05,       425.15,       429.75,                 72900266.70,169583,N, ,6902,       494.25,       172.00
N,EQ,UTTAMSUGAR,UTTAM SUGAR MILLS LTD.,       299.00,       300.90,       302.00,       275.30,       281.20,                109430728.80,383064,N, ,8840,       359.30,       181.10
N,EQ,V2RETAIL,V2 RETAIL LIMITED,       219.00,       219.94,       219.94,       211.31,       216.50,                350239074.01,1628077,N, ,24592,      2564.10,       180.00
N,EQ,VADILALIND,VADILAL INDUSTRIES LTD,      7615.00,      7581.50,      7690.00,      7522.00,      7655.00,                 54563752.00,7172,N, ,2271,      8447.00,      3996.00
N,EQ,VADILENT,VADILAL ENTERPRISES LTD.,     10495.00,     10489.00,     10489.00,      9600.00,     10045.00,                   356062.00,35,N, ,32,     12598.00,      9401.00
N,EQ,VAIBHAVGBL,VAIBHAV GLOBAL LIMITED,       215.30,       215.30,       224.49,       215.30,       218.74,                 67128816.14,304029,N, ,8130,       293.25,       174.13
N,EQ,VAISHALI,VAISHALI PHARMA LIMITED,         8.36,         8.44,         8.54,         8.16,         8.32,                   575735.72,68892,N, ,232,        12.70,         4.75
N,EQ,VAKRANGEE,VAKRANGEE LIMITED,         5.80,         5.80,         5.89,         5.70,         5.79,                  7485470.56,1296846,N, ,1962,         9.77,         4.61
N,SM,VALUE360,VALUE 360 COMMUNICATION L,        74.90,        69.00,        74.30,        69.00,        74.00,                   432360.00,6000,N, ,5,        91.00,        67.35
N,EQ,VAML,VEDANTA ALUMINIUM METAL L,       435.85,       437.40,       439.90,       429.40,       437.75,               2885501797.20,6641767,N, ,74214,       537.00,       423.15
N,EQ,VARDMNPOLY,VARDHMAN POLYTEX LTD.,         5.94,         6.10,         6.10,         5.85,         5.87,                   699020.62,118267,N, ,310,         9.49,         5.10
N,EQ,VARROC,VARROC ENGINEERING LTD.,       839.15,       842.00,       843.40,       808.05,       826.35,                231597369.65,282257,N, ,14447,       896.00,       462.00
N,EQ,VASCONEQ,VASCON ENGINEERS LTD,        30.05,        30.13,        30.85,        29.82,        30.47,                  6234668.17,205749,N, ,1192,        74.59,        26.75
N,EQ,VASUPRADA,SHRI VASUPRADA PLANTATI L,       102.00,       107.10,       107.10,       107.10,       107.10,                      107.10,1,N, ,1,       107.10,        94.00
N,EQ,VASWANI,VASWANI IND LTD,        46.52,        48.80,        48.80,        46.26,        47.01,                   845598.69,17934,N, ,197,        69.99,        44.50
N,SM,VDEAL,VDEAL SYSTEM LIMITED,       160.00,       158.60,       164.00,       157.00,       157.00,                   381960.00,2400,N, ,4,       260.00,       142.00
N,EQ,VEDAVAAG,VEDAVAAG SYSTEMS LTD.,        18.14,        18.30,        18.44,        18.05,        18.17,                   313266.74,17174,N, ,80,        19.80,        16.98
N,EQ,VEDPOWER,VEDANTA POWER LIMITED,        34.29,        34.37,        34.59,        34.13,        34.20,                419844318.24,12242508,N, ,35209,        49.88,        33.06
N,EQ,VEEDOL,VEEDOL CORPORATION LTD,      1462.80,      1464.90,      1486.00,      1464.90,      1476.80,                  7201332.60,4888,N, ,1034,      2035.00,      1238.20
N,SM,VEEKAYEM,VEEKAYEM FASH & APP LTD,       114.35,       111.00,       114.50,       108.65,       113.05,                   832275.00,7500,N, ,15,       318.00,        79.80
N,EQ,VENKEYS,VENKY S (INDIA) LIMITED,      1677.10,      1677.10,      1683.90,      1655.20,      1659.60,                 41792363.20,25085,N, ,3287,      1800.00,      1165.00
N,EQ,VENTIVE,VENTIVE HOSPITALITY LTD,       585.70,       594.45,       594.45,       581.95,       588.20,                  9467807.20,16151,N, ,941,       793.95,       542.60
N,EQ,VENUSPIPES,VENUS PIPES & TUBES LTD,      1594.80,      1607.60,      1645.00,      1596.00,      1631.00,                148761287.80,91566,N,XD,6869,      1875.00,       890.00
N,EQ,VERANDA,VERANDA LEARNING SOL LTD,       242.27,       244.30,       244.44,       239.01,       242.63,                 33608132.48,139217,N, ,2225,       272.50,       130.02
N,SM,VERITAAS,VERITAAS ADVERTISING LTD,        31.45,        29.95,        30.00,        29.90,        29.90,                   251460.00,8400,N, ,6,        74.90,        28.60
N,SM,VERTEXPLUS,VERTEXPLUS TECHNOLOGIES L,        54.00,        51.70,        56.70,        51.30,        56.70,                   160800.00,3000,N, ,5,       149.80,        35.95
N,IV,VERTIS,VERTIS INFRASTRUCTURE TST,       115.00,       115.05,       115.05,       115.05,       115.05,                  5752500.00,50000,N, ,2,       125.00,        98.20
N,EQ,VERTOZ,VERTOZ LIMITED,        38.63,        38.13,        39.22,        37.00,        37.66,                  1955283.68,51344,N, ,503,        86.75,        27.02
N,EQ,VESUVIUS,VESUVIUS INDIA LTD,       420.00,       420.00,       423.60,       418.35,       419.15,                 17106837.35,40711,N, ,2493,       607.90,       403.95
N,EQ,VGCL,VIBRANT GLOBAL CAPITAL L,        52.36,        54.59,        54.84,        51.07,        52.62,                   390144.38,7319,N, ,149,        62.95,        51.07
N,SM,VGINFOTECH,VIRTUAL GALAXY INFOTECH L,       143.75,       143.80,       143.95,       138.00,       139.40,                  8959850.00,64000,N, ,60,       201.80,        99.50
N,EQ,VGL,VARVEE GLOBAL LIMITED,        56.56,        57.00,        58.95,        51.35,        53.31,                  6632028.29,123080,N, ,651,       191.80,        43.70
N,EQ,VGUARD,V-GUARD IND LTD.,       339.25,       339.50,       339.50,       329.05,       335.40,                250167284.85,751013,N, ,15035,       392.20,       288.80
N,EQ,VHL,VARDHMAN HOLDINGS LIMITED,      3607.10,      3590.00,      3696.00,      3590.00,      3626.40,                  2830533.20,779,N, ,149,      4050.00,      2870.00
N,SM,VICTORYEV,VICTORY ELEC VEHICL INT L,        15.20,        15.15,        15.65,        15.15,        15.65,                   185400.00,12000,N, ,4,        34.45,        13.70
N,EQ,VIDHIING,VIDHI SPCLTY F INGRDNTS L,       342.80,       345.00,       350.50,       342.20,       347.75,                  3542497.10,10251,N, ,471,       410.00,       258.60
N,EQ,VIDYAWIRES,VIDYA WIRES LIMITED,        89.45,        89.99,        90.51,        88.53,        90.13,                 75088739.03,838636,N, ,8510,       117.35,        42.51
N,SM,VIESL,VISION INFRA EQUIP SOL L,       396.35,       393.00,       398.00,       384.00,       393.10,                 17183560.00,44000,N, ,51,       417.50,       170.00
N,EQ,VIJAYA,VIJAYA DIAGNOSTIC CEN LTD,      1505.50,      1511.00,      1521.60,      1490.00,      1493.20,                 68471204.90,45618,N, ,9312,      1573.00,       848.00
N,SM,VIJAYPD,VIJAYPD CEUTICAL LIMITED,        69.90,        67.60,        67.60,        63.00,        63.00,                  3444700.00,54000,N, ,9,       114.50,        35.00
N,EQ,VIJSOLX,VIJAY SOLVEX LTD.,       684.40,       678.00,       693.70,       678.00,       687.70,                   152564.45,222,N, ,49,       719.90,       657.50
N,EQ,VIKASECO,VIKAS ECOTECH LIMITED,         1.08,         1.08,         1.09,         1.07,         1.07,                  1962919.23,1815757,N, ,1062,         2.15,         0.99
N,EQ,VIKASLIFE,VIKAS LIFECARE LIMITED,         1.30,         1.30,         1.31,         1.28,         1.29,                  1703268.10,1315249,N, ,8430,         2.37,         1.05
N,EQ,VIKRAMSOLR,VIKRAM SOLAR LIMITED,       171.65,       173.00,       175.60,       167.85,       168.45,                608902886.21,3550735,N, ,29320,       407.95,       155.38
N,EQ,VIKRAN,VIKRAN ENGINEERING LTD,        57.68,        57.68,        61.50,        57.67,        60.77,                115452290.56,1930821,N, ,8512,       118.40,        51.10
N,SM,VILAS,VILAS TRANSCORE LIMITED,       356.10,       356.10,       360.00,       350.00,       353.70,                  7732750.00,21750,N, ,68,       604.00,       320.00
N,SM,VILINBIO,VILIN BIO MED LIMITED,        51.70,        51.60,        54.25,        51.60,        54.25,                  3671200.00,68000,N, ,17,        54.40,        18.95
N,EQ,VIMTALABS,VIMTA LABS LIMITED,       652.25,       655.45,       657.00,       631.05,       635.65,                141175175.35,219490,N, ,11395,       902.65,       376.05
N,EQ,VINATIORGA,VINATI ORGANICS LTD,      1313.70,      1328.00,      1336.00,      1309.00,      1310.70,                 76000566.30,57413,N, ,9076,      1849.90,      1203.00
N,EQ,VINCOFE,VINTAGE COFFEE N BVRGS L,       176.48,       176.80,       177.66,       168.18,       170.65,                397812133.51,2286890,N, ,19538,       189.40,       120.24
N,EQ,VINDHYATEL,VINDHYA TELELINKS LTD,      2736.20,      2748.00,      2814.00,      2710.00,      2732.70,                227986949.80,82288,N, ,9683,      2814.00,       963.90
N,EQ,VINEETLAB,VINEET LABORATORIES LTD,        37.50,        37.70,        38.29,        36.82,        37.37,                  1439291.78,38381,N, ,280,        49.99,        27.96
N,EQ,VINNY,VINNY OVERSEAS LIMITED,         1.03,         1.04,         1.04,         1.00,         1.02,                   242333.76,236444,N, ,172,         1.53,         0.94
N,SM,VINYAS,VINYAS INNOVATIVE TECH L,      1537.55,      1555.00,      1600.00,      1550.00,      1559.35,                 10536155.00,6700,N, ,53,      1730.00,       809.00
N,EQ,VINYLINDIA,VINYL CHEMICALS (I) LTD.,       227.94,       227.94,       234.00,       224.00,       232.38,                  2379015.87,10241,N, ,314,       325.00,       161.00
N,EQ,VIPCLOTHNG,VIP CLOTHING LIMITED,        20.17,        20.50,        20.70,        19.92,        20.15,                  1668526.88,82615,N, ,309,        41.20,        14.05
N,EQ,VIPIND,VIP INDUSTRIES LTD,       310.35,       309.80,       317.75,       308.95,       314.05,                138278530.75,440277,N, ,6947,       454.30,       278.25
N,EQ,VIRAT,VIRAT INDUSTRIES LTD.,       429.50,       430.00,       436.40,       414.30,       423.35,                  2367871.20,5617,N, ,128,       494.40,       268.05
N,EQ,VIRINCHI,VIRINCHI LIMITED,        14.86,        14.85,        15.08,        14.38,        14.70,                  1687086.54,115200,N, ,265,        32.69,        13.81
N,EQ,VISACHROME,VISA CHROME LIMITED,        39.53,        40.49,        40.49,        37.80,        38.34,                  1275080.00,33107,N, ,207,        73.68,        27.05
N,EQ,VISAKAIND,VISAKA INDUSTRIES LIMITED,        90.50,        90.50,        96.00,        90.18,        93.37,                 40961940.05,440201,N, ,4419,       104.41,        50.20
N,SM,VISAMAN,VISAMAN GLOBAL SALES LTD,        64.60,        61.40,        61.40,        61.40,        61.40,                 31989400.00,521000,N, ,14,       145.00,        61.40
N,SM,VISDEM,VISDEM TECHNOSYS LIMITED,        94.70,        94.70,       107.95,        94.70,       103.75,                  2432340.00,24000,N, ,20,       132.80,        61.00
N,EQ,VISHAL,VISHAL FABRICS LTD.,        18.47,        18.92,        19.10,        18.22,        18.67,                  1041690.13,55662,N, ,353,        26.10,        14.20
N,EQ,VISHNU,VISHNU CHEMICALS LIMITED,       688.45,       694.10,       723.20,       681.00,       702.00,                441196865.25,623372,N, ,25286,       723.20,       443.70
N,SM,VISHNUINFR,VISHNUSURYA PROJ N INFR L,       160.55,       160.00,       160.50,       158.00,       158.00,                   239250.00,1500,N, ,3,       218.90,       125.20
N,EQ,VISHWARAJ,VISHWARAJ SUGAR IND LTD,         5.93,         6.00,         6.03,         5.86,         5.90,                  1718418.43,290468,N, ,576,        10.20,         4.14
N,EQ,VISL,VEDANTA IRON AND STEEL L,        36.07,        36.25,        36.44,        34.76,        35.39,               1003253665.85,28223582,N, ,49071,        44.78,        19.06
N,EQ,VITAL,VITAL CHEMTECH LIMITED,        54.49,        54.00,        56.00,        53.55,        55.72,                   856987.10,15658,N, ,58,        69.40,        35.40
N,SM,VIVIDEL,VIVID ELECTROMECH LIMITED,      1631.55,      1631.55,      1648.00,      1565.00,      1591.60,                 44099004.00,27360,N, ,105,      1690.00,       556.00
N,EQ,VIVIDHA,VISAGAR POLYTEX LTD,         0.50,         0.52,         0.54,         0.50,         0.52,                    41638.22,80310,N, ,131,         0.91,         0.43
N,EQ,VIVOBIOT,VIVO BIO TECH LTD.,        18.70,        18.79,        19.38,        18.32,        18.80,                   247738.39,13081,N, ,116,        20.94,        17.51
N,EQ,VIYASH,VIYASH SCIENTIFIC LIMITED,       260.45,       260.80,       268.30,       260.75,       265.85,                878066516.80,3313584,N, ,26625,       298.00,       168.55
N,SM,VLINFRA,V.L.INFRAPROJECTS LIMITED,        26.50,        27.45,        27.80,        27.40,        27.80,                   248100.00,9000,N, ,6,        39.60,        18.00
N,EQ,VLSFINANCE,VLS FINANCE LTD,       246.57,       245.20,       248.35,       245.20,       246.44,                  1593892.96,6476,N, ,156,       339.00,       198.81
N,SM,VMARCIND,V MARC INDIA LIMITED,       348.70,       347.95,       347.95,       313.85,       320.10,                370329525.00,1140000,N, ,686,      1708.00,       248.00
N,EQ,VMART,VMART RETAIL LTD,       839.10,       841.00,       847.00,       813.30,       824.20,                 56503394.55,68219,N, ,7962,       888.00,       457.90
N,EQ,VMM,VISHAL MEGA MART LIMITED,       107.80,       107.00,       107.39,       105.92,       106.14,                829985261.55,7783965,N, ,75778,       155.32,        98.77
N,SM,VMOBILE,VINIT MOBILE LIMITED,        61.00,        59.05,        60.00,        58.85,        58.85,                   285760.00,4800,N, ,6,       155.00,        58.85
N,EQ,VMSTMT,VMS TMT LIMITED,        45.53,        46.00,        46.00,        45.02,        45.46,                   901176.10,19824,N, ,236,       105.00,        33.50
N,EQ,VOEPL,VIRTUOSO OPTOELECTRONIC L,       545.90,       545.90,       558.45,       540.05,       553.20,                 52619922.45,95767,N, ,2104,       593.45,       428.65
N,EQ,VOGL,VEDANTA OIL AND GAS LTD,        37.54,        37.74,        38.74,        37.15,        38.02,               1175867730.04,30917507,N, ,46929,        47.60,        30.42
N,EQ,VOITHPAPR,VOITH PAPER FABRICS IND L,      1480.20,      1490.00,      1504.40,      1455.10,      1458.60,                   950431.40,643,N, ,57,      1696.00,      1410.00
N,SM,VOLERCAR,VOLER CAR LIMITED,       210.00,       214.95,       252.00,       214.95,       246.95,                 38209360.00,160800,N, ,91,       292.90,       189.00
N,EQ,VOLTAMP,VOLTAMP TRANSFORMERS LTD,     11182.00,     11206.00,     11550.00,     11206.00,     11418.00,                581442515.00,50836,N, ,17493,     12863.00,      6666.00
N,EQ,VOLTAS,VOLTAS LTD,      1178.00,      1172.00,      1189.70,      1167.00,      1170.00,                543177400.90,460619,N, ,22604,      1582.50,      1151.00
N,EQ,VPRPL,VISHNU PRAKASH R PUNGLI L,        35.99,        36.99,        37.70,        36.00,        36.28,                 21596467.63,589692,N, ,3806,       130.50,        23.94
N,EQ,VRAJ,VRAJ IRON AND STEEL LTD,       122.71,       122.26,       125.71,       120.24,       121.71,                  1488552.35,12164,N, ,409,       159.99,        93.00
N,EQ,VRLLOG,VRL LOGISTICS LIMITED,       297.85,       297.30,       298.95,       294.80,       297.70,                 39741467.15,133531,N, ,5719,       310.20,       225.00
N,SM,VSCL,VADIVARHE SPCLTY CHEM LTD,        21.95,        21.00,        21.00,        20.90,        20.90,                   439350.00,21000,N, ,6,        31.80,        16.05
N,EQ,VSSL,VARDHMAN SPC STEEL LTD,       363.95,       365.10,       369.20,       353.30,       364.15,                 50694198.65,140547,N, ,4110,       375.95,       206.40
N,EQ,VSTIND,VST INDUSTRIES LTD,       207.96,       207.95,       209.02,       207.21,       208.15,                 20111630.30,96626,N, ,3519,       286.78,       200.00
N,EQ,VSTL,VIBHOR STEEL TUBES LTD,       115.15,       115.15,       118.35,       115.00,       117.66,                  2628716.72,22471,N, ,566,       168.00,       100.80
N,EQ,VSTTILLERS,VST TILLERS TRACTORS LTD,      4175.30,      4196.10,      4220.40,      4151.80,      4187.60,                 16945556.90,4042,N, ,951,      6374.00,      4128.00
N,EQ,VTL,VARDHMAN TEXTILES LIMITED,       588.65,       592.00,       604.10,       586.70,       598.20,                169592098.95,284973,N, ,11338,       688.00,       385.50
N,EQ,VTMLTD,V T M LTD.,        56.57,        56.29,        57.70,        55.30,        56.12,                   180189.41,3172,N, ,65,        61.90,        44.50
N,EQ,WAAREEENER,WAAREE ENERGIES LIMITED,      2579.90,      2580.00,      2650.00,      2576.60,      2635.00,               1432828154.50,547994,N, ,32169,      3865.00,      2403.00
N,EQ,WAAREEINDO,INDOSOLAR LIMITED,       274.85,       277.95,       277.95,       268.05,       272.00,                 20531209.35,75519,N, ,1766,       419.45,       261.20
N,EQ,WAAREERTL,WAAREE RENEWABLE TECH LTD,       847.90,       847.90,       863.60,       847.90,       858.95,                 69708691.85,81592,N, ,6906,      1358.00,       779.50
N,EQ,WABAG,VA TECH WABAG LTD,      2011.10,      2017.00,      2031.20,      1996.00,      2005.30,                389142360.50,193647,N, ,15725,      2253.50,      1033.00
N,EQ,WAKEFIT,WAKEFIT INNOVATIONS LTD,       149.64,       151.50,       156.18,       149.94,       151.55,                188254771.20,1231198,N, ,13903,       224.00,       111.40
N,EQ,WALCHANNAG,WALCHANDNAGAR INDUSTRIES,       206.13,       206.94,       212.00,       206.94,       208.61,                 83721881.94,400336,N, ,6130,       315.80,       131.15
N,SM,WALPAR,WALPAR NUTRITIONS LIMITED,        24.10,        23.75,        23.75,        23.75,        23.75,                    47500.00,2000,N, ,1,        50.60,        21.25
N,EQ,WANBURY,WANBURY LIMITED,       243.35,       243.95,       249.30,       243.00,       246.20,                 12789717.10,51910,N, ,1519,       358.85,       161.50
N,EQ,WARDINMOBI,WARDWIZARD INNO & MOB L,         5.70,         5.85,         5.89,         5.70,         5.86,                  1673602.97,288674,N, ,684,         6.99,         5.25
N,EQ,WATERBASE,WATERBASE LTD.,        47.36,        48.73,        48.99,        47.11,        48.63,                  1066004.85,22127,N, ,174,        93.15,        44.11
N,EQ,WCIL,WESTERN CARRIERS (IND) L,        83.96,        84.40,        84.76,        83.06,        83.38,                  2176883.95,25920,N, ,784,       147.29,        77.02
N,EQ,WEALTH,WEALTH FRST PORT. MG. LTD,       847.50,       850.00,       850.00,       831.15,       841.70,                  1123960.70,1333,N, ,182,      1294.80,       774.95
N,EQ,WEBELSOLAR,WEBSOL ENERGY SYSTEM LTD,        77.33,        77.60,        79.80,        73.55,        74.53,                199205752.90,2610445,N, ,15138,      1415.00,        50.40
N,EQ,WEIZMANIND,WEIZMANN LTD,        74.21,        76.78,        76.78,        72.20,        74.50,                    74060.98,1005,N, ,47,       122.50,        65.21
N,EQ,WEL,WONDER ELECTRICALS LTD,        79.37,        79.25,        79.25,        75.41,        76.03,                147960005.65,1935872,N, ,8169,       183.53,        75.01
N,EQ,WELCORP,WELSPUN CORP LIMITED,      2641.60,      2649.20,      2662.00,      2566.00,      2590.60,               3260493473.30,1247810,N, ,90933,      2676.00,       710.00
N,EQ,WELENT,WELSPUN ENTERPRISES LTD.,       764.75,       761.80,       825.00,       757.40,       813.60,               2347717221.80,2915318,N, ,76010,       825.00,       412.00
N,EQ,WELSPLSOL,WELSPUN SPECIALTY SOL L,        56.02,        56.95,        59.95,        56.01,        59.55,                253749951.00,4319775,N, ,19334,        63.25,        36.00
N,EQ,WELSPUNLIV,WELSPUN LIVING LIMITED,       200.61,       201.00,       209.93,       199.90,       208.51,               1540684488.28,7470859,N, ,54289,       209.93,       107.10
N,EQ,WENDT,WENDT (INDIA) LIMITED,      8307.00,      8359.00,      8360.00,      8124.00,      8160.00,                 34736768.00,4236,N, ,1236,     10341.00,      5841.50
N,EQ,WESTLIFE,WESTLIFE FOODWORLD LTD,       540.55,       540.55,       542.00,       528.10,       530.60,                 18270806.05,34235,N, ,2315,       775.00,       398.40
N,EQ,WEWIN,WE WIN LIMITED,        42.53,        42.00,        45.25,        40.83,        41.91,                   111994.61,2680,N, ,55,        78.00,        35.38
N,EQ,WEWORK,WEWORK INDIA MANAGEMENT L,       654.70,       662.00,       681.65,       659.25,       666.95,                225976465.25,335811,N, ,19077,       794.50,       420.00
N,EQ,WHBRADY,W H BRADY & CO. LTD.,       497.85,       500.30,       500.30,       480.00,       482.20,                   120912.20,248,N, ,21,       589.90,       477.00
N,EQ,WHEELS,WHEELS INDIA LTD,      1654.40,      1660.00,      1778.70,      1645.20,      1724.90,                577445967.90,336451,N, ,28376,      1808.00,       705.85
N,EQ,WHIRLPOOL,WHIRLPOOL OF INDIA LTD,       804.40,       805.95,       820.65,       802.40,       815.95,                157603054.05,193831,N, ,13291,      1437.00,       751.00
N,EQ,WILLAMAGOR,WILLIAMSON MAGOR,        24.58,        26.50,        26.50,        24.00,        25.40,                   103049.36,4157,N, ,74,        37.50,        21.11
N,EQ,WINDLAS,WINDLAS BIOTECH LIMITED,      1127.10,      1129.90,      1152.40,      1115.00,      1126.35,                216628386.55,190854,N, ,13776,      1152.40,       697.40
N,EQ,WINDMACHIN,WINDSOR MACHINES LIMITED,       312.10,       312.00,       312.75,       302.00,       304.25,                 12035674.35,39051,N, ,943,       343.90,       200.65
N,SM,WINSOL,WINSOL ENGINEERS LIMITED,       112.50,       111.95,       120.00,       111.95,       116.00,                   936220.00,8000,N, ,19,       222.00,        93.50
N,EQ,WIPL,THE WESTERN INDIA PLY LTD,       165.61,       169.94,       169.94,       167.99,       167.99,                     2698.65,16,N, ,4,       193.20,       133.10
N,EQ,WOCKPHARMA,WOCKHARDT LIMITED,      1950.60,      1980.00,      2108.50,      1976.10,      2088.70,               7325712597.30,3557646,N, ,156657,      2422.30,      1086.70
N,SM,WOL3D,WOL 3D INDIA LIMITED,       130.00,       136.00,       136.50,       136.00,       136.50,                   272500.00,2000,N, ,2,       216.70,       106.65
N,EQ,WONDERLA,WONDERLA HOLIDAYS LTD.,       525.25,       525.00,       536.70,       520.00,       533.90,                 39601312.50,74859,N, ,4214,       659.00,       455.00
N,EQ,WORTHPERI,WORTH PERIPHERALS LIMITED,       153.99,       157.00,       157.00,       152.70,       154.99,                   641987.80,4169,N, ,80,       169.80,       109.00
N,EQ,WPIL,W P I L LTD.,       445.50,       446.80,       452.60,       440.00,       443.90,                  5513970.45,12409,N, ,814,       510.35,       383.55
N,EQ,WSI,W.S.INDUSTRIES (I) LTD.,        59.44,        59.65,        61.46,        58.77,        60.37,                  3876816.96,64372,N, ,1895,        95.00,        53.80
N,EQ,WSTCSTPAPR,WEST COAST PAPER MILLS LT,       656.95,       655.35,       662.65,       643.10,       650.25,                181299648.75,276595,N, ,13751,       662.65,       375.00
N,SM,WTICAB,WISE TRAVEL INDIA LIMITED,       107.00,       110.00,       110.00,       104.00,       104.15,                  2273950.00,21500,N, ,41,       185.50,        75.15
N,EQ,XCHANGING,XCHANGING SOLUTIONS LTD,        60.99,        60.40,        61.55,        60.25,        61.40,                  3764739.55,61684,N, ,663,       103.00,        47.50
N,EQ,XELPMOC,XELPMOC DESIGN & TECH LTD,        79.40,        79.41,        81.70,        78.51,        80.14,                  1923822.86,24153,N, ,556,       155.50,        74.00
N,EQ,XPROINDIA,XPRO INDIA LIMITED,      1280.30,      1279.00,      1337.40,      1279.00,      1325.10,                202552331.00,154351,N, ,8506,      1574.80,       788.05
N,EQ,XTGLOBAL,XTGLOBAL INFOTECH LIMITED,        31.58,        32.39,        33.04,        30.35,        31.69,                  6055792.23,190376,N, ,1262,        46.25,        25.20
N,EQ,XTRANET,XTRANET TECHNOLOGIES LTD,       195.20,       197.20,       234.24,       193.11,       234.24,               1262045286.66,5584599,N, ,39510,       234.24,       122.50
N,SM,YAAP,YAAP DIGITAL LIMITED,       132.00,       141.90,       141.90,       135.00,       137.80,                  5367900.00,39000,N, ,39,       214.40,       117.00
N,EQ,YASHO,YASHO INDUSTRIES LIMITED,      4051.20,      4080.00,      4184.60,      3966.10,      4134.10,                159014984.10,38997,N, ,7784,      4994.00,      1130.00
N,SM,YASHOPTICS,YASH OPTICS & LENS LTD,       121.00,       122.00,       125.00,       122.00,       123.75,                   889080.00,7200,N, ,9,       153.50,        97.50
N,EQ,YATHARTH,YATHARTH HOSP & TRA C S L,       962.30,       971.50,       994.70,       963.10,       991.10,                309134504.70,314144,N, ,14526,      1024.85,       538.25
N,EQ,YATRA,YATRA ONLINE LIMITED,       113.08,       113.20,       116.25,       112.65,       113.49,                122230656.85,1067659,N, ,11837,       202.00,        89.90
N,SM,YCCL,YASONS CHEMEX CARE LTD,         9.25,         9.25,         9.25,         8.40,         8.60,                   241500.00,27000,N, ,9,        13.95,         8.40
N,EQ,YESBANK,YES BANK LIMITED,        22.54,        22.47,        22.62,        22.44,        22.50,                714928561.27,31739702,N, ,64395,        25.78,        17.20
N,EQ,YOGI,YOGI LTD.,       161.90,       167.00,       167.00,       163.45,       163.45,                    14825.00,90,N, ,5,       180.00,       130.01
N,SM,YUDIZ,YUDIZ SOLUTIONS LIMITED,        25.80,        25.80,        26.95,        25.50,        26.95,                    62600.00,2400,N, ,3,        39.30,        22.15
N,EQ,YUKEN,YUKEN INDIA LIMITED,      1010.05,      1010.05,      1024.95,       999.00,      1010.80,                  9223074.30,9116,N, ,910,      1030.90,       584.10
N,EQ,ZAGGLE,ZAGGLE PREPA OCEAN SER L,       182.63,       183.50,       186.98,       180.10,       180.77,                166114727.54,912980,N, ,9981,       409.20,       154.36
N,SM,ZEAL,ZEAL GLOBAL SERVICES LTD,        65.00,        66.00,        66.00,        65.00,        65.50,                   117900.00,1800,N, ,3,       124.75,        55.90
N,EQ,ZEEL,ZEE ENTERTAINMENT ENT LTD,        91.64,        92.00,        92.95,        90.50,        91.61,               1191582646.95,13036739,N, ,52576,       121.80,        68.00
N,EQ,ZEEMEDIA,ZEE MEDIA CORPORATION LTD,         8.11,         8.31,         8.34,         8.10,         8.22,                 11832974.88,1442303,N, ,1680,        13.26,         6.65
N,SM,ZENITHDRUG,ZENITH DRUGS LIMITED,        39.85,        40.50,        43.00,        40.50,        42.75,                   474080.00,11200,N, ,13,        73.45,        33.30
N,EQ,ZENITHSTL,ZENITH STEEL PIP IND LTD,         5.37,         5.39,         6.43,         5.25,         5.90,                  5126569.76,845763,N, ,1281,        10.33,         4.41
N,EQ,ZENSARTECH,ZENSAR TECHNOLOGIES  LTD,       465.45,       468.50,       475.95,       460.50,       461.55,                232508256.00,499424,N, ,16414,       868.95,       423.00
N,EQ,ZENTEC,ZEN TECHNOLOGIES LIMITED,      1810.30,      1810.80,      1838.20,      1795.20,      1801.40,                307724705.20,169326,N, ,13069,      2043.70,      1223.00
N,EQ,ZFCVINDIA,ZF COM VE CTR SYS IND LTD,      2524.80,      2532.00,      2575.00,      2514.00,      2551.90,                 77236917.20,30385,N, ,8920,     16665.00,      2260.00
N,EQ,ZFSTEERING,Z F STEERING GEAR (I) LTD,       667.75,       673.00,       677.90,       661.00,       667.50,                  5023066.80,7552,N, ,163,       798.90,       650.05
N,EQ,ZIMLAB,ZIM LABORATORIES LIMITED,       128.02,       128.66,       129.00,       125.25,       125.50,                  6951981.07,54799,N, ,871,       136.90,        59.31
N,EQ,ZODIAC,ZODIAC ENERGY LIMITED,       240.22,       242.99,       246.00,       237.00,       240.17,                  2797680.22,11622,N, ,388,       415.00,       205.55
N,EQ,ZODIACLOTH,ZODIAC CLOTHING CO. LTD.,        72.85,        72.40,        73.12,        71.43,        72.23,                   675030.05,9323,N, ,220,       119.45,        58.50
N,EQ,ZOTA,ZOTA HEALTH CARE LIMITED,      1101.20,      1100.00,      1159.30,      1100.00,      1132.40,                104564890.00,91901,N, ,5781,      1740.00,      1022.00
N,EQ,ZSARACOM,SARASWATI COMM (INDIA) L,     10227.00,     10096.00,     11600.00,      9808.00,     11302.00,                  2367989.00,221,N, ,127,     14400.00,      9000.00
N,SM,ZTECH,Z-TECH (INDIA) LIMITED,       498.00,       493.15,       500.00,       468.00,       476.30,                 12430950.00,25800,N, ,77,       701.00,       460.00
N,EQ,ZUARI,ZUARI AGRO CHEMICALS LTD,       225.04,       225.00,       226.99,       224.42,       225.56,                 14963113.46,66309,N, ,1148,       375.00,       175.10
N,EQ,ZUARIIND,ZUARI INDUSTRIES LIMITED,       273.20,       273.90,       279.35,       271.80,       276.45,                 12370663.40,45048,N, ,1427,       416.00,       210.00
N,EQ,ZYDUSWELL,ZYDUS WELLNESS LIMITED,       538.20,       536.95,       546.60,       527.15,       531.70,                112801571.30,209449,N, ,17559,      2625.00,       367.55
 , , , , , , , , , , , , , , , 
 , , ,TRADE FOR TRADE STOCKS, , , , , , , , , , , , 
N,BE,3IINFOLTD,3I INFOTECH LIMITED,        21.79,        21.99,        22.50,        21.99,        22.37,                  3599783.63,161133,N, ,591,        27.80,        12.68
N,BE,AARNAV,AARNAV FASHIONS LIMITED,        32.22,        32.22,        32.95,        32.10,        32.17,                    75047.71,2300,N, ,21,        37.40,        21.00
N,BE,AARTECH,AARTECH SOLONICS LIMITED,        49.16,        49.50,        49.50,        48.50,        48.64,                   647138.84,13250,N, ,74,        64.75,        33.51
N,BE,AARTISURF,AARTI SURFACTANTS LIMITED,       544.25,       549.90,       554.90,       540.00,       548.50,                  5028820.10,9195,N, ,319,       677.70,       316.00
N,BE,ABAN,ABAN OFFSHORE LTD.,        14.78,        14.90,        15.05,        14.49,        14.99,                   542097.74,36824,N, ,279,        47.52,        12.89
N,BE,ABINFRA,A B INFRABUILD LIMITED,        11.18,        11.15,        11.59,        10.95,        11.35,                  2613015.27,234755,N, ,399,       224.98,         8.82
G,BE,ABMINTLLTD,ABM INTERNATIONAL LTD,        57.00,        55.86,        55.86,        55.86,        55.86,                    18880.68,338,N, ,9,        72.80,        34.00
N,BE,ACCURACY,ACCURACY SHIPPING LIMITED,         4.22,         4.27,         4.34,         4.27,         4.31,                   109126.56,25313,N, ,142,         7.51,         3.40
N,BE,ACSTECH,A C S TECHNOLOGIES LTD.,        50.69,        51.90,        52.00,        51.00,        51.83,                  6427167.44,124987,N, ,235,        54.77,        31.71
N,BE,AHLWEST,ASIAN HOTELS (WEST) LTD,       512.05,       511.25,       530.90,       487.00,       530.85,                   230619.50,442,N, ,21,       664.45,       487.00
N,BE,AKSHARCHEM,AKSHARCHEM INDIA LIMITED,       424.00,       445.20,       445.20,       402.80,       444.85,                 30166261.30,70539,N, ,959,       445.20,       141.30
N,BE,AKSHOPTFBR,AKSH OPTIFIBRE  LTD,         7.08,         6.99,         7.43,         6.99,         7.43,                  1660683.67,227194,N, ,287,         9.00,         3.82
N,BE,ALKALI,ALKALI METALS LTD,        66.52,        66.50,        68.85,        65.25,        65.55,                   380375.74,5638,N, ,57,       107.38,        46.80
N,BE,ALPHAGEO,ALPHAGEO (INDIA) LIMITED,       315.00,       321.70,       329.80,       317.10,       323.85,                  4880105.90,15099,N, ,388,       368.00,       164.80
G,BE,AMANTA,AMANTA HEALTHCARE LIMITED,       190.23,       194.03,       194.03,       194.03,       194.03,                  2199330.05,11335,N, ,28,       205.57,        92.00
N,BE,AMBALALSA,AMBALAL SARABHAI ENT L,        43.67,        43.67,        45.60,        42.80,        43.73,                  1760411.70,39962,N, ,185,        49.98,        30.15
N,BE,ANNU,ANNU PROJECTS LIMITED,        71.82,        68.23,        69.00,        68.23,        68.23,                 28147292.89,412335,N, ,3486,        75.60,        68.23
N,BE,APTECHT,APTECH LIMITED,        90.97,        91.00,        91.99,        88.25,        89.13,                 11550891.02,128869,N, ,903,       144.30,        69.10
N,BE,ARROWGREEN,ARROW GREENTECH LIMITED,       777.40,       777.40,       816.00,       775.85,       814.10,                 33590157.45,41808,N, ,1054,       821.60,       341.95
N,BE,ASAHISONG,ASAHI SONGWON COLOR LTD,       368.80,       372.00,       377.00,       367.10,       372.65,                  6722251.05,18001,N, ,194,       413.95,       179.64
N,BE,ASHIKAG,ASHIKA GLOBAL SEC LTD,       429.25,       443.85,       443.85,       421.00,       426.85,                 35284147.30,82968,N, ,168,       520.95,       339.95
N,BE,ASMS,AVIO SMART MRKT STACK LTD,         7.11,         7.11,         7.23,         7.01,         7.07,                   462030.78,65281,N, ,228,        17.60,         6.66
N,BE,AVG,AVG LOGISTICS LIMITED,       171.30,       171.30,       173.00,       165.05,       166.04,                  6410621.30,38132,N, ,257,       264.43,       116.66
G,BE,BAFNAPH,BAFNA PHARMACEUTICALS LTD,       301.85,       296.60,       296.60,       295.85,       295.85,                  1420561.95,4794,N, ,74,       318.50,        94.77
N,BE,BASML,BANNARI AM SPIN MILL LTD.,        25.02,        24.91,        25.45,        24.91,        25.41,                  1002543.29,39871,N, ,121,        31.90,        17.05
N,BE,BGRENERGY,BGR ENERGY SYSTEMS LTD,       238.44,       238.44,       247.80,       235.70,       246.26,                 10376265.87,42914,N, ,466,       490.80,       173.00
N,BE,BHAGERIA,BHAGERIA INDUSTRIES LTD,       290.15,       288.00,       304.65,       286.00,       304.65,                 66049020.80,218809,N, ,1396,       304.65,       127.51
N,BE,BHARATGEAR,BHARAT GEARS LTD,       104.49,       104.49,       106.48,       102.05,       102.93,                  1872692.69,18094,N, ,187,       154.20,        83.80
N,BE,BI,BILCARE LTD.,        91.29,        93.57,        95.85,        91.52,        95.85,                  8517750.05,89587,N, ,233,       111.51,        51.62
N,BE,BILVYAPAR,BIL VYAPAR LIMITED,         3.98,         3.98,         4.09,         3.91,         4.04,                    25258.51,6223,N, ,29,        14.70,         3.80
N,BE,BIRLACABLE,BIRLA CABLE LIMITED,       358.65,       376.55,       376.55,       375.55,       376.55,                 65801386.90,174752,N, ,1035,       376.55,       104.00
N,BE,BLACKROSE,BLACK ROSE INDS. LTD.,       112.43,       113.00,       115.00,       111.15,       113.02,                  1876913.60,16624,N, ,191,       129.90,        80.05
N,BE,BLISSGVS,BLISS GVS PHARMA LTD,       639.35,       630.00,       671.30,       607.40,       671.00,                230043407.45,347698,N, ,3162,       671.30,       118.00
N,BE,BLUECOAST,BLUE COAST HOTELS LIMITED,        23.16,        22.58,        24.20,        22.01,        23.49,                    20401.83,892,N, ,24,        71.47,        18.57
N,BE,BNALTD,B & A LTD.,       360.00,       360.00,       360.00,       360.00,       360.00,                    15120.00,42,N, ,2,       589.00,       310.40
N,BE,BROOKS,BROOKS LAB LIMITED,        64.15,        65.95,        66.68,        64.00,        66.07,                   843757.90,12920,N, ,95,       163.90,        36.30
N,BE,BTTL,BHILWARA TECHNICAL TEXT L,        42.66,        43.08,        43.49,        41.00,        41.53,                   172553.10,4172,N, ,62,        58.23,        30.00
N,BE,BYKE,THE BYKE HOSPITALITY LTD,        31.90,        32.88,        32.88,        31.22,        32.11,                  1058745.88,33009,N, ,128,        76.73,        26.25
N,BE,CALSOFT,CALIFORNIA SOFTWARE CO LT,        43.13,        43.00,        43.00,        40.98,        40.98,                  6468149.79,155604,N, ,609,        43.13,        10.90
N,BE,CAPTRUST,CAPITAL TRUST LIMITED,        19.76,        20.00,        20.70,        19.44,        20.04,                   748378.43,37318,N, ,101,        45.90,        10.98
N,BE,CHEMBONDCH,CHEMBOND CHEMICAL LIMITED,       259.00,       261.60,       267.45,       252.00,       254.45,                  1373339.95,5353,N, ,132,       290.00,       104.85
N,BE,CHEMCON,CHEMCON SPECIAL CHEM LTD,       201.29,       201.95,       202.40,       197.55,       198.38,                  2915702.51,14633,N, ,252,       295.00,       125.00
N,BE,CLEDUCATE,CL EDUCATE LIMITED,        59.53,        58.99,        59.75,        56.65,        58.08,                   754584.95,12818,N, ,81,       116.09,        35.48
N,BE,COFFEEDAY,COFFEE DAY ENTERPRISE LTD,        31.30,        32.20,        32.86,        31.92,        32.86,                 36822270.17,1123239,N, ,1393,        51.46,        21.00
N,BE,CONSOFINVT,CONSO. FIN. & HOLD. LTD.,       274.60,       288.30,       288.30,       288.30,       288.30,                  6288111.30,21811,N, ,40,       320.00,       152.00
N,BE,COUNCODOS,COUNTRY CONDO S LIMITED,         6.52,         6.65,         6.65,         6.44,         6.45,                    74684.95,11466,N, ,62,         8.89,         3.71
N,BE,CRSL,CRESSANDA RAILWAY SOLUT L,         2.61,         2.61,         2.74,         2.48,         2.73,                  1882951.33,702306,N, ,867,         3.56,         1.72
N,BE,CTE,CAMBRIDGE TECH ENTER LTD,        41.03,        41.01,        42.74,        39.51,        41.82,                   471697.42,11345,N, ,76,        59.93,        20.51
N,BE,CYBERTECH,CYBERTECH SYSTEMS & SOFTW,       132.27,       134.39,       134.39,       132.50,       133.36,                   923511.08,6933,N, ,135,       274.80,        95.30
N,BE,DAMODARIND,DAMODAR INDUSTRIES LTD,        28.98,        29.12,        29.12,        28.22,        28.45,                    42828.52,1493,N, ,14,        38.80,        20.00
N,BE,DBEIL,DEEPAK BUILDERS & ENG I L,         6.14,         6.20,         6.44,         6.05,         6.43,                  1335262.16,210682,N, ,344,       185.60,         6.01
N,BE,DBSTOCKBRO,DB (INT) STOCK BROKERS,        29.07,        29.19,        29.19,        28.40,        28.63,                   119870.65,4158,N, ,36,        48.50,        23.15
N,BE,DCM,DCM LIMITED,        76.97,        77.00,        78.40,        76.80,        77.01,                  1246366.88,16163,N, ,42,       105.00,        55.00
N,BE,DELPHIFX,DELPHI WORLD MONEY LTD,         5.94,         6.17,         6.17,         5.80,         6.04,                   705470.25,117604,N, ,214,       264.00,         5.80
N,BE,DHABRIYA,DHABRIYA POLYWOOD LTD.,       513.30,       515.85,       528.90,       501.00,       503.45,                  4496894.50,8802,N, ,178,       603.00,       485.00
N,BE,DIACABS,DIAMOND POWER INFRA LTD,       322.90,       324.00,       339.00,       316.70,       331.80,                380195919.85,1146702,N, ,9863,       379.00,       115.57
N,BE,DPSCLTD,DPSC LIMITED,         7.27,         7.40,         7.45,         6.95,         7.09,                  1053716.27,147130,N, ,464,        13.31,         6.84
N,BE,DPWIRES,D P WIRES LIMITED,       153.99,       154.00,       156.50,       154.00,       154.62,                   385164.87,2489,N, ,69,       306.95,       125.02
N,BE,DSFCL,DCM SHRIRAM FINE CHEM LTD,        25.75,        25.79,        26.24,        25.50,        25.81,                  1722068.96,66854,N, ,145,        52.50,        17.28
N,BE,DTIL,DHUNSERI TEA & IND. LTD.,       152.87,       153.63,       153.63,       146.60,       150.64,                   933038.39,6245,N, ,110,       198.90,       102.00
N,BE,DUCON-RE1,DUCON INFRATECH LTD,         0.65,         0.39,         0.41,         0.39,         0.39,                  2231747.29,5721926,N, ,1818,         0.85,         0.39
N,BE,E2E,E2E NETWORKS LIMITED,       592.70,       573.10,       615.00,       573.10,       601.55,                377008653.85,631973,N, ,11345,      4538.00,       361.20
N,BE,EASTSILK,EASTERN SILK INDUSTRIES L,        63.99,        63.99,        63.99,        60.80,        61.00,                    69304.19,1126,N, ,29,        69.45,        46.27
N,BE,EBIX,EBIX LIMITED,        19.84,        20.24,        20.48,        19.50,        20.28,                   404890.98,20412,N, ,75,        22.83,        16.03
G,BE,EIFFL,EURO (I) FRESH FOODS LTD,       278.60,       273.05,       273.05,       273.05,       273.05,                   388823.20,1424,N, ,15,       381.96,       204.98
N,BE,EMAMIPAP,EMAMI PAPER MILLS LIMITED,       110.40,       112.35,       115.92,       111.70,       115.92,                  4063153.08,35403,N, ,307,       133.70,        55.00
N,BE,EMMBI,EMMBI INDUSTRIES LIMITED,        90.17,        91.05,        94.20,        90.75,        91.00,                   536428.45,5830,N, ,66,       116.90,        60.30
N,BE,EQUIPPP,EQUIPPP SOC IMP TECH LTD,        22.89,        22.89,        22.89,        22.10,        22.75,                    42849.25,1891,N, ,12,        25.89,        13.85
N,BE,ESAFSFB,ESAF SMALL FINANCE BANK L,        41.67,        41.67,        41.84,        41.05,        41.41,                 11238635.69,271495,N, ,1394,        44.99,        19.78
G,BE,EUROTEXIND,EUROTEX IND & EXPORTS LTD,        13.99,        13.73,        13.73,        13.73,        13.73,                     4119.00,300,N, ,1,        23.80,        11.83
N,BE,EVERESTIND,EVEREST INDUSTRIES LTD,       425.25,       425.00,       433.95,       415.00,       423.90,                  5388365.65,12743,N, ,149,       750.00,       284.90
G,BE,FAIRCHEMOR,FAIRCHEM ORGANICS LIMITED,       661.10,       661.10,       661.10,       652.00,       660.25,                  2160339.10,3280,N, ,57,       846.80,       428.05
N,BE,FLEXITUFF,FLEXITUFF VENTURES INT L,         2.40,         2.40,         2.40,         2.28,         2.29,                   227104.68,98460,N, ,175,        29.49,         2.28
N,BE,FOCUS,FOCUS LIGHTG & FIXTRS LTD,        63.90,        64.50,        64.65,        62.80,        63.37,                  3730692.34,58966,N, ,431,        99.90,        57.06
N,BE,GANESHBE,GANESH BENZOPLAST LIMITED,       121.18,       123.29,       125.00,       121.00,       123.23,                 10123287.63,82123,N, ,369,       129.99,        68.40
N,BE,GATECH,GACM TECHNOLOGIES LIMITED,         0.95,         0.91,         0.91,         0.91,         0.91,                  5777259.67,6348637,N, ,4662,         1.11,         0.40
N,BE,GATECHDVR,GACM TECHNOLOGIES LIMITED,         0.50,         0.51,         0.52,         0.48,         0.48,                   209804.29,424573,N, ,284,         0.67,         0.36
N,BE,GAUDIUMIVF,GAUDIUM IVF N WOMEN H L,       117.24,       115.01,       122.00,       113.00,       116.43,                 22637756.53,193356,N, ,1472,       163.18,        69.18
N,BE,GEECEE,GEECEE VENTURES LIMITED,       369.50,       369.50,       371.00,       365.20,       366.20,                   415591.55,1125,N, ,27,       393.90,       215.85
N,BE,GINNIFILA,GINNIFILAMENTS LTD.,        43.17,        43.79,        43.79,        41.56,        42.57,                  2352418.74,55171,N, ,171,        57.85,        31.50
N,BE,GOLDTECH,AION-TECH SOLUTIONS LTD,        47.10,        46.50,        47.96,        46.50,        47.04,                   276155.59,5814,N, ,60,        72.50,        29.68
N,BE,GTECJAINX,G-TEC JAINX EDUCATION LTD,        28.85,        29.00,        29.29,        28.00,        29.27,                   159237.22,5483,N, ,23,        38.35,        15.54
N,BE,GULFPETRO,GP PETROLEUMS LIMITED,        66.82,        66.82,        66.82,        64.50,        65.91,                  3414364.74,51859,N, ,279,        71.40,        23.25
N,BE,GVKPIL,GVK POW. & INFRA LTD.,         2.05,         2.08,         2.09,         2.05,         2.08,                  1167764.30,561750,N, ,681,         4.06,         2.04
N,BE,GVPTECH,GVP INFOTECH LIMITED,         8.25,         8.50,         8.59,         8.00,         8.05,                   731656.40,90191,N, ,388,        11.19,         5.22
N,BE,HALDYNGL,HALDYN GLASS LTD.,       144.65,       146.60,       149.25,       145.10,       147.70,                  5933099.21,40259,N, ,352,       149.25,        85.00
N,BE,HEXAGON,HEXAGON NUTRITION LIMITED,        66.42,        66.60,        67.75,        65.25,        67.23,                  6829003.53,102191,N, ,639,        78.25,        48.10
N,BE,HFCL,HFCL LIMITED,       220.42,       226.00,       231.44,       225.00,       231.44,               1012860693.07,4395650,N, ,10733,       256.70,        59.82
N,BE,HITECHCORP,HITECH CORPORATION LTD,       337.00,       339.85,       339.85,       330.10,       337.00,                  2200592.55,6573,N,XD,63,       345.00,       112.00
N,BE,HITECHGEAR,THE HI-TECH GEARS LIMITED,       575.55,       571.00,       578.00,       566.00,       567.15,                   590564.70,1037,N, ,30,       897.45,       521.25
N,BE,HMVL,HINDUSTAN MEDIA VENT LTD,        86.49,        87.50,        88.00,        84.00,        84.28,                  1282426.11,15089,N, ,117,       108.16,        55.20
N,BE,HTEL,HY-TECH ENGINEERS LIMITED,        74.73,        74.50,        75.90,        71.10,        73.65,                120943196.18,1652363,N, ,8570,        81.40,        71.10
N,BE,HYBRIDFIN,HYBRID FINANCIAL SERVICE,        16.60,        16.80,        17.25,        16.42,        16.67,                   120666.60,7267,N, ,49,        33.62,        13.06
N,BE,INDIAGLYCO,INDIA GLYCOLS LTD,       248.00,       260.40,       260.40,       260.40,       260.40,                  5623858.80,21597,N, ,61,       260.40,       217.00
N,BE,INDOAMIN,INDO AMINES LIMITED,       124.28,       125.50,       128.74,       123.00,       125.96,                  6331991.82,50224,N, ,289,       151.00,        81.90
G,BE,INVPRECQ,INVESTMENT & PREC CAST L,      1280.00,      1275.00,      1275.00,      1268.00,      1273.60,                  1785233.00,1405,N, ,27,      1358.00,       551.00
N,BE,IVP,IVP LIMITED,       206.25,       202.00,       209.97,       202.00,       203.34,                  2128963.04,10358,N, ,87,       214.00,       110.00
N,BE,JOCIL,JOCIL LIMITED,       152.89,       152.90,       156.85,       152.01,       154.30,                  1254761.25,8078,N,XD,86,       175.12,        91.25
N,BE,KALYANIFRG,KALYANI FORGE LIMITED,      1125.25,      1157.40,      1157.40,      1070.00,      1081.05,                  9382208.35,8487,N, ,451,      1192.25,       523.60
N,BE,KAMDHENU,KAMDHENU LIMITED,        38.77,        39.05,        40.44,        38.50,        39.24,                 49806849.75,1255794,N, ,3154,        40.44,        16.15
N,BE,KANORICHEM,KANORIACHEMICALS-,       155.68,       155.68,       158.89,       152.02,       155.56,                  2310125.93,14865,N, ,118,       164.60,        56.00
N,BE,KAUSHALYA,KAUSHALYA INFRA DEV LTD.,       864.00,       864.00,       887.00,       850.00,       850.00,                   176027.50,202,N, ,29,      1841.90,       750.00
N,BE,KAYA,KAYA LIMITED,       328.70,       342.00,       345.10,       340.00,       345.10,                  3953526.15,11466,N, ,118,       487.90,       224.01
N,BE,KCPSUGIND,KCPSUGARINDUS,        32.28,        31.63,        33.30,        30.80,        32.07,                  6161686.89,194150,N, ,586,        36.95,        21.45
G,BE,KESORAMIND,KESORAM INDUSTRIES LTD,        11.05,        11.05,        11.05,        10.90,        10.90,                  1319947.00,119860,N, ,176,        14.26,         4.55
G,BE,KHADIM,KHADIM INDIA LIMITED,       115.00,       113.00,       117.30,       113.00,       117.30,                  1743113.40,15169,N, ,89,       295.80,        77.47
N,BE,KILITCH,KILITCH DRUGS INDIA LTD,       172.52,       172.80,       181.14,       172.80,       180.95,                  5924084.04,33164,N, ,306,       439.00,       117.25
N,BE,KOTARISUG,KOTHARI SUG & CHEM LTD.,        30.53,        30.50,        30.50,        29.26,        29.92,                   831455.14,27875,N, ,246,        39.94,        22.50
N,BE,KOTYARK,KOTYARK INDUSTRIES LTD,        32.16,        33.00,        33.76,        33.00,        33.76,                  4494325.00,133703,N, ,365,       464.25,        30.05
N,BE,KRIDHANINF,KRIDHAN INFRA LIMITED,         2.01,         2.09,         2.10,         2.02,         2.03,                    42420.08,20638,N, ,50,         4.78,         1.81
N,BE,KRONOX,KRONOX LAB SCIENCES LTD,       183.37,       182.45,       189.00,       182.00,       184.69,                 15922668.66,86294,N, ,554,       223.42,        96.00
N,BE,KSHITIJ-RE,KSHITIJ POLYLINE LTD,         0.07,         0.08,         0.08,         0.08,         0.08,                   371073.04,4638413,N, ,1105,         0.08,         0.02
N,BE,LEENEE,LEE & NEE SOFTWARES (E) L,         8.49,         8.15,         8.84,         8.08,         8.45,                   241959.25,29014,N, ,77,        11.48,         6.81
N,BE,LOTUSDEV,SRI LOTUS DEVLPRS N RTY L,       184.64,       184.80,       193.87,       182.56,       193.25,                304251639.68,1589932,N, ,3847,       207.50,       102.20
G,BE,LYKALABS,LYKA LABS LTD.,        76.83,        78.36,        78.36,        78.36,        78.36,                  2495295.84,31844,N, ,55,       102.55,        44.10
N,BE,MADHUCON,MADHUCON PROJECTS LTD.,         4.81,         4.81,         5.00,         4.60,         4.63,                   159228.42,34348,N, ,62,         8.55,         3.61
N,BE,MAHASTEEL,MAHAMAYA STEEL INDS LTD,      1258.20,      1195.30,      1320.90,      1195.30,      1282.50,                 12448426.40,10107,N, ,527,      1421.00,       340.90
N,BE,MAHESHWARI,MAHESHWARI LOGISTICS LTD.,        72.88,        71.99,        73.00,        71.99,        72.21,                   495841.90,6852,N, ,26,        76.81,        39.04
N,BE,MAJESAUT,MAJESTIC AUTO LTD.,       352.70,       355.00,       356.25,       345.10,       354.95,                  1276812.15,3642,N, ,184,       500.00,       274.00
N,BE,MANUGRAPH,MANUGRAPH INDIA LIMITED,        14.60,        14.23,        14.77,        14.23,        14.75,                   213858.75,14661,N, ,36,        24.00,         9.65
N,BE,MAZDA,MAZDA LIMITED,       272.85,       269.45,       274.20,       260.00,       270.00,                  7563625.80,28256,N,XD,270,       308.00,       159.20
N,BE,MBECL,MCNALLY BHARAT ENGIN CO L,       246.57,       258.89,       258.89,       258.89,       258.89,                   762172.16,2944,N, ,78,       258.89,       213.00
N,BE,MENONBE,MENON BEARINGS LIMITED,       308.55,       311.00,       323.95,       311.00,       321.40,                 65288105.75,202288,N, ,2953,       323.95,       101.50
N,BE,MGEL,MANGALAM GLOBAL ENT LTD,        14.40,        14.26,        14.50,        14.15,        14.24,                  1313057.90,92187,N, ,217,        18.40,         9.53
N,BE,MHLXMIRU,MAHALAXMI RUBTECH LIMITED,       174.89,       172.10,       174.90,       172.10,       174.89,                   592966.04,3411,N, ,42,       244.65,       105.53
G,BE,MICEL,MIC ELECTRONICS LTD,        37.48,        36.74,        36.74,        36.74,        36.74,                  3028000.58,82417,N, ,553,        82.97,        29.97
N,BE,MINALIND,MINAL INDUSTRIES LTD.,         5.10,         5.35,         5.35,         5.35,         5.35,                   395648.55,73953,N, ,113,         5.35,         1.71
N,BE,MITCON,MITCON CON & ENG SER LTD,        78.00,        78.00,        78.25,        77.80,        77.80,                    83051.30,1066,N, ,22,        91.70,        49.56
N,BE,MOLDTECH,MOLD-TEK TECHNOLOGIES LTD,       207.31,       207.00,       215.00,       200.55,       208.96,                  5819394.72,27919,N, ,446,       221.00,       101.10
N,BE,MOTOGENFIN,MOTOR & GENERAL FINANCE L,        27.97,        27.72,        29.00,        27.72,        28.71,                  1091292.06,38267,N, ,74,        32.82,        17.50
N,BE,MPDL,MPDL LTD.,        33.23,        34.89,        34.89,        33.00,        33.98,                    32901.88,957,N, ,18,        45.29,        23.26
N,BE,MTARTECH,MTAR TECHNOLOGIES LIMITED,      6820.00,      6930.00,      7161.00,      6850.00,      7161.00,               1578958408.00,222417,N, ,16894,      8714.00,      1400.00
N,BE,MTEDUCARE,MT EDUCARE LTD,         1.69,         1.77,         1.77,         1.70,         1.77,                    54166.63,30604,N, ,61,         2.53,         1.17
N,BE,MUKTAARTS,MUKTA ARTS LIMITED,        56.10,        54.98,        58.90,        54.98,        58.90,                   811374.93,13799,N, ,64,        72.89,        37.01
N,BE,MYSORPETRO,MYSORE PETRO CHEMICALS L,       124.89,       125.51,       127.95,       122.00,       127.12,                   747918.62,5905,N, ,73,       182.03,       111.00
N,BE,NATCAPSUQ,NATURAL CAPSULES LIMITED,       226.98,       232.20,       234.00,       215.64,       216.42,                  2989488.22,13334,N, ,201,       296.00,       136.36
N,BE,NAVKARURB,NAVKAR URBANSTRUCTURE LTD,         0.89,         0.92,         0.92,         0.88,         0.90,                   203556.63,226159,N, ,282,         2.93,         0.70
N,BE,NECCLTD,NORTH EAST CARRY CORP LTD,        17.63,        17.71,        18.51,        17.65,        18.51,                  6083805.61,337201,N, ,221,        24.01,        10.55
N,BE,NEUEON,NEUEON CORPORATION LTD,        10.94,        10.95,        11.38,        10.88,        11.22,                   568092.33,51567,N, ,137,        27.40,        10.88
N,BE,NIRAJISPAT,NIRAJ ISPAT IND LTD,       408.20,       387.80,       387.80,       387.80,       387.80,                   233067.80,601,N, ,17,       485.75,       155.00
N,BE,NOVAAGRI,NOVA AGRITECH LIMITED,        23.55,        23.20,        24.09,        23.08,        23.87,                  1365936.99,57585,N, ,212,        53.70,        18.12
G,BE,NRL,NUPUR RECYCLERS LIMITED,       124.44,       126.92,       126.92,       126.92,       126.92,                 13848621.96,109113,N, ,215,       126.92,        45.10
N,BE,NURECA,NURECA LIMITED,       332.60,       331.90,       331.90,       320.10,       322.70,                  1797607.90,5556,N, ,176,       358.00,       204.00
N,BE,OCCLLTD,OCCL LIMITED,       164.32,       167.95,       168.00,       163.05,       163.93,                  9210002.37,55824,N, ,324,       183.03,        75.71
G,BE,OILCOUNTUB,OIL COUNTRY TUBULAR LTD.,        66.32,        65.00,        65.00,        65.00,        65.00,                  1039740.00,15996,N, ,31,        84.60,        35.65
N,BE,OMFREIGHT,OM FREIGHT FORWARDERS LTD,        89.00,        89.00,        90.50,        86.15,        89.84,                   802596.06,9030,N, ,99,       114.33,        58.95
N,BE,ONELIFECAP,ONELIFE CAP ADVISORS LTD,        31.98,        32.44,        33.55,        31.00,        32.18,                   591689.76,18280,N, ,61,        40.10,        11.15
G,BE,ONMOBILE,ONMOBILE GLOBAL LTD.,        47.54,        46.59,        48.49,        46.59,        48.49,                  6191929.46,130107,N, ,410,        84.00,        40.21
N,BE,ORBTEXP,ORBIT EXPORTS LIMITED,       238.00,       238.00,       243.98,       238.00,       239.02,                   523926.76,2189,N, ,31,       278.61,       135.00
N,BE,ORIENTLTD,ORIENT PRESS LIMITED,        83.77,        82.99,        82.99,        80.35,        80.65,                   151658.33,1884,N, ,21,       102.30,        53.72
N,BE,OSIAHYPER,OSIA HYPER RETAIL LIMITED,         2.48,         2.48,         2.49,         2.41,         2.47,                   829253.47,338637,N, ,349,        33.08,         2.38
N,BE,PALREDTEC,PALRED TECHNOLOGIES LTD,        53.20,        53.20,        55.86,        53.20,        55.83,                   394456.47,7128,N, ,22,        73.60,        27.45
G,BE,PANACHE,PANACHE DIGILIFE LIMITED,       525.00,       515.00,       525.00,       514.50,       525.00,                  1938043.50,3723,N, ,51,       559.40,       237.70
N,BE,PAR,PAR DRUGS AND CHEM LTD,       164.95,       168.00,       168.00,       156.71,       156.71,                  1675010.54,10607,N, ,238,       180.00,        78.05
N,BE,PARSVNATH,PARSVNATH DEVELOPER LTD,         1.54,         1.57,         1.57,         1.57,         1.57,                   200595.76,127768,N, ,69,        18.75,         1.35
N,BE,PASUPTAC,PASUPATI ACRYLON LIMITED,        66.79,        67.50,        69.82,        66.95,        67.64,                  7377833.06,108786,N, ,719,        78.95,        40.41
N,BE,PATINTLOG,PATEL INT. LOG. LTD,        13.41,        13.40,        13.68,        13.27,        13.32,                   305132.53,22681,N, ,125,        16.90,         8.01
N,BE,PENINLAND,PENINSULA LAND LIMITED,        16.06,        15.75,        16.80,        15.75,        16.55,                  1486289.23,90635,N, ,232,        37.98,        13.82
N,BE,PIONRINV,PIONEER INVESTCORP LTD.,        80.00,        80.00,        83.89,        76.05,        83.89,                    85523.10,1072,N, ,22,       135.44,        72.50
N,BE,PPAP,PPAP AUTOMOTIVE LIMITED,       256.70,       256.70,       263.00,       255.80,       260.90,                  2782884.30,10692,N, ,187,       379.50,       176.00
N,BE,PPL,PRAKASH PIPES LIMITED,       257.40,       256.50,       263.90,       255.10,       262.00,                  6119450.15,23505,N, ,310,       338.65,       163.21
N,BE,PRADPME,PRADEEP METALS LTD.,       497.45,       497.45,       500.00,       486.00,       491.60,                  5474019.90,11144,N, ,97,       596.00,       357.05
N,BE,PREMIER,PREMIER LIMITED,         2.64,         2.70,         2.77,         2.57,         2.75,                    23932.73,8850,N, ,34,         3.88,         2.57
N,BE,PRIORITY,PRIORITY JEWELS LIMITED,       200.00,       230.00,       241.50,       230.00,       241.50,                457566030.15,1959092,N, ,16280,       241.50,       230.00
N,BE,PRITI,PRITI INTERNATIONAL LTD,        33.35,        34.05,        34.05,        32.51,        33.89,                   136867.24,4101,N, ,59,        85.00,        31.50
N,BE,PRITIKAUTO,PRITIKA AUTO INDUS LTD,        16.28,        15.96,        16.40,        15.75,        16.27,                  3041221.40,189451,N, ,387,        20.99,        10.41
N,BE,PRUDMOULI,PRUDENTIAL SUGAR CORPORAT,        16.49,        16.50,        16.50,        15.85,        16.25,                    70303.47,4362,N, ,40,        41.50,        11.26
N,BE,QMSMEDI,QMS MEDICAL ALLIED S LTD,       159.07,       163.70,       163.70,       152.00,       158.97,                  2264200.24,14456,N, ,140,       164.70,        98.05
N,BE,QUICKHEAL,QUICK HEAL TECH LTD,       137.14,       137.14,       141.00,       136.00,       140.94,                  7915603.58,56701,N, ,594,       371.40,       125.00
N,BE,RAJOOENG,RAJOO ENGINEERS LIMITED,        49.14,        49.62,        51.59,        49.00,        51.59,                 21057395.35,412844,N, ,1244,       103.69,        46.00
N,BE,RAJRILTD,RAJ RAYON INDUSTRIES LTD,        22.32,        21.88,        22.44,        21.88,        22.09,                    66838.62,3031,N, ,51,        28.90,        19.41
G,BE,RAMASTEEL,RAMA STEEL TUBES LIMITED,         4.09,         4.06,         4.06,         4.02,         4.02,                  5558881.44,1376297,N, ,2146,        11.58,         3.43
N,BE,RCOM,RELIANCE COMMUNICATIONS L,         0.79,         0.80,         0.82,         0.79,         0.81,                  3076369.31,3829914,N, ,1799,         1.55,         0.75
N,BE,RELINFRA,RELIANCE INFRASTRUCTU LTD,        55.91,        55.90,        57.02,        54.80,        57.02,                 11157485.48,198794,N, ,1111,       299.00,        54.80
N,BE,REPL,RUDRABHISHEK ENTERP LTD,        65.96,        62.75,        68.00,        62.75,        63.19,                   508545.74,8034,N, ,84,       169.18,        59.40
N,BE,RMDRIP,R M DRIP & SPRINK SYS LTD,        21.00,        21.40,        21.80,        21.00,        21.13,                  5560772.36,262979,N, ,528,       807.45,        14.81
N,BE,ROLLT,ROLLATAINERS LIMITED,         4.17,         4.35,         4.37,         4.17,         4.37,                  2050212.88,470102,N, ,234,         4.37,         1.02
N,BE,RPPL,RAJSHREE POLYPACK LTD,        22.57,        22.45,        23.50,        22.10,        23.29,                   362755.34,15868,N, ,62,        26.97,        14.25
N,BE,RSDFIN,R S D FINANCE LTD.,       100.11,       105.10,       105.10,        95.22,        96.75,                   199570.24,2026,N, ,40,       168.48,        65.60
N,BE,RSWM,RSWM LIMITED,       217.28,       218.00,       226.50,       217.99,       220.63,                 14980642.10,67600,N, ,999,       238.00,       120.00
N,BE,RUBYMILLS,THE RUBY MILLS LTD,       409.05,       415.00,       429.50,       408.00,       428.30,                  9870280.85,23319,N, ,467,       429.50,       169.02
N,BE,SADBHIN,SADBHAV INFRA PROJ LTD.,         2.53,         2.51,         2.57,         2.51,         2.55,                   155384.35,60912,N, ,120,         4.79,         2.06
G,BE,SADHNANIQ,SADHANA NITROCHEM LIMITED,         2.67,         2.70,         2.72,         2.70,         2.72,                  1255003.80,462137,N, ,138,        11.30,         1.27
G,BE,SANGINITA,SANGINITA CHEMICALS LTD,        58.34,        59.50,        59.50,        59.50,        59.50,                  3855421.50,64797,N, ,85,        68.02,         9.23
N,BE,SCANSTL,SCAN STEELS LTD.,        58.82,        58.81,        60.80,        56.50,        59.22,                  1960586.88,33610,N, ,154,        68.81,        31.35
N,BE,SCPL,SHEETAL COOL PRODUCTS LTD,       641.90,       643.00,       657.00,       627.10,       646.45,                  5414879.85,8409,N, ,184,       690.00,       190.03
N,BE,SETCO,SETCO AUTOMOTIVE LTD,        17.36,        17.88,        18.10,        17.11,        17.45,                   421075.99,24126,N, ,165,        28.62,        11.56
N,BE,SEYAIND,SEYA INDUSTRIES LIMITED,        12.06,        12.30,        12.30,        11.90,        12.25,                    59246.25,4895,N, ,45,        23.99,         8.54
N,BE,SHAHALLOYS,SHAH ALLOYS LIMITED,       106.84,       102.15,       106.00,       101.50,       101.50,                 14422489.03,140569,N, ,348,       116.85,        53.10
N,BE,SHALPAINTS,SHALIM PAINTS LTD,        81.55,        85.60,        85.62,        85.00,        85.47,                 12143104.83,141870,N, ,488,        95.95,        35.21
N,BE,SHARDUL,SHARDUL SECURITIES LTD.,        53.77,        53.77,        56.40,        53.15,        54.49,                   555031.42,10278,N, ,59,        60.00,        23.05
N,BE,SHEKHAWATI,SHEKHAWATI INDUSTRIES LTD,        15.25,        15.24,        15.70,        14.72,        15.52,                   412026.07,26781,N, ,116,        25.75,         9.12
N,BE,SHEMAROO,SHEMAROO ENTER. LTD.,       125.74,       124.01,       127.50,       124.01,       126.61,                   451863.78,3580,N, ,27,       143.00,        73.00
N,BE,SHIVALIK,SHIVALIK RASAYAN LIMITED,       313.40,       313.40,       329.05,       313.40,       327.40,                 15238920.20,46428,N, ,576,       496.00,       206.40
N,BE,SHYAMCENT,SHYAM CENTURY FERROUS LTD,         4.96,         4.94,         5.05,         4.91,         5.03,                   820527.54,164214,N, ,170,         9.75,         3.68
N,BE,SICALLOG,SICAL LOGISTICS LIMITED,       108.88,       106.96,       109.99,       103.85,       107.33,                 11569650.21,108364,N, ,405,       190.75,        85.61
N,BE,SIGIND,SIGNET INDUSTRIES LIMITED,        71.14,        72.45,        72.45,        69.01,        70.37,                   226815.12,3242,N, ,56,        74.99,        40.66
N,BE,SIGMAADV,SIGMA ADVANCED SYSTEM LTD,       754.80,       754.80,       779.90,       752.55,       762.40,                 91031376.15,118525,N, ,2501,       801.00,       126.73
N,BE,SIKKO,SIKKO INDUSTRIES LIMITED,         5.33,         5.30,         5.45,         5.19,         5.41,                  1221848.99,228858,N, ,423,       136.63,         3.55
N,BE,SMARTLINK,SMARTLINK HOLDINGS LTD,       212.72,       213.00,       215.20,       206.80,       213.81,                   857880.81,4055,N, ,60,       233.00,       103.50
N,BE,SONAMLTD,SONAM LIMITED,        67.87,        70.00,        70.00,        65.49,        65.84,                  2679905.26,39654,N, ,373,        80.32,        37.40
N,BE,SPECIALITY,SPECIALITY REST LTD,       135.67,       137.00,       140.99,       135.21,       139.59,                  2284497.35,16598,N,XD,160,       167.46,        82.70
N,BE,SPECTRUM,SPECTRUM ELECTRIC IND LTD,      2255.70,      2360.00,      2368.40,      2256.00,      2368.40,                 33468690.80,14242,N, ,621,      2637.20,      1050.00
N,BE,STALLION,STALLION IND FLUOROCHEM L,       207.61,       206.10,       210.99,       205.00,       206.68,                 73085023.54,352515,N, ,2887,       423.80,        99.32
N,BE,STERTOOLS,STERLING TOOLS LIMITED,       220.78,       220.00,       224.94,       220.00,       221.31,                  3187550.00,14338,N, ,266,       361.95,       155.00
N,BE,STLTECH,STERLITE TECHNOLOGIES LTD,       713.25,       748.90,       748.90,       748.90,       748.90,                221332901.60,295544,N, ,3280,       757.70,        84.60
N,BE,SUNDRMBRAK,SUNDARAMBRAKE LININGS LTD,       751.00,       754.75,       754.75,       732.60,       740.00,                  1038696.40,1401,N, ,69,       920.00,       460.00
N,BE,SUPERSPIN,SUPER SPINNING MILLS LTD,         6.83,         7.03,         7.17,         6.84,         6.95,                   748020.24,105266,N, ,126,         9.99,         3.79
N,BE,SUPTANERY,SUPER TANNERY LTD.,        13.94,        13.25,        13.25,        13.25,        13.25,                   530821.50,40062,N, ,304,        16.21,         6.81
N,BE,SUTLEJTEX,SUTLEJ TEXT & INDUS LTD,        38.96,        38.90,        40.90,        38.90,        40.89,                  2911820.70,71822,N, ,194,        41.50,        24.00
N,BE,SVLL,SHREE VASU LOGISTICS LTD,       806.00,       806.00,       818.00,       796.00,       799.25,                   499088.45,623,N, ,31,       897.45,       445.15
N,BE,SWANDEF,SWAN DEFENCE N HEVY IND L,      2490.00,      2439.00,      2555.00,      2429.00,      2520.20,                 47087876.30,18892,N, ,1311,      2750.00,       410.30
N,BE,SWARAJ,SWARAJ SUITING LIMITED,       354.50,       365.00,       365.00,       352.75,       357.35,                 20669907.05,57932,N, ,449,       386.75,       352.75
N,BE,SWISSMLTRY,SWISS MILITARY CON GOOD L,        15.40,        15.70,        15.85,        14.66,        15.59,                  1249049.78,81525,N, ,284,        18.50,        13.00
N,BE,SYSTMTXC,SYSTEMATIX CORP SERVICE L,        57.37,        58.00,        60.23,        56.00,        60.23,                  4351907.83,72839,N, ,83,       177.90,        51.89
N,BE,TAMBOLIIN,TAMBOLI INDUSTRIES LTD.,       250.00,       255.00,       261.50,       250.00,       259.70,                  3022630.25,11736,N, ,80,       264.62,       141.50
N,BE,TCIFINANCE,TCIFINANCELTD-ROLL SETT,        15.08,        15.78,        15.78,        14.41,        15.10,                   287603.78,19130,N, ,75,        38.46,        10.00
N,BE,THACKER,THACKER & CO. LTD.,      1002.00,      1002.00,      1050.00,       980.00,      1050.00,                    37994.70,38,N, ,14,      1689.90,       950.00
N,BE,TICL,TWAMEV CONS AND INFRA LTD,         8.08,         8.19,         8.40,         8.08,         8.12,                   425009.81,51861,N, ,144,        33.99,         8.00
N,BE,TIJARIA,TIJARIA POLYPIPES LTD,         9.09,         9.40,         9.54,         9.40,         9.54,                  2381149.04,250018,N, ,167,         9.54,         3.55
N,BE,TIL,TIL LTD,       245.00,       249.98,       257.25,       246.00,       252.88,                 75107800.53,296756,N, ,1110,       371.95,       161.25
N,BE,TIRUPATIFL,TIRUPATI FORGE LIMITED,        68.42,        67.26,        70.00,        67.26,        69.05,                 13956839.62,202133,N, ,930,        83.90,        30.11
N,BE,TPHQ,TEAMO PRODUCTIONS HQ LTD,         0.55,         0.55,         0.56,         0.53,         0.55,                   703424.33,1307895,N, ,483,         0.86,         0.40
N,BE,TRANSPEK,TRANSPEK INDUSTRIES LTD,      1390.00,      1459.50,      1459.50,      1370.00,      1446.50,                 19505737.90,13477,N, ,336,      1475.00,       952.30
G,BE,TRANSWORLD,TRANSWORLD SHIP LINES LTD,       169.00,       169.00,       172.38,       169.00,       171.00,                   954756.96,5598,N, ,45,       287.58,       111.56
N,BE,TVVISION,TV VISION LIMITED,         3.40,         3.45,         3.56,         3.23,         3.38,                   174966.71,52947,N, ,95,        12.40,         3.23
N,BE,UCAL,UCAL LIMITED,       148.08,       151.00,       151.00,       145.00,       146.02,                  1591745.09,10841,N, ,101,       163.80,        77.00
N,BE,UFBL,UNITED FOODBRANDS LIMITED,       719.20,       719.90,       735.00,       696.10,       700.35,                 55613230.05,76997,N, ,2318,       850.00,       172.34
G,BE,UMAEXPORTS,UMA EXPORTS LIMITED,        24.45,        23.97,        23.97,        23.97,        23.97,                   214387.68,8944,N, ,34,        55.90,        18.12
N,BE,UNIDT,UNITED DRILLING TOOLS LTD,       221.96,       222.00,       230.00,       217.00,       225.46,                  7072142.24,31227,N, ,190,       254.97,       146.00
N,BE,UNIVASTU,UNIVASTU INDIA LIMITED,       168.40,       170.10,       173.84,       163.10,       168.34,                 11762234.26,70087,N, ,592,       273.90,        56.02
N,BE,UNIVPHOTO,UNIVERSUS IMAGINGS LTD,       467.25,       456.50,       490.60,       456.50,       490.40,                  1205523.10,2480,N, ,85,       515.80,       180.60
G,BE,URAVIDEF,URAVI DEFENCE &TECH LTD,       120.59,       120.00,       120.00,       118.18,       118.20,                   306081.66,2586,N, ,36,       477.00,       101.00
N,BE,UYFINCORP,U. Y. FINCORP LIMITED,        19.93,        20.02,        20.70,        19.62,        19.73,                  2439259.48,122444,N, ,301,        22.34,        11.50
N,BE,VALIANTLAB,VALIANT LABORATORIES LTD,       100.93,       105.97,       105.97,       105.00,       105.97,                  7544863.98,71202,N, ,257,       110.70,        49.51
N,BE,VALIANTORG,VALIANT ORGANICS LIMITED,       316.15,       321.60,       330.00,       317.00,       320.25,                 14643011.05,45087,N, ,769,       397.00,       195.00
N,BE,VARDHACRLC,VARDHAMAN ACRYLICS LTD,        43.27,        43.48,        44.30,        43.00,        43.59,                   588088.27,13445,N, ,145,        48.77,        27.01
N,BE,VCL,VAXTEX COTFAB LIMITED,         1.66,         1.58,         1.58,         1.58,         1.58,                   729844.66,461927,N, ,170,         2.66,         0.87
N,BE,VELJAN,VELJAN DENISON LTD.,      1848.40,      1848.00,      1890.00,      1802.10,      1878.90,                  2224348.80,1181,N, ,79,      1980.00,       812.00
N,BE,VENUSREM,VENUS REMEDIES LIMITED,      1701.90,      1705.00,      1778.80,      1666.00,      1694.40,                 52310745.10,30621,N, ,1377,      2044.30,       424.00
N,BE,VETO,VETO SWITCHGEAR CABLE LTD,       127.97,       127.97,       129.25,       123.10,       125.50,                  3931402.17,31452,N, ,123,       153.95,        82.32
N,BE,VHLTD,VICEROY HOTELS LIMITED,       116.39,       116.39,       118.44,       116.39,       118.21,                  3052857.59,25936,N, ,82,       155.36,       111.55
N,BE,VHLTD-RE1,VICEROY HOTELS LTD,         0.35,         0.49,         0.49,         0.49,         0.49,                    45745.91,93359,N, ,24,         0.49,         0.15
G,BE,VIJIFIN,VIJI FINANCE LIMITED,        16.26,        16.58,        16.58,        16.58,        16.58,                   337005.08,20326,N, ,44,        16.58,         2.01
G,BE,VIPULLTD,VIPUL LIMITED,        14.26,        13.98,        13.98,        13.98,        13.98,                    34320.90,2455,N, ,62,        18.60,         7.38
N,BE,VIRTUALG,VIRTUAL GLOBAL EDU LTD,         0.48,         0.49,         0.49,         0.47,         0.47,                   133946.27,279547,N, ,269,         0.60,         0.40
N,BE,VIVIANA,VIVIANA POWER TECH LTD,       766.40,       761.00,       804.70,       751.25,       804.70,                 19681439.35,24977,N, ,871,       967.90,       661.00
N,BE,VIVIMEDLAB,VIVIMED LABS LIMITED,         6.54,         6.41,         6.67,         6.41,         6.58,                  1376107.15,211247,N, ,172,         7.21,         4.75
N,BE,VLEGOV,VL E GOV AND IT SOL LTD,        10.48,        10.76,        10.86,        10.11,        10.61,                   777617.46,72389,N, ,241,        38.90,         8.42
G,BE,WELINV,WELSPUN INV & COMM LTD,      2187.00,      2187.90,      2230.70,      2187.90,      2230.70,                   197761.90,89,N, ,10,      2340.60,      1065.50
N,BE,ZEELEARN,ZEE LEARN LIMITED,         7.19,         7.20,         7.36,         6.92,         7.09,                  3196621.52,452784,N, ,687,        10.45,         4.17
N,BZ,AGSTRA,AGS TRANSACT TECH LTD,         1.98,         2.00,         2.02,         1.91,         1.99,                   289258.82,146893,N, ,249,         5.71,         1.88
N,BZ,ANKITMETAL,ANKIT MET & POW LTD,         1.69,         1.69,         1.70,         1.66,         1.70,                    11137.41,6585,N, ,27,         2.12,         1.29
N,BZ,ANSALAPI,ANSAL PROP & INFRA LTD,         3.31,         3.31,         3.32,         3.26,         3.31,                    27809.54,8384,N, ,13,         5.30,         2.51
N,BZ,ARSHIYA,ARSHIYA LIMITED,         0.73,         0.75,         0.76,         0.70,         0.73,                   249338.54,349656,N, ,200,         2.59,         0.68
N,BZ,ASTRON,ASTRON PAPER BORD MIL LTD,         3.00,         3.00,         3.14,         2.88,         3.06,                   136174.19,45331,N, ,106,        18.89,         2.88
N,BZ,CEREBRAINT,CEREBRA INT TECH LTD,         2.60,         2.60,         2.72,         2.55,         2.69,                   160051.86,60459,N, ,123,        10.08,         2.40
N,BZ,COMPINFO,COMPUAGE INFOCOM LTD,         1.07,         1.05,         1.11,         1.03,         1.09,                    26827.03,24498,N, ,27,         2.52,         0.91
N,BZ,DHARAN,DHARAN INFRA-EPC LIMITED,         0.13,         0.14,         0.14,         0.13,         0.13,                  1815823.07,13130525,N, ,1594,         0.61,         0.11
N,BZ,FEL,FUTURE ENTERPRISES LTD,         0.39,         0.39,         0.40,         0.38,         0.38,                    77751.52,197550,N, ,97,         0.65,         0.34
N,BZ,FELDVR,FUTURE ENTERPRISES LTD,         2.20,         2.19,         2.21,         2.10,         2.17,                     4548.97,2115,N, ,26,         3.78,         2.10
N,BZ,FLFL,FUT LIFESTYLE FASH LTD,         1.22,         1.22,         1.27,         1.16,         1.25,                   128916.72,107261,N, ,79,         1.99,         1.10
N,BZ,GENSOL,GENSOL ENGINEERING LTD,        17.17,        17.15,        17.89,        17.01,        17.28,                   854207.15,49395,N, ,550,        35.45,        16.40
N,BZ,GOLDENTOBC,GOLDEN TOBACCO LIMITED,        25.00,        25.00,        25.00,        24.00,        24.96,                    83074.09,3366,N, ,41,        37.50,        20.34
N,BZ,HDIL,HOUSING DEV & INFRA LTD,         1.51,         1.51,         1.54,         1.47,         1.47,                   217174.78,144902,N, ,170,         3.27,         1.45
N,BZ,HMT,HMT LTD -,        69.07,        69.99,        69.99,        65.70,        66.91,                  2156285.35,31667,N, ,244,        72.95,        41.00
N,BZ,IL&FSENGG,IL&FS ENG AND CONS CO LTD,        35.00,        35.00,        36.75,        35.00,        36.75,                  4133967.25,113314,N, ,85,        39.39,        21.00
N,BZ,IL&FSTRANS,IL&FS TRANS NET LTD,         2.11,         2.16,         2.16,         2.01,         2.06,                   202653.52,97511,N, ,104,         3.34,         1.75
N,BZ,IMPEXFERRO,IMPEX FERRO TECH LIMITED,         4.63,         4.72,         4.72,         4.72,         4.72,                    52594.96,11143,N, ,15,         4.72,         1.30
N,BZ,LAKPRE,LAKSHMI PRE SCRE LTD,         4.78,         4.80,         5.01,         4.80,         5.01,                    15035.82,3002,N, ,4,         6.67,         4.10
N,BZ,MEP,MEP INFRA. DEVELOPERS LTD,         0.72,         0.71,         0.71,         0.71,         0.71,                     9519.68,13408,N, ,32,         2.87,         0.50
N,BZ,RAJESHEXPO,RAJESH EXPORTS LTD,        83.46,        86.40,        86.60,        82.20,        83.02,                 19926985.37,234404,N, ,2518,       237.88,        72.63
N,BZ,RHFL,RELIANCE HOME FINANCE LTD,         1.79,         1.76,         1.83,         1.76,         1.82,                   857106.35,474713,N, ,900,         5.00,         1.70
N,BZ,SANWARIA,SANWARIA CONSUMER LIMITED,         0.19,         0.19,         0.20,         0.18,         0.18,                   167978.34,871449,N, ,172,         0.39,         0.18
N,BZ,SETUINFRA,SETUBANDHAN INFRA LTD,         0.55,         0.57,         0.57,         0.57,         0.57,                    26302.65,46145,N, ,41,         0.78,         0.37
N,BZ,SHRENIK,SHRENIK LIMITED,         0.29,         0.29,         0.30,         0.28,         0.29,                   101923.82,346855,N, ,157,         0.65,         0.27
N,BZ,SIMBHALS,SIMBHAOLI SUGARS LTD.,         7.95,         7.80,         7.80,         7.80,         7.80,                    27869.40,3573,N, ,13,        15.99,         6.47
N,BZ,SITINET,SITI NETWORKS LIMITED,         0.29,         0.30,         0.30,         0.29,         0.29,                    67079.25,228821,N, ,161,         0.51,         0.27
G,BZ,SUPREMEENG,SUPREME ENGINEERING LTD,         2.98,         3.03,         3.03,         3.03,         3.03,                   900297.84,297128,N, ,101,         3.03,         0.68
N,ST,ABH,ABH HEALTHCARE LIMITED,        84.90,        80.70,        80.70,        80.70,        80.70,                 11136600.00,138000,N, ,68,        99.00,        80.70
N,ST,ACCORD,ACCORD SYNERGY LIMITED,       198.35,       188.45,       188.45,       188.45,       188.45,                   376900.00,2000,N, ,1,       211.00,        19.85
N,ST,ACCPL,ACCRETION PHARMA LIMITED,       202.00,       202.00,       202.00,       200.00,       200.00,                  2660400.00,13200,N, ,9,       214.70,        53.80
N,ST,AHIMSA,AHIMSA INDUSTRIES LTD.,        25.80,        25.75,        25.75,        25.75,        25.75,                  5948250.00,231000,N, ,2,        28.50,        22.60
N,ST,APEXECO,APEX ECOTECH LIMITED,       265.00,       251.90,       278.20,       251.90,       278.20,                  2786800.00,10400,N, ,13,       297.15,       102.05
G,ST,APSISAERO,APSIS AEROCOM LIMITED,       599.35,       611.30,       611.30,       611.30,       611.30,                  1467120.00,2400,N, ,2,       611.30,       147.20
N,ST,ARMOUR,ARMOUR SECURITY (INDIA) L,        18.00,        18.00,        18.00,        18.00,        18.00,                    36000.00,2000,N, ,1,        45.60,        17.10
G,ST,ATCENERGY,ATC ENERGIES SYSTEM LTD,        22.50,        22.80,        22.80,        22.05,        22.50,                   272340.00,12000,N, ,7,        67.80,        19.35
N,ST,AVANA,AVANA ELECTROSYSTEMS LTD,       152.40,       154.60,       154.75,       154.60,       154.75,                  1237300.00,8000,N, ,3,       168.05,        60.10
N,ST,BAWEJA,BAWEJA STUDIOS LIMITED,        25.95,        26.00,        26.25,        26.00,        26.10,                   187920.00,7200,N, ,9,        55.45,        21.10
N,ST,BHADORA,BHADORA INDUSTRIES LTD,       108.10,       106.00,       113.50,       102.70,       111.95,                  7647660.00,69600,N, ,33,       128.85,        49.50
N,ST,BIKEWO,BIKEWO GREEN TECH LIMITED,       102.90,       103.95,       103.95,        97.80,        97.80,                  7287400.00,74000,N, ,29,       115.80,        13.65
N,ST,BLUEWATER,BLUE WATER LOGISTICS LTD,       497.95,       475.00,       490.00,       473.20,       486.75,                  7686050.00,16000,N, ,16,       502.95,       128.00
N,ST,BULKCORP,BULKCORP INTERNATIONAL L,        75.60,        78.00,        78.00,        78.00,        78.00,                    93600.00,1200,N, ,1,        86.95,        38.05
N,ST,CEDAAR,CEDAAR TEXTILE LIMITED,        13.70,        13.20,        13.60,        13.10,        13.60,                   131700.00,10000,N, ,5,       118.00,        12.55
N,ST,COOLCAPS,COOL CAPS INDUSTRIES LTD,        23.35,        24.20,        24.50,        23.05,        24.50,                  4272437.50,176250,N, ,93,       109.00,        19.00
N,ST,DEEM,DEEM ROLL TECH LIMITED,        40.30,        42.25,        42.30,        42.25,        42.30,                   126850.00,3000,N, ,3,        64.45,        29.35
N,ST,DHARARAIL,DHARA RAIL PROJECTS LTD,       140.05,       140.00,       140.00,       134.50,       136.60,                  2079100.00,15000,N, ,12,       172.50,        90.05
N,ST,DIVINEHIRA,DIVINE HIRA JEWELLERS LTD,       113.70,       115.00,       115.00,       109.00,       109.45,                  1859280.00,16800,N, ,8,       355.25,        86.00
N,ST,DIVYADHAN,DIVYADHAN RECYCLING IND L,        42.85,        44.95,        44.95,        44.90,        44.90,                   539000.00,12000,N, ,3,        58.10,        18.25
N,ST,DYNAMIC,DYNAMIC SRVCS & SEC LTD,       141.70,       141.80,       148.75,       139.05,       146.30,                  2105900.00,14500,N, ,29,       183.90,        84.70
N,ST,ECOLINE,ECOLINE EXIM LIMITED,       180.00,       181.00,       183.00,       176.00,       180.35,                  5583000.00,31000,N, ,19,       216.00,       111.00
N,ST,EEPL,EPPELTONE ENGINEERS LTD,       135.05,       132.00,       141.70,       132.00,       139.70,                  2489750.00,18000,N, ,18,       232.80,        91.00
N,ST,EFFWA,EFFWA INFRA & RESEARCH L,       368.15,       370.00,       380.00,       350.20,       360.00,                  3199960.00,8800,N, ,19,       399.95,       165.00
N,ST,EPWINDIA,EPW INDIA LIMITED,       256.00,       245.00,       245.00,       243.20,       244.10,                  1170660.00,4800,N, ,4,       282.05,        98.00
N,ST,EXCELLENT,EXCELLENT WIRES N PACK L,       209.00,       209.00,       209.50,       208.00,       209.50,                  1336800.00,6400,N, ,4,       218.00,        36.90
N,ST,FASCINATE,FASCINATE TEXTILES LTD,        76.35,        72.55,        72.55,        72.55,        72.55,                   986680.00,13600,N, ,16,       120.80,        72.55
N,ST,FRESHARA,FRESHARA AGRO EXPORTS LTD,       439.75,       440.00,       440.00,       417.80,       425.70,                 21026460.00,49800,N, ,74,       477.95,       130.00
N,ST,FROG,FROG INNOVATIONS LIMITED,       265.90,       264.00,       275.95,       255.00,       257.65,                  8398240.00,31600,N, ,73,       275.95,       123.50
N,ST,GANESHIN,GANESH INFRAWORLD LIMITED,        99.75,        99.80,       100.00,        96.35,        99.00,                  5763840.00,58400,N, ,55,       263.50,        66.40
N,ST,GCHOTELS,GRAND CONTINENT HOTELS L,        98.25,        96.90,       101.90,        95.20,        99.85,                  1946460.00,19800,N, ,33,       232.00,        76.50
N,ST,GJL,GROVER JEWELLS LIMITED,       246.75,       239.00,       259.05,       239.00,       251.00,                 18796240.00,76800,N, ,49,       276.45,        91.40
N,ST,GLOBALPET,GLOBAL PET INDUSTRIES LTD,       157.15,       163.85,       165.00,       163.85,       165.00,                  3339000.00,20250,N, ,21,       165.00,        85.00
N,ST,GPECO,GP ECO SOLUTIONS INDIA L,       422.30,       423.00,       443.40,       423.00,       441.55,                 14438120.00,32800,N, ,129,       616.50,       264.05
N,ST,GREENLEAF,GREENLEAF ENVIROTECH LTD,       110.00,       112.35,       115.40,       112.35,       115.00,                   457750.00,4000,N, ,4,       185.90,        52.50
N,ST,HOACFOODS,HOAC FOODS INDIA LIMITED,       965.00,       965.00,      1010.00,       959.95,      1009.95,                  6262706.25,6375,N, ,17,      1010.00,       205.00
N,ST,IEML,INDIAN EMULSIFIERS LTD,        40.30,        40.20,        42.30,        40.15,        42.05,                  1654675.00,40000,N, ,59,       199.60,        37.80
G,ST,INNOMET,INNOMET ADVANCED MATERI L,       276.95,       282.45,       282.45,       282.45,       282.45,                 10507140.00,37200,N, ,19,       282.45,        63.15
N,ST,INTEGRITY,INTEGRITY INFRABUILD DE L,       171.05,       175.00,       175.00,       175.00,       175.00,                   210000.00,1200,N, ,1,       175.35,       100.05
N,ST,IWARE,IWARE SUPPLYCHAIN SER LTD,       462.25,       470.00,       485.35,       470.00,       485.35,                 13895370.00,28800,N, ,47,       539.40,       119.05
G,ST,JALAN,JALAN TRANSOLU. INDIA LTD,         1.85,         1.80,         1.80,         1.80,         1.80,                    10800.00,6000,N, ,2,         5.55,         1.50
N,ST,JEYYAM,JEYYAM GLOBAL FOODS LTD,        22.40,        22.00,        22.65,        22.00,        22.15,                   976400.00,44000,N, ,16,        74.50,        21.60
N,ST,K2INFRA,K2 INFRAGEN LIMITED,        48.95,        50.45,        50.45,        48.70,        48.80,                   296040.00,6000,N, ,8,        82.80,        40.80
N,ST,KCK,KCK INDUSTRIES LTD,        14.90,        14.35,        15.40,        14.35,        15.35,                   762250.00,50000,N, ,13,        46.90,        11.60
N,ST,KODYTECH,KODY TECHNOLAB LIMITED,      1567.00,      1570.00,      1596.00,      1550.10,      1569.95,                  9473895.00,6000,N, ,49,      1596.00,       556.05
N,ST,KONSTELEC,KONSTELEC ENGINEERS LTD,        62.05,        62.05,        64.75,        61.90,        62.05,                  3201650.00,51000,N, ,21,        75.65,        28.00
N,ST,LAMOSAIC,LAMOSAIC INDIA LIMITED,        61.40,        60.50,        61.00,        59.60,        60.85,                  4387290.00,72000,N, ,38,        61.55,        20.45
N,ST,MADHAVBAUG,VAIDYA SANE AYUR LAB LTD,       160.30,       160.30,       160.50,       160.30,       160.50,                   192440.00,1200,N, ,2,       335.00,       150.00
N,ST,MADHUSUDAN,MADHUSUDAN MASALA LIMITED,       232.00,       238.00,       238.00,       230.00,       236.00,                  4689750.00,20000,N, ,17,       260.00,       108.60
N,ST,METALIC,METALIC TECHNOFORGE LTD,       137.00,       135.00,       141.50,       134.50,       134.65,                  6579920.00,48000,N, ,27,       161.95,        81.40
N,ST,MOS,MOS UTILITY LIMITED,         7.90,         7.55,         7.55,         7.55,         7.55,                  1147600.00,152000,N, ,30,        55.55,         7.55
N,ST,MPEL,MANAS POLYMER N ENERGIE L,        26.05,        27.35,        27.35,        27.35,        27.35,                    87520.00,3200,N, ,2,       153.90,        23.50
N,ST,MRIL,MAHENDRA REALTO & INFRA L,        60.15,        58.00,        58.00,        57.30,        57.30,                   276160.00,4800,N, ,3,        82.00,        29.05
N,ST,NAMOEWASTE,NAMO EWASTE MANAGEMENT L,       262.20,       264.90,       275.30,       262.15,       274.10,                  8683240.00,32000,N, ,40,       319.40,       134.00
N,ST,ONYX,ONYX BIOTEC LIMITED,        39.25,        37.50,        38.75,        37.30,        37.50,                  4721600.00,126000,N, ,26,        51.00,        24.20
N,ST,OPTIVALUE,OPTIVALUE TEK CONSULT LTD,       165.80,       166.50,       174.05,       166.50,       174.05,                  9082480.00,52800,N, ,18,       202.00,        56.05
N,ST,OWAIS,OWAIS METAL & MINERAL,        80.80,        80.10,        81.90,        79.20,        80.45,                   819430.00,10300,N, ,55,       580.00,        58.10
N,ST,PRECISION,PRECISION METALIKS LTD,         6.45,         6.50,         6.50,         6.50,         6.50,                    13000.00,2000,N, ,1,        22.85,         6.20
N,ST,PRIMECAB,PRIME CABLE INDUSTRIES L,       200.00,       198.00,       209.35,       194.00,       197.50,                  5068880.00,25600,N, ,16,       222.00,        70.40
G,ST,PRIZOR,PRIZOR VIZTECH LIMITED,      1176.90,      1161.00,      1200.40,      1161.00,      1200.40,                  7594400.00,6400,N, ,16,      1200.40,       216.65
N,ST,PSRAJ,P S RAJ STEELS LIMITED,        80.00,        77.20,        84.00,        77.20,        83.95,                  4133125.00,50000,N, ,15,       439.95,        76.10
N,ST,PURPLEUTED,PURPLE UNITED SALES LTD,       396.65,       400.00,       416.45,       400.00,       416.20,                 16713800.00,40750,N, ,115,       587.95,       244.45
N,ST,RADIOWALLA,RADIOWALLA NETWORK LTD,        30.20,        28.70,        28.70,        28.70,        28.70,                   229600.00,8000,N, ,4,        72.00,        22.20
N,ST,RCDL-RE,RAJGOR CAST DERIVATI LTD,         2.10,         2.50,         2.50,         2.30,         2.45,                   849600.00,342000,N, ,70,         6.25,         1.75
N,ST,RICHA,RICHA INFO SYSTEMS LTD,        81.00,        78.00,        78.00,        78.00,        78.00,                    78000.00,1000,N, ,1,        95.00,        50.00
N,ST,SAAKSHI,SAAKSHI MEDTEC N PANELS L,       312.00,       300.00,       321.00,       300.00,       317.30,                  4644780.00,15000,N, ,20,       331.00,       147.40
N,ST,SABAR,SABAR FLEX INDIA LIMITED,         9.05,         9.50,         9.50,         9.50,         9.50,                   522500.00,55000,N, ,8,         9.55,         3.95
N,ST,SAHASRA,SAHASRA ELECTRONIC SOLU L,       306.25,       308.95,       310.00,       301.00,       307.85,                  7476740.00,24400,N, ,52,       373.00,       188.35
N,ST,SAMAY,SAMAY PROJECT SERVICES L,        46.00,        44.50,        44.50,        44.50,        44.50,                   178000.00,4000,N, ,1,        52.50,        28.50
N,ST,SATIPOLY,SATI POLY PLAST LIMITED,        37.05,        38.00,        38.90,        38.00,        38.90,                    76750.00,2000,N, ,4,        82.00,        27.15
N,ST,SHEEL,SHEEL BIOTECH LIMITED,        64.50,        63.00,        63.00,        61.60,        61.60,                   372400.00,6000,N, ,3,        95.55,        37.80
N,ST,SHREEDHAR,SHREEDHAR SPINNERS LTD,       112.55,       108.55,       115.00,       108.50,       114.30,                  2215700.00,20000,N, ,8,       128.00,        54.40
N,ST,SHRIAHIMSA,SHRI AHIMSA NATURALS LTD,       473.10,       480.00,       488.00,       458.00,       485.50,                  5700000.00,12000,N, ,20,       502.90,       208.55
N,ST,SHYAMDHANI,SHYAM DHANI INDUSTRIES L,        54.00,        52.70,        52.70,        52.70,        52.70,                   105400.00,2000,N, ,1,       139.65,        47.00
N,ST,SIMCA,SIMCA ADVERTISING LIMITED,       257.65,       258.60,       260.00,       258.00,       260.00,                   776760.00,3000,N, ,5,       291.00,       132.00
N,ST,SLONE,SLONE INFOSYSTEMS LIMITED,       179.85,       187.65,       188.80,       180.00,       187.00,                  5421680.00,29600,N, ,40,       371.45,       110.00
N,ST,SMARTEN,SMARTEN POWER SYSTEMS LTD,        54.85,        54.85,        54.85,        54.85,        54.85,                    65820.00,1200,N, ,1,       104.80,        42.00
N,ST,SONUINFRA,SONU INFRATECH LIMITED,        42.35,        44.45,        44.45,        44.30,        44.45,                  3062550.00,69000,N, ,30,       114.80,        33.30
N,ST,SRIVASAVI,SRIVASAVI ADHESIVE TAPE L,        76.65,        78.00,        79.00,        78.00,        79.00,                   236000.00,3000,N, ,3,        98.00,        39.00
N,ST,SSFL,SRIVARI SPICES N FOODS L,       265.65,       268.00,       271.00,       260.00,       260.00,                  1314550.00,5000,N, ,10,       295.10,        86.00
N,ST,SUMAX,SUMAX ENGINEERING LIMITED,       110.65,       108.10,       111.80,       105.15,       106.50,                 29863740.00,276000,N, ,146,       116.00,       104.95
N,ST,SWASTIK,SWASTIK PIPE LIMITED,        20.00,        20.00,        20.00,        19.00,        19.00,                    70800.00,3600,N, ,3,        36.95,        12.50
N,ST,SYNOPTICS,SYNOPTICS TECHNOLOGIES L,        47.00,        47.20,        49.35,        44.65,        49.35,                   281250.00,6000,N, ,10,       112.35,        39.65
N,ST,TAC,TAC INFOSEC LIMITED,       437.25,       431.00,       445.00,       424.60,       433.35,                  9915350.00,22800,N, ,101,      1420.00,       347.40
G,ST,TANKUP,TANKUP ENGINEERS LIMITED,      1608.35,      1639.00,      1639.00,      1598.00,      1598.00,                  3639000.00,2250,N, ,7,      1639.00,       319.95
N,ST,TAURIAN,TAURIAN MPS LIMITED,       506.00,       506.00,       506.00,       483.20,       494.00,                  7474800.00,15200,N, ,19,       545.25,       192.00
N,ST,TEAMTECH,TEAMTECH FORMWORK SOL LTD,       138.00,       136.00,       137.00,       136.00,       137.00,                  1090000.00,8000,N, ,4,       143.80,        68.25
N,ST,TGL,TEERTH GOPICON LIMITED,        18.40,        18.05,        18.05,        18.05,        18.05,                     7220.00,400,N, ,2,        91.80,        14.10
N,ST,TSC,TSC INDIA LIMITED,        41.00,        43.05,        43.05,        43.00,        43.05,                  1807200.00,42000,N, ,14,        71.00,        25.25
G,ST,UHTL,UNITED HEAT TRANSFER LTD,       155.30,       158.40,       158.40,       158.40,       158.40,                 58291200.00,368000,N, ,56,       158.40,        44.00
N,ST,UTSSAV,UTSSAV CZ GOLD JEWELS LTD,       446.00,       446.00,       468.30,       440.00,       468.30,                 10931940.00,24000,N, ,34,       568.00,       160.05
N,ST,VIGOR,VIGOR PLAST INDIA LIMITED,       101.30,       101.30,       105.00,       101.30,       102.50,                  3339680.00,32000,N, ,20,       114.40,        44.75
N,ST,VINSYS,VINSYS IT SERVICES IND LT,       597.00,       598.00,       598.00,       597.00,       597.00,                   448000.00,750,N, ,3,       610.90,       215.00
N,ST,WOMANCART,WOMANCART LIMITED,       108.30,       111.90,       113.00,       104.10,       105.70,                  2169500.00,20000,N, ,38,       358.00,        88.00
 , , , , , , , , , , , , , , , 
 , , ,OTHER SECURITIES, , , , , , , , , , , , 
N,AZ,1015SCL28B,SEC RE NCD 10.15% SR VII,       720.00,       864.00,       864.00,       864.00,       864.00,                      864.00,1,N, ,1,      1001.00,       404.00
N,GB,SGBAPR28I,2.50%GOLDBONDS2028SR-I,     15180.84,     15275.00,     15350.00,     15251.00,     15323.99,                   933510.14,61,N, ,24,     18800.00,     10968.11
N,GB,SGBAUG27,2.50%GOLDBONDS2027SR-III,     15105.26,     15151.00,     15288.98,     15151.00,     15241.31,                   867394.19,57,N, ,28,     18899.00,     11350.00
N,GB,SGBAUG28V,2.50%GOLDBONDS2028SR-V,     15112.39,     15152.00,     15279.00,     15136.57,     15228.56,                  8063028.67,530,N, ,133,     18800.00,     10850.03
N,GB,SGBAUG29V,2.50%GOLDBONDS2029SR-V,     15237.20,     15255.55,     15350.00,     15255.55,     15313.80,                   780777.10,51,N, ,23,     19121.00,     11100.00
N,GB,SGBAUG30,2.50%GOLDBONDS2030SR-II,     15281.42,     15308.01,     15575.00,     15308.01,     15470.42,                  4142981.84,268,N, ,75,     19250.00,     11525.00
N,GB,SGBD29VIII,2.50%GOLDBONDS2029SR-VIII,     15239.92,     15260.00,     15379.99,     15201.00,     15345.00,                  1589686.28,104,N, ,33,     18897.90,     11134.03
N,GB,SGBDC27VII,2.50%GOLDBONDS2027SR-VII,     15150.00,     15125.11,     15270.00,     15125.11,     15225.00,                   273898.33,18,N, ,9,     18800.09,     11099.00
N,GB,SGBDE30III,2.50%GOLDBONDS2030SR-III,     15362.96,     15365.01,     15450.00,     15365.01,     15413.38,                  2776843.47,180,N, ,38,     19100.00,     11494.75
N,GB,SGBDE31III,2.50%GOLDBONDS2031SR-III,     15542.74,     15556.56,     15688.40,     15556.56,     15626.86,                 17769033.37,1138,N, ,177,     19298.00,     11760.00
N,GB,SGBDEC26,2.50%GOLDBONDS2026SR-IV,     15150.00,     15200.00,     15275.00,     15175.00,     15175.00,                   136821.99,9,N, ,7,     18999.00,     10925.00
N,GB,SGBFEB27,2.50%GOLDBONDS2027SR-VI,     14849.00,     15200.00,     15200.00,     15200.00,     15200.00,                    60800.00,4,N, ,4,     18899.00,     10900.00
N,GB,SGBFEB29XI,2.50%GOLDBONDS2029SR-XI,     15093.50,     15200.00,     15345.00,     15155.01,     15241.55,                  2940782.63,193,N, ,59,     18900.00,     10850.01
N,GB,SGBFEB32IV,2.50%GOLDBONDS2032SR-IV,     15742.54,     15806.56,     15849.97,     15736.00,     15787.91,                 19046267.69,1206,N, ,238,     21475.00,     12356.00
N,GB,SGBJ28VIII,2.50%GOLDBONDS2028SR-VIII,     15099.90,     15299.99,     15299.99,     15299.99,     15299.99,                    15299.99,1,N, ,1,     18897.99,     11020.00
N,GB,SGBJAN27,2.50%GOLDBONDS2027SR-V,     14950.00,     15105.11,     15249.00,     15105.11,     15248.00,                   136664.44,9,N, ,4,     18817.99,     10811.01
N,GB,SGBJAN29IX,2.50%GOLDBONDS2029SR-IX,     15111.99,     15185.50,     15266.55,     15155.11,     15227.50,                   807268.84,53,N, ,19,     18599.00,     10849.55
N,GB,SGBJAN29X,2.50%GOLDBONDS2029SR-X,     15108.22,     15200.51,     15250.00,     15198.14,     15245.00,                  4070604.30,267,N, ,22,     18571.00,     10960.00
N,GB,SGBJAN30IX,2.50%GOLDBONDS2030SR-IX,     15160.71,     15340.00,     15379.02,     15211.00,     15242.20,                  3423542.62,224,N, ,58,     18799.00,     11281.23
N,GB,SGBJU29III,2.5%GOLDBONDS2029SR-III,     15120.00,     15205.00,     15300.00,     15202.00,     15293.80,                  1830103.70,120,N, ,30,     18593.26,     10865.00
N,GB,SGBJUL28IV,2.50%GOLDBONDS2028SR-IV,     15116.01,     15155.01,     15279.50,     15155.01,     15249.78,                  3847953.81,253,N, ,53,     18600.01,     10810.00
N,GB,SGBJUL29IV,2.50%GOLDBONDS2029SR-IV,     15127.94,     15170.00,     15300.00,     15170.00,     15264.25,                  1831898.23,120,N, ,24,     18600.01,     10896.20
N,GB,SGBJUN27,2.50%GOLDBONDS2027SR-I,     14950.00,     15299.97,     15299.97,     15298.99,     15298.99,                    61196.94,4,N, ,3,     18500.00,     10812.73
N,GB,SGBJUN28,2.5%GOLDBONDS2028SR-III,     15131.45,     15186.73,     15270.00,     15155.02,     15233.75,                   609591.61,40,N, ,12,     18800.00,     10999.00
N,GB,SGBJUN29II,2.5%GOLDBONDS2029SR-II,     15135.00,     15175.00,     15299.99,     15175.00,     15231.01,                  1116186.40,73,N, ,8,     18650.00,     10900.00
N,GB,SGBJUN30,2.50%GOLDBONDS2030SR-I,     15287.44,     15511.00,     15511.00,     15400.00,     15449.00,                   757364.96,49,N, ,10,     19400.00,     11310.01
N,GB,SGBJUN31I,2.50%GOLDBONDS2031SR-I,     15379.14,     15500.00,     15535.00,     15450.05,     15505.82,                  2246085.48,145,N, ,53,     19150.02,     11734.09
N,GB,SGBMAR28X,2.50%GOLDBONDS2028SR-X,     15160.00,     15274.17,     15300.57,     15255.01,     15257.00,                   672225.75,44,N, ,21,     18650.00,     10901.00
N,GB,SGBMAR30X,2.50%GOLDBONDS2030SR-X,     15318.46,     15350.00,     15450.00,     15300.00,     15425.00,                  1781943.44,116,N, ,27,     18900.00,     11276.60
N,GB,SGBMAR31IV,2.50%GOLDBONDS2031SR-IV,     15413.07,     15436.57,     15639.83,     15436.57,     15520.32,                  1769582.47,114,N, ,46,     19275.00,     11603.01
N,GB,SGBMAY28,2.50%GOLDBONDS2028SR-II,     15123.33,     15259.99,     15280.00,     15200.04,     15260.00,                   900350.04,59,N, ,12,     18605.26,     10799.00
N,GB,SGBMAY29I,2.5%GOLDBONDS2029SR-I,     15136.47,     15211.01,     15299.00,     15211.01,     15295.42,                  7008381.44,459,N, ,51,     18590.00,     10910.00
N,GB,SGBMR29XII,2.50%GOLDBONDS2029SR-XII,     15142.50,     15261.27,     15325.00,     15211.01,     15244.60,                  2259480.06,148,N, ,52,     18640.00,     10854.75
N,GB,SGBN28VIII,2.5%GOLDBONDS2028SR-VIII,     15176.00,     15242.00,     15300.00,     15235.00,     15261.04,                   625666.59,41,N, ,14,     19000.00,     10850.00
N,GB,SGBNV29VII,2.5%GOLDBONDS2029SR-VII,     15158.00,     15250.00,     15344.00,     15250.00,     15300.00,                  2584128.42,169,N, ,20,     18899.00,     10909.00
N,GB,SGBOC28VII,2.50%GOLDBONDS2028SR-VII,     15185.00,     15250.02,     15340.00,     15250.02,     15320.20,                  1879233.11,123,N, ,29,     18645.00,     10900.00
N,GB,SGBOCT27,2.50%GOLDBONDS2027SR-V,     14962.00,     15250.00,     15300.00,     15250.00,     15300.00,                    91600.00,6,N, ,3,     18804.93,     10700.00
N,GB,SGBSEP27,2.50%GOLDBONDS2027SR-IV,     15251.00,     15350.01,     15350.01,     15350.01,     15350.01,                   414450.27,27,N, ,1,     18550.00,     10600.00
N,GB,SGBSEP28VI,2.50%GOLDBONDS2028SR-VI,     15159.80,     15261.89,     15300.02,     15200.00,     15300.00,                  5860734.16,384,N, ,88,     18600.00,     10864.04
N,GB,SGBSEP29VI,2.5%GOLDBONDS2029SR-VI,     15352.09,     15303.20,     15350.01,     15152.00,     15246.68,                  3372416.69,221,N, ,71,     18600.00,     10950.00
N,GB,SGBSEP31II,2.50%GOLDBONDS2031SR-II,     15509.43,     15555.01,     15674.00,     15555.01,     15620.76,                  5274605.48,338,N, ,89,     19190.00,     11706.13
N,GS,1018GS2026,GOI LOAN 10.18% 2026,       105.00,       105.00,       105.00,       104.70,       104.96,                   545533.64,5208,N, ,10,       111.90,        98.83
N,GS,574GS2026,GOI LOAN  5.74% 2026,       101.05,       101.95,       101.95,       101.95,       101.95,                      101.95,1,N, ,1,       104.00,        96.44
N,GS,585GS2030,GOI LOAN  5.85% 2030,        94.09,        98.50,        98.50,        98.50,        98.50,                    49348.50,501,N, ,2,       100.99,        94.09
N,GS,591GS2028,GOI LOAN  5.91% 2028,        99.78,       100.05,       100.70,       100.00,       100.69,                  1544224.70,15340,N, ,6,       105.00,        96.34
N,GS,601GS2030,GOI LOAN  6.01% 2030,        99.00,        98.50,        98.50,        98.50,        98.50,                     1871.50,19,N, ,1,       107.10,        97.00
N,GS,603GS2029,GOI LOAN  6.03% 2029,        98.50,       100.47,       100.47,       100.47,       100.47,                    10047.00,100,N, ,1,       103.68,        97.80
N,GS,610GS2031,GOI LOAN  6.10% 2031,        99.99,        97.00,        97.00,        97.00,        97.00,                    19400.00,200,N, ,1,       111.00,        93.84
N,GS,620GS2029,GOI LOAN   6.20% 2029,        99.75,       100.20,       100.20,       100.20,       100.20,                   701400.00,7000,N, ,1,       101.00,        97.11
N,GS,633GS2035,GOI LOAN  6.33% 2035,        99.30,        99.20,        99.30,        99.20,        99.30,                    19750.80,199,N, ,2,       104.00,        93.66
N,GS,648GS2035,GOI LOAN  6.48% 2035,       100.00,       100.00,       100.00,       100.00,       100.00,                     1000.00,10,N, ,1,       104.00,        95.40
N,GS,654GS2032,GOI LOAN  6.54% 2032,       100.00,       100.00,       100.16,       100.00,       100.16,                  1769516.61,17692,N, ,10,       105.89,        98.37
N,GS,664GS2027,GOI LOAN   6.64% 2027,       101.40,       101.20,       101.20,       101.20,       101.20,                    10120.00,100,N, ,1,       104.20,       100.00
N,GS,667GS2035,GOI LOAN  6.67% 2035,       104.00,       100.20,       100.20,       100.20,       100.20,                    80059.80,799,N, ,1,       120.75,        97.76
N,GS,667GS2050,GOI LOAN  6.67% 2050,        92.50,        93.00,        93.00,        93.00,        93.00,                       93.00,1,N, ,1,        99.00,        89.46
N,GS,668GS2033,GOI LOAN  6.68% 2033,       100.00,        98.66,       100.00,        98.66,       100.00,                    29791.00,300,N, ,3,       103.00,        96.50
N,GS,668GS2040,GOI LOAN  6.68% 2040,        97.68,        98.50,        98.50,        97.80,        97.80,                  1966047.00,20102,N, ,2,       102.00,        93.00
N,GS,676GS2061,GOI LOAN  6.76% 2061,        90.26,        90.67,        90.67,        90.55,        90.65,                   344184.05,3797,N, ,15,       100.25,        88.33
N,GS,679GS2031,GOI LOAN   6.79% 2031,       101.00,       101.50,       101.50,       100.50,       100.50,                    11065.00,110,N, ,2,       106.57,        97.41
N,GS,679GS2034A,GOI LOAN   6.79% 2034,        99.88,        99.93,        99.93,        99.93,        99.93,                    19886.07,199,N, ,1,       102.40,        90.00
N,GS,68GS2060,GOI LOAN  6.8% 2060,        91.45,        91.00,        91.00,        91.00,        91.00,                    90090.00,990,N, ,3,       101.00,        88.10
N,GS,690GS2065,GOI LOAN  6.90% 2065,        93.29,        93.99,        93.99,        93.70,        93.74,                  1612385.00,17185,N, ,19,       100.70,        89.40
N,GS,692GS2039,GOI LOAN   6.92% 2039,        99.00,        97.02,        97.02,        97.02,        97.02,                    48510.00,500,N, ,1,       107.00,        95.26
N,GS,694GS2036,GOI LOAN  6.94% 2036,       102.11,       103.13,       103.13,       102.20,       102.20,                    11045.04,108,N, ,2,       106.00,        98.01
N,GS,695GS2061,GOI LOAN  6.95% 2061,        94.00,        94.00,        94.70,        94.00,        94.70,                      188.70,2,N, ,2,       103.90,        90.76
N,GS,702GS2027,GOI LOAN  7.02% 2027,       103.00,       102.00,       102.00,       102.00,       102.00,                    10200.00,100,N, ,1,       106.00,        98.07
N,GS,704GS2029,GOI LOAN  7.04% 2029,       103.00,       103.00,       103.00,       103.00,       103.00,                    10300.00,100,N, ,1,       106.00,       100.00
N,GS,706GS2028,GOI LOAN  7.06% 2028,       104.20,       104.00,       104.35,       104.00,       104.32,                  1679360.00,16100,N, ,5,       107.70,       100.30
N,GS,706GS2041,GOI LOAN  7.06% 2041,       100.50,       101.00,       101.00,       100.15,       100.15,                   401973.50,3990,N, ,3,       102.70,        98.58
N,GS,709GS2054,GOI LOAN  7.09% 2054,        95.70,        95.95,        96.00,        95.60,        95.98,                  1180670.19,12308,N, ,10,       104.40,        94.00
N,GS,709GS2074,GOI LOAN   7.09% 2074,        95.41,        95.60,        95.80,        95.60,        95.60,                   148478.60,1551,N, ,5,       103.10,        92.31
N,GS,710GS2029,GOI LOAN 7.10% 2029,       104.39,       103.26,       104.00,       103.26,       104.00,                   112515.80,1089,N, ,3,       107.80,        98.94
N,GS,716GS2050,GOI LOAN 7.16% 2050,       102.00,       102.00,       102.00,       102.00,       102.00,                     1530.00,15,N, ,1,       109.00,        93.87
N,GS,717GS2030,GOI LOAN  7.17% 2030,       103.80,       103.81,       103.81,       103.81,       103.81,                  1038100.00,10000,N, ,3,       111.60,        99.51
N,GS,718GS2033,GOI LOAN  7.18% 2033,       103.00,       101.97,       101.97,       101.97,       101.97,                    10197.00,100,N, ,1,       111.00,       100.50
N,GS,718GS2037,GOI LOAN  7.18% 2037,       102.53,       102.53,       103.00,       102.00,       102.80,                  3922112.02,38273,N, ,36,       108.05,        99.12
N,GS,719GS2060,GOI LOAN 7.19% 2060,        99.02,        99.60,        99.60,        99.60,        99.60,                     2490.00,25,N, ,1,       105.98,        92.95
N,GS,723GS2039,GOI LOAN  7.23% 2039,       104.58,       104.58,       104.58,       104.58,       104.58,                    10458.00,100,N, ,1,       106.70,        98.61
N,GS,724GS2055,GOI LOAN  7.24% 2055,        97.30,        97.40,        97.40,        96.80,        96.82,                  1554247.86,16037,N, ,55,       103.80,        94.30
N,GS,725GS2063,GOI LOAN  7.25% 2063,        96.83,        96.86,        97.14,        96.71,        96.98,                 25815010.02,266232,N, ,150,       106.90,        95.00
N,GS,726GS2032,GOI LOAN  7.26% 2032,       103.05,       103.00,       103.40,       102.75,       103.40,                   247440.00,2400,N, ,4,       111.00,        95.83
N,GS,726GS2033,GOI LOAN  7.26% 2033,       102.55,       103.25,       103.25,       103.25,       103.25,                   165200.00,1600,N, ,2,       111.93,        99.53
N,GS,732GS2030,GOI LOAN  7.32% 2030,       102.57,       103.61,       104.00,       103.61,       104.00,                    20761.00,200,N, ,2,       109.90,       100.72
N,GS,733GS2026,GOI LOAN  7.33% 2026,       102.11,       102.11,       102.11,       102.11,       102.11,                    20422.00,200,N, ,2,       105.57,        98.54
N,GS,734GS2064,GOI LOAN  7.34% 2064,        98.88,        99.48,        99.48,        98.60,        98.85,                 12619575.22,127566,N, ,95,       106.20,        95.14
N,GS,736GS2052,GOI LOAN  7.36% 2052,       101.50,       101.00,       101.35,       101.00,       101.15,                  3138812.65,31009,N, ,33,       107.10,        96.30
N,GS,737GS2028,GOI LOAN  7.37% 2028,       106.58,       104.30,       106.58,       104.30,       106.47,                   380400.22,3575,N, ,7,       108.00,       101.06
N,GS,738GS2027,GOI LOAN 7.38% 2027,       102.56,       102.63,       102.75,       102.62,       102.62,                  3046813.98,29686,N, ,19,       108.00,        99.21
N,GS,73GS2053,GOI LOAN  7.3% 2053,        98.77,        98.85,        98.85,        98.78,        98.85,                  5384594.52,54492,N, ,29,       106.25,        97.20
N,GS,741GS2036,GOI LOAN  7.41% 2036,       104.99,       104.95,       105.10,       104.60,       105.00,                   212284.58,2022,N, ,11,       110.61,       101.88
N,GS,743GS2076,GOI LOAN  7.43% 2076,        99.75,        99.75,        99.89,        99.51,        99.83,                  1494093.65,14967,N, ,37,       105.00,        97.70
N,GS,746GS2073,GOI LOAN  7.46% 2073,       101.49,       100.55,       101.50,       100.48,       101.50,                    10149.85,101,N, ,4,       107.35,        97.25
N,GS,74GS2062,GOI LOAN  7.4% 2062,       103.98,       103.00,       103.00,       100.11,       103.00,                    50261.00,502,N, ,3,       109.11,        96.20
N,GS,750GS2056,GOI LOAN  7.50% 2056,       101.57,       100.55,       102.25,       100.55,       102.24,                   450602.00,4412,N, ,9,       103.35,        95.00
N,GS,754GS2036,GOI LOAN  7.54% 2036,       106.14,       106.05,       106.25,       106.05,       106.18,                 40313098.06,379689,N, ,179,       112.05,       103.02
N,GS,771GS2066,GOI LOAN  7.71% 2066,       103.90,       103.80,       103.95,       103.60,       103.66,                 13465699.89,129820,N, ,53,       106.80,        99.00
N,GS,795GS2032,GOI LOAN 7.95% 2032,       104.86,       106.40,       106.40,       106.40,       106.40,                    21280.00,200,N, ,1,       115.00,       101.40
N,GS,824GS2027,GOI LOAN 8.24%2027,       103.60,       101.75,       101.75,       101.70,       101.70,                    62575.50,615,N, ,6,       110.39,        97.65
N,GS,824GS2033,GOI LOAN 8.24% 2033,       109.75,       108.46,       108.46,       108.46,       108.46,                   216920.00,2000,N, ,2,       113.01,       108.46
N,GS,832GS2032,GOI LOAN 8.32% 2032,       106.94,       107.00,       110.00,       107.00,       107.01,                    21914.01,202,N, ,3,       115.00,       103.90
N,GS,897GS2030,GOI LOAN 8.97% 2030,       111.50,       112.98,       113.00,       112.00,       112.50,                  1490628.23,13236,N, ,16,       118.50,       107.72
N,GS,92GS2030,GOI LOAN 9.20% 2030,       115.50,       118.38,       118.38,       115.00,       115.25,                  2159402.19,18736,N, ,19,       121.01,       107.13
N,N0,1025PATE28,PATE 10.25% 2028,    101363.78,     99500.00,     99500.00,     99500.00,     99500.00,                    99500.00,1,N, ,1,    101446.48,     96331.51
N,N0,1025VCCL28,VCCL 10.25% 2028,     94000.00,     95000.00,     96000.00,     95000.00,     96000.00,                  1431000.00,15,N, ,3,     98747.19,     90000.00
N,N0,1075WCA28,WCAPL 10.75% 2028,      9633.00,      9633.00,      9633.00,      9405.00,      9405.00,                    38304.00,4,N, ,3,     10129.00,      8190.00
N,N0,1125AFIL29,AFIL 11.25% 2029,      9885.00,      9809.00,      9809.00,      9809.00,      9809.00,                   392360.00,40,N,XI,2,      9955.00,      9809.00
N,N0,1150AFIL29,AFIL 11.50% 2029,      9909.02,      9903.00,      9909.02,      9903.00,      9903.00,                   208017.18,21,N,XI,3,      9950.00,      7875.00
N,N0,115VCCL31,VCCL 11.5% 2031,     97500.00,     99000.00,     99000.00,     99000.00,     99000.00,                    99000.00,1,N, ,1,     99000.00,     96500.00
N,N0,125VCCL31,VCCL 12.5% 2031,     97499.00,     97300.00,     97300.00,     97199.00,     97199.00,                   388998.00,4,N, ,4,     98449.00,     76800.00
N,N0,1275DCCL28,DCCL 12.75% 2028,      9943.42,      9976.14,      9976.14,      9976.14,      9976.14,                    39904.56,4,N, ,1,     10000.00,      9000.00
N,N0,12AFIL27,AFIL 12% 2027 SR 1,      9980.84,     10002.20,     10002.20,     10002.20,     10002.20,                    50011.00,5,N, ,1,     10500.00,      8100.00
N,N0,12AFIL28,AFIL 12% 2028,      9974.00,      9974.00,      9974.00,      9900.00,      9900.00,                   149010.00,15,N, ,4,     10289.00,      9202.00
N,N0,12VCCL29B,VCCL 12% 2029,     95910.00,     98000.00,     98000.00,     98000.00,     98000.00,                   980000.00,10,N, ,1,    102000.00,     89900.00
N,N0,905SCL36,SCL 9.05% 2036,    101000.00,    100100.00,    100100.00,    100100.00,    100100.00,                 15015000.00,150,N, ,1,    101000.00,    100100.00
N,N0,915APSBC28,APSBC 9.15% 2028 STRPP C,    101000.01,    101599.00,    101599.00,    101599.00,    101599.00,                   101599.00,1,N, ,1,    104000.00,    100000.00
N,N0,915APSBC35,APSBC 9.15% 2035 STRPP J,    104450.02,    105125.00,    105125.00,    105125.00,    105125.00,                   105125.00,1,N, ,1,    119560.00,    102000.00
N,N0,925IIFL32A,IIFL 9.25% 2032 SR 35,    100000.00,    100000.00,    100000.00,    100000.00,    100000.00,                   100000.00,1,N, ,1,    100000.00,    100000.00
N,N0,930APMD32,APMD 9.30% 2032 STRPP F,    103201.01,    105490.00,    105500.00,    105490.00,    105495.00,                   210990.00,2,N, ,2,    106000.00,    100475.00
N,N0,965ISF28,ISF 9.65% 2028,     99000.00,     99000.00,     99000.00,     99000.00,     99000.00,                    99000.00,1,N, ,1,    101112.81,     98027.40
N,N0,975ISF28,ISF 9.75% NCD 2028,     99599.00,     99000.00,     99000.00,     99000.00,     99000.00,                   693000.00,7,N, ,7,    112828.99,     86000.00
N,N1,1015SCL29B,SEC RE NCD 10.15% SR VII,      1094.55,      1105.38,      1105.38,      1105.38,      1105.38,                     1105.38,1,N, ,1,      1105.38,       972.00
N,N1,1025UCL26A,SEC RE NCD 10.25% SR II,       990.01,      1000.12,      1000.12,       999.70,       999.70,                     5000.18,5,N, ,2,      1090.70,       950.00
N,N1,735PFCL35,7.35% TAX FREE NCD,      1169.80,      1202.10,      1202.10,      1202.10,      1202.10,                   925617.00,770,N, ,1,      1202.10,      1169.80
N,N1,79NHIT35,SEC RE NCD 7.90% STRPP A,       311.01,       311.25,       311.25,       311.25,       311.25,                    15562.50,50,N, ,1,       342.10,       300.00
N,N1,888ECL28,ECL 8.88% 2028 SR V,       984.01,       987.05,       987.05,       980.01,       982.10,                   403203.89,410,N, ,13,      1028.00,       785.00
N,N1,89IHFL29,SEC RE NCD 8.90% SR VI,       975.00,       980.00,       980.00,       980.00,       980.00,                   117600.00,120,N, ,5,       998.50,       822.80
N,N1,902SCL28,SCL 9.02% SR V,       998.00,      1000.64,      1000.64,      1000.64,      1000.64,                    75048.00,75,N,XI,2,      1018.68,       822.00
N,N1,948SCL27D,SEC RE NCD 9.48% SR V,       981.00,      1060.00,      1060.00,      1060.00,      1060.00,                     3180.00,3,N, ,1,      1080.60,       904.00
N,N1,971SCL30,SCL 9.71% SR VIII,      1029.00,      1021.52,      1021.52,      1021.52,      1021.52,                   106238.08,104,N,XI,3,      1029.84,       901.20
N,N1,99SCL27V,SCL 9.90% 2027 SR IV,      1005.00,      1041.80,      1060.00,      1024.00,      1060.00,                  1580535.60,1525,N, ,5,      1060.00,       920.50
N,N2,738REC27TF,TAXFREE SEC NCD TR1 S2,      1075.00,      1075.00,      1075.00,      1075.00,      1075.00,                   215000.00,200,N, ,1,      1109.90,      1032.00
N,N2,764NABAR31,7.64% TAX FREE TRI SRIIB,      1119.00,      1110.10,      1118.00,      1110.07,      1118.00,                  1034878.00,931,N, ,13,      1165.00,      1072.50
N,N2,79NHIT40,SEC RE NCD 7.90% STRPP B,       312.00,       312.00,       312.00,       312.00,       312.00,                      312.00,1,N, ,1,       372.00,       303.02
N,N2,810IRFC27,BOND 8.10% PA TAX FREE S2,      1083.00,      1082.00,      1082.00,      1082.00,      1082.00,                   108200.00,100,N, ,2,      1120.70,      1028.60
N,N2,82HUDCO27,8.20 NCD05MAR27 FV 1000,      1058.75,      1058.75,      1058.75,      1053.01,      1053.01,                    31672.06,30,N, ,5,      1129.00,      1019.00
N,N2,830NHAI27,BOND 8.30% PA TAX FREE S2,      1086.06,      1086.07,      1088.00,      1086.06,      1086.40,                   775163.18,713,N, ,18,      1130.00,      1026.01
N,N2,855IREDA29,IREDA 8.55NCDTR I SR II A,      1101.20,      1110.10,      1110.10,      1110.10,      1110.10,                     5550.50,5,N, ,1,      1250.00,      1082.00
N,N3,0MOFSL27,SEC RE NCD SR IV,      1215.00,      1215.00,      1215.00,      1210.00,      1210.50,                    36315.00,30,N, ,2,      1225.81,      1107.00
N,N3,10ISFL26,SEC RE NCD 10% SR 4,      1066.80,      1066.80,      1066.80,      1066.80,      1066.80,                    26670.00,25,N, ,1,      1085.00,       976.00
N,N3,79NHIT47,SEC RE NCD 7.90% STRPP C,       416.53,       417.50,       418.00,       417.50,       418.00,                   302871.00,725,N, ,4,       459.19,       402.07
N,N3,IMC1,SEC RE NCGB 8.25% STRPP D,       256.50,       250.00,       251.00,       250.00,       251.00,                     2005.00,8,N, ,2,       263.95,       239.89
N,N4,10IIFL28,UNSEC RE NCD 10% SR.I,      1009.99,      1007.00,      1009.75,      1000.00,      1000.00,                   809928.41,807,N, ,9,      1089.99,       961.00
N,N4,865SCL27,SCL 8.65% 2027 SR II,      1001.00,      1001.00,      1001.00,      1001.00,      1001.00,                     3003.00,3,N, ,1,      1005.00,       905.20
N,N4,888SCL25E,SEC RE NCD 10.25% SR XII,       939.00,       915.00,       915.20,       915.00,       915.20,                    68633.00,75,N, ,3,      1130.00,       680.40
N,N4,891IIFCL34,8.91% TAX FREE NCD,      1255.01,      1255.01,      1270.00,      1255.01,      1270.00,                   136811.08,109,N, ,2,      1348.00,      1210.41
N,N4,965AEL27,SEC RE NCD 9.65% SR IV,      1011.50,      1012.00,      1012.00,      1009.05,      1012.00,                   124464.15,123,N, ,11,      1140.00,       984.70
N,N5,879NHPC28,8.79% SEC RED BOND S2B,      1110.00,      1110.00,      1110.00,      1110.00,      1110.00,                   884670.00,797,N, ,3,      1273.75,      1062.26
N,N5,96IIFL28,UNSEC RE NCD 9.60% SR.II,      1004.00,      1004.00,      1004.00,      1000.04,      1002.24,                  5289975.43,5282,N, ,83,      1007.00,       810.60
N,N5,AEL120924A,SEC RE NCD SR V,      1185.00,      1200.00,      1200.00,      1200.00,      1200.00,                    37200.00,31,N, ,3,      1296.00,      1081.00
N,N6,10IIFL29,UNSEC RED NCD 10.0% SR. V,      1020.00,      1024.00,      1024.00,      1024.00,      1024.00,                    20480.00,20,N, ,1,      1050.00,       975.50
N,N6,875NHAI29,8.75% TAX FREE TR I S IIB,      1115.00,      1052.00,      1119.99,      1052.00,      1118.24,                   490890.70,440,N, ,10,      1250.00,      1052.00
N,N6,880IREDA34,IREDA 8.80NCDTR I SR IIIB,      1280.00,      1250.00,      1250.00,      1250.00,      1250.00,                   125000.00,100,N, ,1,      1320.00,      1195.40
N,N6,891NTPC33,8.91%S-R-NCD SERIES 3B,      1280.00,      1248.00,      1284.90,      1248.00,      1273.74,                   224128.66,176,N, ,6,      1338.00,      1208.60
N,N6,892NHPC33,8.92% SEC RED BOND S3B,      1260.00,      1260.00,      1260.00,      1260.00,      1260.00,                   882000.00,700,N, ,10,      1520.00,      1181.12
N,N6,893NHB29,NHB 8.93 NCD TR II SR 2 B,      5600.00,      5600.00,      5600.00,      5600.00,      5600.00,                   207200.00,37,N, ,5,      6005.00,      5405.10
N,N6,901NHB34,BOND 9.01%PA TF TR-I S 3B,      6384.00,      6380.00,      6380.00,      6365.00,      6378.63,                   133965.00,21,N, ,3,      7390.00,      6030.10
N,N7,898LTF29,SERENCD 8.98% SR.VI OP2,      1066.01,      1067.01,      1072.00,      1066.01,      1072.00,                   126068.72,118,N, ,5,      1182.00,      1040.00
N,N7,990SCL26,SEC RE NCD 9.90% SR IV,       399.80,       365.80,       365.80,       365.80,       365.80,                     5487.00,15,N, ,2,       839.70,       290.00
N,N7,99AEL29,SEC RE NCD 9.90% SR VII,      1051.00,      1055.00,      1055.00,      1055.00,      1055.00,                     5275.00,5,N, ,1,      1169.00,      1015.00
N,N8,764HUDCO31,7.64% TAX FREETRI SR2B,      1118.00,      1130.00,      1130.00,      1125.00,      1125.00,                   353435.00,313,N, ,5,      1175.00,      1083.00
N,N8,81TCHF28,SEC RED NCD 8.10% SR.IV,      1010.00,      1014.80,      1014.80,      1014.40,      1014.40,                   126809.00,125,N, ,3,      1107.50,       986.70
N,N8,840IRFC29,BOND 8.40% PA TF TI-SIIA,      1097.10,      1307.80,      1307.80,      1307.80,      1307.80,                     6539.00,5,N, ,1,      1307.80,      1074.40
N,N8,865TCAPS27,SERENCD8.65%SR.IIICIII&IV,      1011.00,      1011.00,      1011.00,      1009.05,      1009.05,                    11119.05,11,N, ,2,      1150.50,       980.96
N,N8,892PFCL33,8.92% TAX FREE NCD,      1286.87,      1276.05,      1276.05,      1276.05,      1276.05,                    12760.50,10,N, ,1,      1343.00,      1219.99
N,N9,769HUDCO31,7.69% TAX FREETRII SR2B,      1139.50,      1136.50,      1136.80,      1136.10,      1136.80,                   363570.00,320,N, ,6,      1173.00,      1076.40
N,N9,871REC28,BOND 8.71% TAX FREE S2B,      1122.06,      1120.50,      1121.50,      1120.50,      1121.42,                   249973.70,223,N, ,5,      1179.99,      1075.00
N,N9,885SCL26,SEC RED NCD 8.85% SR. VI,      1077.02,      1078.33,      1080.00,      1077.00,      1077.00,                  3233350.28,3000,N, ,60,      1080.01,       952.57
N,NA,76NHAI31,TAX FREE7.60% SR.IIB,      1109.60,      1110.05,      1111.00,      1110.05,      1110.10,                   108829.55,98,N, ,7,      1159.99,      1075.10
N,NA,865IRFC29,BOND 8.65% PA TF TI-SIIB,      1108.00,      1108.00,      1108.00,      1107.00,      1107.00,                    22150.00,20,N, ,2,      1182.95,      1060.00
N,NA,910TCAP28,UNSERENCD9.1%SRIIICIII&IV,      1114.99,      1107.00,      1107.00,      1107.00,      1107.00,                     1107.00,1,N, ,1,      1157.00,      1032.00
N,NA,9PFL31A,SEC RE NCD 9% SR.V,      1038.00,      1038.00,      1038.00,      1038.00,      1038.00,                    20760.00,20,N, ,1,      1380.00,       996.00
N,NA,9SCL26BA,SEC RED NCD 9.0% SR. VI,      1081.00,      1082.00,      1083.25,      1082.00,      1083.25,                    64938.75,60,N, ,2,      1083.25,       966.22
N,NB,885AEL28,AEL 8.85% 2028 SR III,      1035.00,      1030.00,      1030.00,      1030.00,      1030.00,                    25750.00,25,N, ,1,      1130.00,       986.38
N,NB,96SFIL24A,SERENCD8.84%SRVICIII&IV,       992.76,       992.00,       992.00,       992.00,       992.00,                   248992.00,251,N, ,3,      1122.84,       850.00
N,NB,TCHF30,UN SE RE NCD 8.55% SR.VI,      1090.00,      1090.00,      1090.00,      1090.00,      1090.00,                    10900.00,10,N, ,1,      1200.00,      1015.00
N,NC,1065NFL27,SEC RE NCD 10.65% SR.IV,      1010.99,      1011.00,      1011.00,      1011.00,      1011.00,                   435741.00,431,N, ,21,      1200.00,       851.00
N,NC,843IHFL29,SEC RE NCD 8.43% SR.VI,       982.00,       982.00,       985.00,       982.00,       985.00,                    37373.00,38,N, ,2,      1000.00,       862.01
N,NC,885TCAPS29,UNSERENCD8.85%SRIVCIII&IV,      1040.00,      1021.00,      1021.00,      1021.00,      1021.00,                     1021.00,1,N, ,1,      1190.00,       955.00
N,NC,915AEL28,AEL 9.15% 2028 SR IV,      1025.00,      1025.00,      1025.00,      1019.22,      1019.22,                   318711.42,311,N, ,4,      1098.99,      1003.91
N,ND,762NTPC35F,TFB 7.62% 2035 SR. 3B,      1221.06,      1217.00,      1217.00,      1217.00,      1217.00,                   191069.00,157,N, ,3,      1270.00,      1152.00
N,ND,876HUDCO28,8.76% TAX FREETRI SR2B,      1133.51,      1135.98,      1135.98,      1134.00,      1135.00,                   533130.50,470,N, ,8,      1178.89,      1072.00
N,ND,970CAGL28,SEC RE NCD 9.70% SR VII,      1021.00,      1021.90,      1021.90,      1021.00,      1021.00,                   305292.40,299,N, ,12,      1120.00,       983.00
N,ND,AEL170725,AEL 0% 2028 SR V,      1095.00,      1095.00,      1095.00,      1095.00,      1095.00,                    38325.00,35,N, ,2,      1137.00,      1000.00
N,NE,10IIFL28A,UNSE RE NCD 10% SR.I,      1042.46,      1043.52,      1047.94,      1043.50,      1046.98,                   805920.02,770,N, ,6,      1120.80,       950.00
N,NE,769NHAI31,TAX FREE 7.69% SR. IIB,      1152.25,      1153.00,      1154.00,      1153.00,      1153.00,                  1308685.00,1135,N, ,5,      1170.00,      1087.19
N,NE,901HUDCO34,9.01% TAX FREETRII SR3B,      1284.99,      1284.00,      1284.00,      1278.00,      1280.00,                   431900.45,337,N, ,13,      1345.00,      1217.10
N,NE,915SCL26,UNS RED NCD 9.15% SR.IX,      1083.99,      1083.99,      1083.99,      1083.99,      1083.99,                   114902.94,106,N, ,3,      1084.45,       925.41
N,NE,9AEL30,AEL 9% 2030 SR VI,      1050.01,      1049.85,      1050.85,      1049.85,      1050.85,                    10503.50,10,N, ,2,      1110.00,       996.00
N,NE,PFCL41A,PFCL 0% 2041 SR V,      1000.00,      1000.00,      1000.01,      1000.00,      1000.00,                    85000.25,85,N, ,5,      1000.01,       900.00
N,NF,930AEL30,AEL 9.3% 2030 SR VII,      1040.00,      1040.00,      1045.00,      1037.00,      1045.00,                    21815.00,21,N, ,3,      1122.00,      1005.00
N,NF,96IIFL28A,UNSE RE NCD 9.6% SR.II,      1004.68,      1004.00,      1004.00,      1002.80,      1003.63,                   620793.96,619,N, ,12,      1010.00,       890.00
N,NG,AEL170725A,AEL 0% 2030 SR VIII,      1104.94,      1095.00,      1095.00,      1095.00,      1095.00,                   109500.00,100,N, ,1,      1107.29,       951.01
N,NG,IIFLZC28,UNSE RE NCD 0% SR.III,      1668.95,      1659.70,      1659.70,      1659.70,      1659.70,                   165970.00,100,N, ,3,      1679.00,      1429.00
N,NH,1050UCL28,UCL 10.50% SR V,      1010.05,      1015.00,      1015.00,      1015.00,      1015.00,                   313635.00,309,N, ,3,      1045.00,       953.60
N,NH,860AEL28,AEL 8.60% 2028 SR I,      1060.00,      1035.70,      1060.00,      1035.20,      1060.00,                   529572.70,500,N, ,12,      1080.00,       897.97
N,NJ,753IRFC30,TAX FREE  7.53% SR. 103 A,      1138.89,      1137.00,      1137.99,      1137.00,      1137.00,                   115974.99,102,N, ,4,      1159.99,      1074.00
N,NJ,943ECL28,SEC RED NCD 9.43% SR. VI,      1009.90,      1003.01,      1003.01,      1003.00,      1003.00,                   559679.10,558,N, ,5,      1189.00,       896.00
N,NK,875AEL29,AEL 8.75% 2029 SR IV,      1053.00,      1053.00,      1053.00,      1053.00,      1053.00,                   568620.00,540,N, ,11,      1121.20,       994.00
N,NK,985ECL28,SEC RED NCD 9.85% SR. VII,      1002.52,      1004.69,      1004.69,      1003.05,      1003.99,                   521923.40,520,N, ,35,      1235.00,       878.00
N,NL,797IGT31,SEC RE NCD 7.97% SR.VI,      1010.00,      1017.80,      1017.80,      1015.00,      1017.80,                   177879.00,175,N, ,9,      1115.00,       986.15
N,NL,842IIFL26,SEC RE NCD 8.42% SR.V,       996.00,       999.98,       999.98,       998.00,       998.00,                   379457.80,380,N, ,6,      1008.99,       889.00
N,NM,862AEL31,AEL 8.62% 2031 SR VI,      1015.00,      1025.00,      1025.00,      1025.00,      1025.00,                    11275.00,11,N, ,3,      1108.00,       998.00
N,NM,995SCL2035,SCL 9.95% 2035 SR XII,      1000.00,      1016.00,      1016.00,      1000.00,      1008.64,                    50432.00,50,N, ,2,      1150.00,       903.00
N,NN,865LTF26,SERENCD 8.65% SR.VI OP12,      1060.00,      1065.00,      1065.00,      1065.00,      1065.00,                    10650.00,10,N, ,1,      1100.00,      1005.00
N,NN,890AEL31,AEL 8.90% 2031 SR VII,      1055.05,      1056.90,      1056.90,      1056.00,      1056.90,                    26415.30,25,N, ,3,      1108.02,       994.00
N,NN,948SCL26A,SEC RE NCD 9.48% SR V,       333.90,       398.39,       398.39,       325.55,       325.55,                   465906.13,1170,N, ,3,       799.00,       303.30
N,NR,1015ECL29,SEC RED NCD 10.15% SR. VI,      1019.00,      1017.00,      1022.90,      1015.60,      1017.00,                   722424.32,710,N, ,17,      1114.12,       999.25
N,NR,1015SCL28,SEC RE NCD 10.15% SR VII,       900.00,      1000.00,      1000.00,      1000.00,      1000.00,                     6000.00,6,N, ,2,      1000.00,       610.20
N,NS,1060ECL29,SEC RED NCD 10.6% SR. VII,      1088.50,      1069.50,      1069.50,      1069.50,      1069.50,                   117645.00,110,N, ,1,      1288.00,       993.00
N,NS,865IIFL28,SEC RE NCD 8.65% SR.V,       993.76,       992.00,       992.50,       985.00,       991.00,                   334967.70,338,N, ,9,      1003.98,       890.00
N,NX,1003SFIL28,SEC RE NCD 10.50% SR.VII,       446.41,       411.00,       411.00,       411.00,       411.00,                     1644.00,4,N, ,1,       822.00,       400.00
N,NZ,865IFL28,SEC RE NCD 8.65% SR.V,       985.00,       985.00,       990.00,       985.00,       986.01,                   666253.75,675,N, ,4,      1000.00,       961.00
N,NZ,965SCL25F,SEC RE NCD 10.25% SR XII,       875.00,       840.00,       840.00,       840.00,       840.00,                    16800.00,20,N, ,1,      1150.00,       750.40
N,SG,653CG28,SDL CG 6.53% 2028,        96.80,        96.80,        96.80,        96.80,        96.80,                    19360.00,200,N, ,2,        96.80,        96.80
N,SG,726MH30,SDL MH 7.26% 2030,       100.00,        99.00,        99.00,        99.00,        99.00,                     9900.00,100,N, ,1,        99.00,        99.00
N,SG,735MH31,SDL MH 7.35% 2031,        99.50,        97.20,        97.20,        97.20,        97.20,                    48600.00,500,N, ,1,        99.50,        95.00
N,SG,737RJ30,SDL RJ 7.37% 2030,       100.00,        97.03,        97.03,        97.03,        97.03,                     9703.00,100,N, ,1,        97.03,        97.03
N,SG,755GJ30,SDL GJ 7.55% 2030,       100.00,        96.59,        96.59,        96.59,        96.59,                    28977.00,300,N, ,1,        96.59,        96.59
N,SG,757MH31,SDL MH 7.57% 2031,       100.00,        96.03,        96.03,        95.00,        95.00,                   257530.00,2700,N, ,2,        96.03,        95.00
N,SG,764AP31,SDL AP 7.64% 2031,        96.48,        96.48,        96.48,        96.48,        96.48,                     9648.00,100,N, ,1,        96.48,        95.85
N,SG,775DL41,SDL DL 7.75% 2041,       100.12,        99.12,        99.12,        99.12,        99.12,                     9912.00,100,N, ,1,       100.12,        99.12
N,SG,777HP49,SDL HP 7.77% 2049,        95.00,        99.75,        99.75,        92.00,        97.20,                   272180.00,2800,N, ,10,        99.97,        92.00
N,SG,792BR51,SDL BR 7.92% 2051,       100.30,       102.55,       102.55,       102.55,       102.55,                    10255.00,100,N, ,1,       102.55,        93.25
N,SG,797TS43,SDL TS 7.97% 2043,       100.64,        96.43,        96.43,        96.43,        96.43,                    77144.00,800,N, ,1,       100.64,        95.85
N,TB,182D100926,GOI TBILL 182D-10/09/26,        97.52,        99.33,        99.33,        99.33,        99.33,                    99330.00,1000,N, ,1,        99.51,        97.32
N,TB,182D260227,GOI TBILL 182D-26/02/27,        97.00,        96.50,        96.51,        96.50,        96.50,                    19301.00,200,N, ,2,        97.00,        96.50
N,TB,364D031226,GOI TBILL 364D-03/12/26,        98.00,        98.71,        98.71,        98.71,        98.71,                  1480650.00,15000,N, ,1,        98.71,        92.91
N,TB,364D100627,GOI TBILL 364D-10/06/27,        94.90,        94.89,        95.73,        94.89,        95.73,                   266868.00,2800,N, ,2,        95.73,        93.65
N,TB,364D110227,GOI TBILL 364D-11/02/27,        96.90,        96.90,        96.90,        96.90,        96.90,                     9690.00,100,N, ,1,        99.25,        94.32
N,TB,364D110327,GOI TBILL 364D-11/03/27,        96.10,        96.33,        96.50,        96.33,        96.50,                    19283.00,200,N, ,2,        96.50,        93.53
N,TB,364D130527,GOI TBILL 364D-13/05/27,        95.03,        95.33,        95.93,        95.33,        95.93,                    38279.00,400,N, ,3,        95.93,        92.79
N,TB,364D231026,GOI TBILL 364D-23/10/26,        98.70,        98.90,        98.90,        98.90,        98.90,                    49450.00,500,N, ,1,        98.90,        93.94
N,TB,364D251226,GOI TBILL 364D-25/12/26,        96.35,        97.56,        97.56,        97.55,        97.55,                   292675.00,3000,N, ,3,        99.29,        94.59
N,TB,364D290427,GOI TBILL 364D-29/04/27,        94.41,        95.55,        96.00,        95.55,        96.00,                   172395.00,1800,N, ,2,        96.00,        94.41
N,TB,364D291026,GOI TBILL 364D-29/10/26,        99.09,        98.51,        98.85,        98.51,        98.85,                    98680.00,1000,N, ,2,        99.09,        94.89
N,TB,91D121126,GOI TBILL 91D-12/11/26,        98.96,        98.69,        98.69,        98.69,        98.69,                    49345.00,500,N, ,5,        99.00,        98.10
N,TB,91D170926,GOI TBILL 91D-17/09/26,        99.67,        99.74,        99.74,        99.67,        99.67,                    99712.00,1000,N, ,7,        99.74,        97.81
N,TB,91D221026,GOI TBILL 91D-22/10/26,        98.75,        99.08,        99.20,        99.08,        99.20,                   416616.00,4200,N, ,3,        99.20,        98.45
N,TB,91D291026,GOI TBILL 91D-29/10/26,        99.00,        99.00,        99.00,        99.00,        99.00,                   990000.00,10000,N, ,3,       103.63,        98.00
N,Y1,IIFLZC28B,SEC RE NCD 0% SR.VII,      1272.00,      1275.00,      1275.00,      1275.00,      1275.00,                    25500.00,20,N, ,1,      1288.90,      1123.00
N,Y9,9IIFL31,IIFL 9.00% TR I SR VI,      1014.00,      1021.00,      1021.00,      1021.00,      1021.00,                   153150.00,150,N, ,1,      1078.00,       931.59
N,YA,IIFL060326,IIFL TR I SR VII,      1019.00,      1012.00,      1012.00,      1012.00,      1012.00,                    45540.00,45,N, ,1,      1040.00,       931.98
N,YC,889SCFL27,SEC RE NCD 8.89% SR.VIII,       993.47,       999.00,       999.00,       991.20,       991.20,                    28822.86,29,N, ,3,      1000.00,       925.20
N,YI,875SCL23A,SEC RE NCD 10.03% SR X,      1010.00,      1010.00,      1010.00,      1010.00,      1010.00,                    97970.00,97,N, ,2,      1010.00,       901.20
N,YI,903SFL28,SEC RED NCD 9.03% SR. II,      1030.00,      1036.00,      1036.00,      1036.00,      1036.00,                    10360.00,10,N, ,1,      1078.00,      1020.00
N,YP,930SFL28,SEC RED NCD 9.30% SR. II,      1050.00,      1040.00,      1040.00,      1040.00,      1040.00,                    13520.00,13,N, ,1,      1190.00,       898.20
N,YW,957ICCL25,SEC RED NCD 9.30% SR. II,      1042.50,      1041.50,      1042.00,      1041.50,      1042.00,                   469941.50,451,N, ,6,      1148.00,      1025.00
N,YZ,97SFL29,SEC RED NCD 9.70% SR. V,      1091.00,      1091.55,      1091.55,      1091.55,      1091.55,                   218310.00,200,N, ,2,      1185.00,      1008.00
N,ZF,875SFL27,SEC RED NCD 8.75% SR.III,      1000.20,      1010.00,      1010.00,      1010.00,      1010.00,                     3030.00,3,N, ,1,      1096.75,       974.53
 , , , , , , , , , , , , , , , 
 , , ,LIMITED PHYSICAL MARKET, , , , , , , , , , , , 
O,BL,NXST,NEXUS SELECT TRUST,       150.00,       164.00,       164.00,       164.00,       164.00,               1229204436.00,7495149,N, ,1,       164.00,       164.00
 , , , , , , , , , , , , , , , 
 , , ,EXCHANGE TRADED FUND, , , , , , , , , , , , 
N,EQ,ABGSEC,BIRLASLAMC - ABGSEC,       114.33,       114.94,       114.94,       113.54,       113.58,                    11891.20,104,N, ,22,       118.00,       108.33
N,EQ,ABSL10BANK,BIRLASLAMC - ABSL10BANK,       168.15,       168.16,       170.50,       165.14,       168.65,                    26329.98,156,N, ,21,       214.42,       150.00
N,EQ,ABSLBANETF,BIRLASLAMC - ABSLBANETF,        59.05,        59.05,        59.26,        58.85,        59.06,                  3638326.45,61627,N, ,306,        64.94,        50.97
N,EQ,ABSLLIQUID,BIRLASLAMC - ABSLLIQUID,       999.99,      1000.00,      1000.01,       999.99,      1000.00,                  1302003.74,1302,N, ,18,      1044.99,       999.56
N,EQ,ABSLMSCIN,BIRLASLAMC - ABSLMSCIN,        29.50,        29.79,        29.85,        29.31,        29.44,                    31525.25,1070,N, ,28,        35.34,        26.34
N,EQ,ABSLNN50ET,BIRLASLAMC - ABSLNN50ET,        77.01,        77.99,        77.99,        76.90,        77.08,                   464538.55,6022,N, ,182,        80.33,        63.02
N,EQ,ABSLPSE,BIRLASLAMC-ABSLPSE,        10.11,        10.17,        10.20,        10.11,        10.18,                  1124325.08,110576,N, ,342,        11.60,         9.21
N,EQ,ALPHA,KOTAKMAMC - KOTAKALPHA,        54.27,        54.35,        54.41,        54.01,        54.16,                 36186904.44,667379,N, ,2029,        55.59,        42.00
N,EQ,ALPHAETF,MIRAEAMC - ALPHAETF,        26.52,        26.50,        26.71,        26.49,        26.58,                 12827348.87,481962,N, ,696,        27.61,        21.80
N,EQ,ALPL30IETF,ICICIPRAMC - ICICIALPLV,        27.76,        27.85,        27.85,        27.50,        27.59,                 13087658.22,473904,N, ,1194,        29.17,        24.35
N,EQ,AONEGOLD,AONEAMC - AONEGOLD,        14.28,        14.29,        14.48,        14.29,        14.37,                  6764581.69,470758,N, ,1226,        17.73,        10.00
N,EQ,AONELIQUID,AONEAMC - AONELIQUID,      1075.29,      1075.71,      1075.71,      1075.66,      1075.67,                 19841873.70,18446,N, ,138,      1094.59,       997.56
N,EQ,AONENIFTY,AONEAMC - AONENIFTY,         9.89,        10.13,        10.13,         9.86,         9.89,                   875018.40,88348,N, ,1178,        12.00,         9.00
N,EQ,AONESILVER,AONEAMC - AONESILVER,         8.79,         8.77,         8.92,         8.77,         8.89,                  2348916.25,264493,N, ,958,        12.00,         7.43
N,EQ,AONETMMQ50,AONEAMC - AONETMMQ50,        10.28,        10.33,        10.49,        10.24,        10.30,                   330989.08,32103,N, ,250,        10.87,         8.00
N,EQ,AONETOTAL,AONEAMC - AONETOTAL,        11.85,        11.90,        12.00,        11.87,        11.93,                  2241719.70,188125,N, ,1193,        12.51,         9.60
N,EQ,AUTOBEES,NIPPONAMC - NETFAUTO,       288.19,       289.86,       289.87,       286.90,       287.47,                 55870566.06,194219,N, ,2819,       310.45,       242.50
N,EQ,AUTOIETF,ICICIPRAMC - ICICIAUTO,        28.91,        29.06,        29.06,        28.73,        28.81,                 28259587.58,980798,N, ,2654,        31.46,        24.20
N,EQ,BANK10ADD,DSPAMC - BANK10ADD,        16.96,        16.87,        16.98,        16.86,        16.93,                    38987.94,2303,N, ,68,        18.99,        12.08
N,EQ,BANK10BETF,BFAM - BANK10BETF,        20.69,        20.69,        20.92,        20.68,        20.90,                    11240.22,538,N, ,10,        24.90,        20.17
N,EQ,BANKADD,DSPAMC - DSPBANK,        58.95,        58.96,        59.14,        58.82,        58.99,                   324237.69,5499,N, ,53,        62.90,        51.01
N,EQ,BANKBEES,NIP IND ETF BANK BEES,       596.02,       599.00,       599.00,       595.03,       596.20,                205955021.58,345232,N, ,5094,       638.99,       515.98
N,EQ,BANKBETA,UTIAMC-BANKBETA,        59.58,        59.58,        59.71,        59.41,        59.57,                  3925519.52,65905,N, ,440,        73.70,        51.30
N,EQ,BANKBETF,BFAM - BANKBETF,        58.40,        58.42,        58.75,        58.32,        58.56,                   326182.97,5574,N, ,245,        63.90,        50.71
N,EQ,BANKETF,MIRAEAMC - BANKETF,       586.00,       588.93,       588.93,       585.01,       586.33,                 11077831.07,18870,N, ,210,       628.27,       507.01
N,EQ,BANKIETF,ICICIPRAMC - IPRU5008,        59.14,        59.25,        59.30,        59.00,        59.14,                 16453430.89,278048,N, ,1204,        63.90,        51.17
N,EQ,BANKNIFTY1,KOTAKMAMC-KOTAKBKETF,        59.75,        60.19,        60.19,        59.61,        59.71,                  8967577.31,149995,N, ,731,       652.87,        51.71
N,EQ,BANKPSU,MIRAEAMC - BANKPSU,        86.33,        86.38,        86.74,        86.10,        86.14,                   981124.43,11350,N, ,76,        99.52,        67.94
N,EQ,BBETF0432,EDELAMC - BBETF0432,      1342.98,      1361.18,      1361.18,      1340.96,      1342.30,                  1791874.22,1332,N, ,95,      1378.00,      1262.29
N,EQ,BBNPNBETF,BARODABNP - BBNPNBETF,        57.15,        58.02,        58.31,        58.00,        58.30,                    11621.00,200,N, ,21,        62.77,        50.03
N,EQ,BBNPPGOLD,BARODABNP - BBNPPGOLD,       147.50,       148.20,       149.50,       146.80,       148.70,                   184494.80,1237,N, ,61,       184.05,       100.35
N,EQ,BFSI,MIRAEAMC - MAFSETF,        27.02,        27.61,        27.61,        27.02,        27.17,                  8773794.06,323149,N, ,608,        29.94,        24.03
N,EQ,BNKETFAXIS,AXISAMC-BNKETFAXIS,       593.00,       593.46,       595.93,       591.80,       592.50,                    86077.13,145,N, ,25,       647.82,       512.51
N,EQ,BSE500IETF,ICICIPRAMC - ICICI500,        39.41,        40.20,        40.20,        39.30,        39.33,                  2428557.33,61545,N, ,997,        42.05,        34.50
N,EQ,BSLGOLDETF,ADITYBIRLA SL GOLD ETF-GR,       134.18,       136.33,       136.33,       134.70,       135.36,                 30340294.75,224272,N, ,2547,       155.99,        88.36
N,EQ,BSLNIFTY,ADITYBIRLA SL NIF ETF-GR,        28.07,        28.34,        28.34,        27.97,        28.14,                  9550069.71,339470,N, ,3601,        33.00,        25.70
N,EQ,BSLSENETFG,BIRLASLAMC - BSLSENETFG,        77.15,        78.67,        78.67,        77.12,        77.52,                   185300.74,2392,N, ,72,        87.82,        70.32
N,EQ,CASHIETF,ICICIPRAMC - CASHIETF,      1077.99,      1078.37,      1078.39,      1078.37,      1078.38,                109555358.06,101592,N, ,103,      1099.28,      1026.02
N,EQ,CEMNTGROWW,GROWWAMC - CEMNTGROWW,        14.64,        14.79,        14.79,        14.52,        14.66,                   934484.69,63765,N, ,335,        16.27,        14.40
N,EQ,CHEMICAL,KOTAKMAMC - CHEMICAL,        30.29,        30.54,        30.54,        30.10,        30.20,                 16344910.28,539227,N, ,1142,        31.80,        24.50
N,EQ,CHOICEGOLD,CHOICEAMC - CHOICEGOLD,       151.13,       154.50,       154.50,       151.35,       152.65,                  1477156.71,9699,N, ,151,       175.49,       115.79
N,EQ,COMMOIETF,ICICIPRAMC - ICICICOMMO,        99.41,        99.70,       100.43,        99.25,       100.33,                  2868627.61,28716,N, ,1348,       110.56,        87.12
N,EQ,CONS,KOTAKMAMC - KOTAKCONS,        12.01,        11.97,        12.04,        11.95,        11.98,                   175167.19,14601,N, ,125,       132.00,        10.20
N,EQ,CONSUMAXIS,AXISAMC-CONSUMAXIS,       119.64,       120.17,       120.37,       119.02,       119.02,                   190909.80,1590,N, ,21,       131.85,       105.63
N,EQ,CONSUMBEES,NIP IND ETF CONSUMPTION,       130.02,       130.80,       130.80,       129.56,       129.78,                 54872145.55,421784,N, ,1348,       144.38,       114.00
N,EQ,CONSUMER,MIRAEAMC - CONSUMER,        12.02,        12.45,        12.45,        12.00,        12.03,                  5871987.23,487786,N, ,314,        12.87,         9.69
N,EQ,CONSUMIETF,ICICIPRAMC - ICICICONSU,       121.06,       120.70,       121.21,       120.45,       120.67,                 49955671.21,412702,N, ,246,       141.27,        94.65
N,EQ,CPSEETF,CPSE ETF,        93.57,        95.44,        95.44,        93.40,        93.70,                 33131903.92,353172,N, ,5424,       112.00,        86.06
N,EQ,DEFENCE,MIRAEAMC - DEFENCE,        81.45,        81.75,        82.57,        81.59,        81.99,                 19678953.87,239629,N, ,881,        85.60,        58.91
N,EQ,DIVIDEND,MIRAEAMC - DIVIDEND,        35.55,        35.72,        35.72,        35.49,        35.62,                    88047.11,2476,N, ,61,        38.03,        33.15
N,EQ,DIVOPPBEES,NIP IND ETF DIV OPP,        76.68,        76.68,        77.40,        76.27,        76.77,                  7475976.39,97372,N, ,980,        87.09,        72.13
N,EQ,EBANK10,EDELAMC - EBANK10,        16.83,        16.83,        16.84,        16.66,        16.84,                     6737.18,401,N, ,15,        17.90,        16.57
N,EQ,EBANKNIFTY,EDELAMC - EBANKNIFTY,        58.22,        58.11,        58.27,        57.82,        58.26,                   120971.83,2088,N, ,15,        69.39,        50.05
N,EQ,EBBETF0430,EDELAMC - EBBETF0430,      1607.71,      1611.98,      1611.98,      1607.71,      1609.05,                  3222468.37,2002,N, ,260,      1646.18,      1501.89
N,EQ,EBBETF0431,EDELAMC - EBBETF0431,      1439.55,      1432.36,      1443.67,      1431.00,      1440.43,                  8433700.14,5856,N, ,200,      1469.00,      1363.00
N,EQ,EBBETF0433,EDELAMC - EBBETF0433,      1309.36,      1313.15,      1314.98,      1306.53,      1311.12,                  3443561.30,2625,N, ,95,      1350.32,      1243.25
N,EQ,ECAPINSURE,EDELAMC - ECAPINSURE,        23.77,        23.89,        24.00,        23.72,        23.99,                  1272499.51,53393,N, ,176,        25.88,        20.50
N,EQ,EGOLD,EDELAMC - EGOLD,       152.60,       153.20,       154.40,       153.05,       153.80,                 25768363.30,167536,N, ,360,       184.95,       102.00
N,EQ,ELIQUID,EDELAMC - ELIQUID,      1046.25,      1046.75,      1046.75,      1046.59,      1046.60,                 12235803.98,11691,N, ,7,      1051.22,       996.00
N,EQ,ELM250,EDELAMC - ELM250,        16.65,        16.80,        16.80,        16.51,        16.61,                  5926890.08,355767,N, ,278,        19.20,        14.43
N,EQ,ELMDIV,EDELAMC - ELMDIV,        36.38,        36.99,        36.99,        36.49,        36.50,                    21978.94,602,N, ,12,        38.67,        35.83
N,EQ,EMETAL,EDELAMC - EMETAL,        13.19,        13.21,        13.36,        13.13,        13.36,                    66397.95,5051,N, ,14,        15.21,        12.41
N,EQ,EMULTIMQ,EDELAMC - EMULTIMQ,        41.77,        42.19,        42.24,        41.75,        42.00,                   478594.20,11409,N, ,126,        43.54,        36.25
N,EQ,ENERGY,MIRAEAMC - ENERGY,        38.41,        38.49,        38.81,        38.30,        38.41,                 10543204.02,274108,N, ,773,        42.82,        29.00
N,EQ,ENERGYAXIS,AXISAMC - ENERGYAXIS,        19.20,        19.00,        19.17,        19.00,        19.15,                   141439.33,7399,N, ,52,        19.27,        18.81
N,EQ,ENEXT50,EDELAMC - ENEXT50,        72.80,        73.52,        73.55,        73.10,        73.10,                    20112.90,275,N, ,9,        76.00,        68.59
N,EQ,ENIFTY,EDELAMC - ENIFTY,        24.15,        24.75,        24.75,        24.10,        24.19,                   146311.02,6023,N, ,58,        27.99,        22.28
N,EQ,EQUAL200,MIRAEAMC - EQUAL200,        13.83,        13.95,        13.95,        13.81,        13.82,                   140661.36,10167,N, ,48,        14.60,        11.75
N,EQ,EQUAL50,MIRAEAMC - EQUAL50,       329.56,       329.56,       330.22,       329.40,       330.22,                   146412.62,444,N, ,8,       342.88,       295.16
N,EQ,EQUAL50ADD,DSPAMC - DSPNEWETF,       340.57,       341.54,       342.00,       338.98,       340.33,                  5380814.05,15781,N, ,242,       361.00,       304.78
N,EQ,ESENSEX,EDELAMC - ESENSEX,        77.32,        77.00,        77.56,        77.00,        77.46,                     2860.49,37,N, ,10,        88.05,        71.87
N,EQ,ESG,MIRAEAMC - MAESGETF,        41.07,        41.16,        41.20,        41.00,        41.15,                   111332.66,2704,N, ,53,        45.06,        37.52
N,EQ,ESILVER,EDELAMC - ESILVER,       229.84,       224.09,       234.69,       224.09,       232.78,                 51515156.04,221315,N, ,798,       375.00,       119.99
N,EQ,EVIETF,ICICIPRAMC - EVIETF,        32.56,        32.89,        32.89,        32.31,        32.47,                  5955722.16,183629,N, ,834,        36.00,        26.28
N,EQ,EVINDIA,MIRAEAMC - EVINDIA,        32.67,        32.80,        32.80,        32.38,        32.44,                  9890195.36,304394,N, ,1987,        35.04,        26.20
N,EQ,FINIETF,ICICIPRAMC-ICICIFIN,        32.65,        33.46,        33.46,        32.69,        32.95,                  5740652.74,174481,N, ,1226,        34.56,        27.40
N,EQ,FLEXIADD,DSPAMC - FLEXIADD,        10.05,        10.31,        10.44,        10.00,        10.06,                   353408.81,35100,N, ,354,        11.90,         8.73
N,EQ,FMCGADD,DSPAMC - FMCGADD,        46.22,        46.22,        48.80,        46.11,        46.25,                  2202328.52,47656,N, ,191,        51.09,        46.11
N,EQ,FMCGIETF,ICICIPRAMC - ICICIFMCG,        49.46,        49.00,        49.75,        49.00,        49.47,                118764844.86,2400471,N, ,4684,        62.30,        48.55
N,EQ,GILT10BETA,UTIAMC-GILT10BETA,        26.68,        26.68,        26.75,        26.22,        26.58,                    32296.03,1210,N, ,18,        27.14,        25.10
N,EQ,GILT5BETA,UTIAMC-GILT5BETA,        66.49,        66.49,        67.06,        66.49,        66.94,                  1234083.55,18441,N, ,20,        67.62,        61.51
N,EQ,GILT5YBEES,RELCAPAMC - NETFGILT5Y,        66.23,        66.54,        66.55,        66.21,        66.33,                 12173192.30,183586,N, ,383,        67.84,        61.45
N,EQ,GOLD1,KOTAK GOLD ETF,       127.48,       128.75,       129.99,       127.95,       128.47,                149736715.23,1165650,N, ,6196,       158.00,        86.90
N,EQ,GOLD360,360ONEAMC - GOLD360,       149.40,       150.15,       151.00,       149.60,       149.70,                  1466887.95,9775,N, ,192,       178.00,        87.85
N,EQ,GOLDADD,DSPAMC - DSPGOLD,        14.84,        15.14,        15.14,        14.87,        14.95,                 62079806.65,4153135,N, ,3490,       181.00,        14.46
N,EQ,GOLDAXIS,AXISAMC-GOLDAXIS,       127.20,       128.47,       129.25,       127.84,       128.11,                 42818668.75,333634,N, ,2624,       150.00,        83.85
N,EQ,GOLDBEES,NIP IND ETF GOLD BEES,       126.23,       126.85,       127.72,       126.78,       127.17,               2597281031.44,20415178,N, ,70327,       148.14,        84.44
N,EQ,GOLDBETA,UTIAMC-UTIGOLDBETA,       128.50,       129.05,       130.30,       129.05,       129.50,                 71011240.85,548417,N, ,2289,       149.35,        85.70
N,EQ,GOLDBND,BANDHANAMC - GOLDBND,       152.71,       154.98,       154.98,       152.93,       153.82,                   314178.65,2042,N, ,219,       180.16,       115.17
N,EQ,GOLDCASE,ZERODHAAMC - GOLDCASE,        24.03,        24.51,        24.51,        24.13,        24.21,                210100334.22,8672063,N, ,9012,        27.94,        16.40
N,EQ,GOLDETF,MIRAEAMC - MAGOLDETF,       148.23,       148.61,       150.73,       148.61,       149.46,                270766313.90,1811520,N, ,4481,       173.50,       101.51
N,EQ,GOLDIETF,ICICI PRUDENTIAL GOLD ETF,       130.75,       131.21,       132.99,       131.21,       131.80,                547286516.43,4150183,N, ,25030,       158.00,        88.67
N,EQ,GROWWCAPM,GROWWAMC - GROWWCAPM,        11.33,        11.49,        11.57,        11.33,        11.44,                  3203246.73,279688,N, ,643,        12.66,         8.02
N,EQ,GROWWCHEM,GROWWAMC - GROWWCHEM,        30.19,        30.19,        30.68,        30.10,        30.24,                134847615.02,4453571,N, ,392,        31.74,        24.64
N,EQ,GROWWDEFNC,GROWWAMC - GROWWDEFNC,        96.61,        97.10,        98.00,        96.76,        97.42,                 22607324.02,231792,N, ,2351,       102.07,        71.78
N,EQ,GROWWEV,GROWWAMC - GROWWEV,        32.57,        32.82,        32.82,        32.18,        32.37,                  8406959.14,259593,N, ,2060,        34.64,        26.20
N,EQ,GROWWGOLD,GROWWAMC - GROWWGOLD,        14.91,        14.98,        15.21,        14.93,        15.03,                 32467292.80,2159184,N, ,4385,       179.96,        12.71
N,EQ,GROWWHOSPI,GROWWAMC - GROWWHOSPI,        52.06,        52.11,        52.59,        51.77,        51.83,                 15747274.39,303066,N, ,859,        62.00,        43.35
N,EQ,GROWWLIQID,GROWWAMC - GROWWLIQID,       110.60,       110.65,       110.65,       110.64,       110.64,                 71914211.71,649969,N, ,224,       112.71,       102.89
N,EQ,GROWWLOVOL,GROWWAMC - GROWWLOVOL,        10.34,        10.50,        10.50,        10.24,        10.30,                    48573.11,4721,N, ,144,        11.10,         9.39
N,EQ,GROWWMC150,GROWWAMC - GROWWMC150,       233.72,       233.72,       233.72,       231.63,       233.51,                    70660.52,303,N, ,34,       245.00,       193.60
N,EQ,GROWWMETAL,GROWWAMC - GROWWMETAL,        12.48,        12.48,        12.77,        12.32,        12.72,                  5918741.22,467942,N, ,1502,        13.45,        10.03
N,EQ,GROWWMOM50,GROWWAMC - GROWWMOM50,        11.02,        11.17,        11.17,        10.92,        10.99,                  3050260.73,277790,N, ,564,        11.55,         9.12
N,EQ,GROWWN200,GROWWAMC - GROWWN200,        11.33,        11.04,        11.53,        11.04,        11.34,                   334380.22,29513,N, ,209,        12.14,         9.91
N,EQ,GROWWNET,GROWWAMC - GROWWNET,        10.79,        10.95,        10.95,        10.63,        10.86,                  5325755.49,490430,N, ,576,        11.40,         7.93
N,EQ,GROWWNIFTY,GROWWAMC - GROWWNIFTY,         9.66,         9.65,         9.76,         9.65,         9.68,                  6629481.51,684423,N, ,3382,        11.88,         8.93
N,EQ,GROWWNXT50,GROWWAMC - GROWWNXT50,        73.45,        73.99,        73.99,        72.81,        73.45,                   168396.21,2293,N, ,74,        76.79,        60.01
N,EQ,GROWWPOWER,GROWWAMC - GROWWPOWER,        11.32,        11.32,        11.39,        11.25,        11.33,                 24884246.12,2199856,N, ,2548,        13.20,         7.75
N,EQ,GROWWPSE,GROWWAMC - GROWWPSE,        97.89,        97.30,        99.48,        95.90,        98.30,                   484934.92,4944,N, ,132,       109.85,        93.20
N,EQ,GROWWPSUBK,GROWWAMC - GROWWPSUBK,        85.33,        86.48,        86.48,        85.01,        85.88,                   157370.66,1830,N, ,108,        91.19,        77.57
N,EQ,GROWWRAIL,GROWWAMC - GROWWRAIL,        28.05,        28.19,        28.22,        27.85,        28.08,                 75974798.64,2704363,N, ,2019,        36.75,        26.52
N,EQ,GROWWRLTY,GROWWAMC - GROWWRLTY,        10.20,        10.30,        10.34,        10.15,        10.21,                  1658220.63,161707,N, ,474,        11.30,         7.17
N,EQ,GROWWSC250,GROWWAMC - GROWWSC250,        10.66,        10.72,        10.72,        10.60,        10.69,                  1070514.38,100126,N, ,522,        10.97,         8.00
N,EQ,GROWWSLVR,GROWWAMC - GROWWSLVR,        22.55,        22.81,        22.94,        22.69,        22.83,                 33925366.74,1486031,N, ,3142,       362.99,        19.23
N,EQ,GSEC10ADD,DSPAMC - GSEC10ADD,        26.49,        26.79,        26.79,        26.48,        26.79,                     1118.98,42,N, ,4,        27.50,        26.48
N,EQ,GSEC10IETF,ICICIPRAMC - ICICI10GS,       262.50,       262.50,       262.50,       262.50,       262.50,                    11025.00,42,N, ,3,       269.59,       252.23
N,EQ,GSEC10YEAR,MIRAEAMC - MAGS813ETF,        30.50,        30.53,        30.53,        30.22,        30.37,                    18678.77,616,N, ,12,        31.33,        28.39
N,EQ,GSEC5IETF,ICICIPRAMC - ICICI5GSEC,        66.51,        66.51,        66.51,        66.51,        66.51,                    57331.62,862,N, ,24,        69.14,        62.00
N,EQ,HDFCBSE500,HDFCAMC - HDFCBSE500,        37.73,        38.48,        38.48,        37.42,        37.56,                 32375017.17,862356,N, ,224,        40.00,        32.65
N,EQ,HDFCGOLD,HDFC GOLD ETF,       130.37,       132.50,       133.62,       130.72,       131.45,                440624127.60,3350795,N, ,9122,       152.30,        89.10
N,EQ,HDFCGROWTH,HDFCAMC - HDFCGROWTH,       118.68,       118.04,       119.87,       118.04,       118.29,                  6523701.61,55143,N, ,150,       133.30,       107.86
N,EQ,HDFCLIQUID,HDFCAMC - HDFCLIQUID,      1076.39,      1076.75,      1076.77,      1076.73,      1076.75,                 15969457.79,14831,N, ,41,      1079.40,      1009.91
N,EQ,HDFCLOWVOL,HDFCAMC - HDFCLOWVOL,        20.55,        20.55,        20.60,        20.45,        20.48,                    69074.09,3372,N, ,80,        22.28,        18.35
N,EQ,HDFCMID150,HDFCAMC - HDFCMID150,        23.53,        23.78,        23.78,        23.45,        23.50,                  9933419.53,422354,N, ,1296,        25.20,        19.42
N,EQ,HDFCMOMENT,HDFCAMC - HDFCMOMENT,        31.07,        30.45,        31.19,        30.45,        30.99,                  3017635.24,97334,N, ,563,        33.23,        27.13
N,EQ,HDFCNEXT50,HDFCAMC - HDFCNEXT50,        74.64,        75.05,        75.06,        74.50,        74.75,                 15093455.03,201831,N, ,646,        78.07,        59.99
N,EQ,HDFCNIF100,HDFCAMC - HDFCNIF100,        25.94,        25.94,        26.08,        25.89,        25.93,                   461932.21,17792,N, ,227,        29.00,        23.31
N,EQ,HDFCNIFBAN,HDFCAMC - HDFCNIFBAN,        59.18,        60.65,        60.65,        59.08,        59.22,                  7304775.91,123216,N, ,473,        65.54,        51.20
N,EQ,HDFCNIFIT,HDFCAMC - HDFCNIFIT,        33.00,        33.32,        33.43,        32.81,        32.86,                  4219689.80,128067,N, ,212,        42.30,        27.32
N,EQ,HDFCNIFTY,HDFCAMC - HDFCNIFTY,       269.79,       271.02,       271.42,       269.80,       270.30,                 38102226.67,140738,N, ,900,       301.88,       247.56
N,EQ,HDFCNIMEG,HDFCAMC - HDFCNIMEG,       131.49,       131.73,       133.99,       131.50,       133.56,                  6214643.23,46678,N, ,163,       152.55,       126.96
N,EQ,HDFCPSUBK,HDFCAMC HDFCPSUBK,        86.33,        86.57,        87.11,        86.03,        86.16,                  3845675.58,44418,N, ,218,       101.25,        68.38
N,EQ,HDFCPVTBAN,HDFCAMC - HDFCPVTBAN,        28.31,        29.01,        29.01,        28.18,        28.39,                  4084255.15,143631,N, ,318,        30.17,        24.31
N,EQ,HDFCQUAL,HDFCAMC - HDFCQUAL,        58.52,        58.87,        58.93,        58.50,        58.65,                   163723.22,2788,N, ,69,        61.87,        51.91
N,EQ,HDFCSENSEX,HDFCAMC - HDFCSENSEX,        86.75,        86.67,        87.59,        86.67,        87.15,                  2059743.13,23630,N, ,447,        98.48,        80.90
N,EQ,HDFCSILVER,HDFCAMC - HDFCSILVER,       220.08,       215.00,       223.71,       215.00,       222.70,                509369084.56,2287210,N, ,8666,       359.00,       117.56
N,EQ,HDFCSML250,HDFCAMC - HDFCSML250,       186.26,       187.49,       187.49,       186.26,       186.65,                137887480.64,738277,N, ,12380,       189.83,       142.70
N,EQ,HDFCVALUE,HDFCAMC - HDFCVALUE,       125.50,       125.50,       126.24,       125.43,       125.88,                   203008.72,1613,N, ,75,       147.05,       120.00
N,EQ,HEALTHADD,DSPAMC - HEALTHADD,        16.70,        16.70,        16.72,        16.50,        16.58,                   357837.96,21553,N, ,100,       165.86,        15.70
N,EQ,HEALTHAXIS,AXISAMC-HEALTHAXIS,       168.69,       171.23,       190.00,       166.75,       167.04,                  1107251.43,6611,N, ,125,       190.00,       135.20
N,EQ,HEALTHCARE,MIRAEAMC - HEALTHCARE,        21.63,        22.06,        22.06,        21.48,        21.51,                   433601.73,20094,N, ,251,        22.43,        17.18
N,EQ,HEALTHIETF,ICICIPRAMC - ICICIPHARM,       170.09,       170.65,       170.66,       168.17,       168.65,                 28644796.99,169428,N, ,1685,       174.82,       138.65
N,EQ,HEALTHY,BIRLASLAMC - HEALTHY,        17.06,        17.00,        17.21,        16.81,        16.84,                 12219886.76,723183,N, ,1399,        17.67,        13.58
N,EQ,HNGSNGBEES,NIP IND ETF HANGSENG BEES,       468.46,       470.01,       475.25,       470.00,       471.09,                 29125452.78,61650,N, ,3201,       579.92,       443.42
N,EQ,HSBCGOLD,HSBCAMC - HSBCGOLD,       132.53,       134.02,       134.31,       133.31,       133.81,                  3910736.33,29190,N, ,291,       146.40,       119.10
N,EQ,HYBRIDETF,MIRAEAMC - HYBRIDETF,        10.07,        10.27,        10.27,        10.03,        10.03,                   412539.52,41052,N, ,97,        11.99,         9.80
N,EQ,ICICIB22,ICICIPRAMC - BHARATIWIN,       114.03,       116.31,       116.31,       113.90,       114.34,                 29183219.96,255356,N, ,2694,       131.00,       104.20
N,EQ,IDFNIFTYET,BANDHANAMC - IDFNIFTYET,       265.31,       266.63,       268.89,       263.95,       264.49,                   377329.65,1426,N, ,54,       340.80,       244.32
N,EQ,INFRA,MIRAEAMC - INFRA,        12.03,        12.21,        12.21,        12.01,        12.04,                   174063.96,14437,N, ,135,        13.27,        10.14
N,EQ,INFRABEES,NIP IND ETF INFRA BEES,       954.28,       954.38,       958.63,       952.54,       956.45,                  3359266.47,3516,N, ,395,      1018.30,       871.35
N,EQ,INFRAIETF,ICICIPRAMC - ICICIINFRA,        94.72,        94.93,        95.24,        94.52,        94.80,                 52681113.05,555466,N, ,4446,       101.00,        86.80
N,EQ,INSUREIETF,ICICIPRAMC - INSUREIETF,        15.04,        15.06,        15.33,        15.05,        15.23,                  6096729.97,402017,N, ,138,        16.46,        15.00
N,EQ,INTERNET,MIRAEAMC - INTERNET,        14.52,        14.65,        14.74,        14.44,        14.61,                  7811537.57,534263,N, ,242,        15.45,        10.72
N,EQ,IT,KOTAKMAMC - KOTAKIT,        34.19,        34.44,        34.75,        34.00,        34.09,                  5254826.54,153062,N, ,1016,        44.49,        28.54
N,EQ,ITADD,DSPAMC - DSPIT,        32.67,        32.99,        32.99,        32.52,        32.57,                   223894.56,6830,N, ,56,        41.92,        27.17
N,EQ,ITAXIS,AXISAMC-ITAXIS,       339.76,       343.16,       344.99,       335.61,       339.03,                   567665.11,1669,N, ,62,       439.67,       230.70
N,EQ,ITBEES,NIP IND ETF IT,        34.29,        34.34,        34.76,        34.00,        34.09,                291229306.57,8504508,N, ,14153,        44.27,        28.55
N,EQ,ITBETA,UTIAMC-ITBETA,       324.46,       326.08,       326.17,       322.50,       322.95,                    27196.92,84,N, ,12,       409.94,       270.68
N,EQ,ITETF,MIRAEAMC - ITETF,        32.69,        33.05,        33.17,        32.50,        32.54,                  4159325.24,127150,N, ,481,        42.02,        27.22
N,EQ,ITIETF,ICICIPRAMC - ICICITECH,        34.24,        34.59,        34.73,        33.95,        34.01,                 12124960.21,354409,N, ,1099,        44.30,        28.54
N,EQ,IVZBANKNF,RELIGARAMC - IVZBANKNF,        57.42,        57.39,        57.56,        57.35,        57.56,                    86856.25,1513,N, ,11,        58.45,        56.90
N,EQ,IVZINGOLD,INVESCO INDIA GOLD ETF,       133.30,       134.90,       134.90,       133.50,       133.95,                  1333574.35,9964,N, ,165,     15599.80,       119.60
N,EQ,IVZINNIFTY,INVESCO INDIA NIFTY ETF,       274.66,       267.79,       277.90,       267.79,       274.53,                    43473.14,158,N, ,40,      3150.00,       267.79
N,EQ,IVZSENSEX,RELIGARAMC - IVZSENSEX,        76.63,        77.70,        77.70,        76.54,        76.56,                    74506.45,972,N, ,17,        79.20,        75.53
N,EQ,JUNIORBEES,NIP IND ETF JUNIOR BEES,       788.74,       795.84,       795.84,       784.00,       791.07,                224784393.96,283994,N, ,7296,       823.97,       632.34
N,EQ,LARGEMID50,MIRAEAMC - LARGEMID50,        36.36,        36.36,        36.42,        36.27,        36.39,                    83919.80,2309,N, ,14,        38.00,        36.16
N,EQ,LICMFGOLD,LIC MF - LIC GOLD ETF,       137.50,       138.90,       139.70,       138.25,       138.75,                 48638952.55,349843,N, ,551,     16200.00,       117.85
N,EQ,LICNETFGSC,LICNAMC - LICNMFET,        29.21,        29.51,        29.51,        29.26,        29.34,                  2216618.79,75526,N, ,92,        30.53,        27.59
N,EQ,LICNETFN50,LICNAMC - LICNFENGP,       267.67,       269.53,       270.02,       267.59,       267.77,                    93114.23,347,N, ,21,       295.00,       248.17
N,EQ,LICNETFSEN,LICNAMC - LICNFESGP,       863.46,       868.17,       875.00,       860.00,       862.89,                    19003.47,22,N, ,6,       974.02,       803.00
N,EQ,LICNFNHGP,LICNAMC - LICNFNHGP,       276.04,       274.66,       275.99,       270.11,       270.61,                   104785.47,386,N, ,28,       296.41,       248.02
N,EQ,LICNMID100,LICNAMC - LICNMID100,        63.42,        63.42,        64.05,        63.42,        63.84,                   136965.25,2147,N, ,61,        67.50,        52.30
N,EQ,LIQGRWBEES,NIPPONAMC - LIQGRWBEES,      1054.14,      1054.14,      1054.49,      1054.14,      1054.46,                106716360.79,101203,N, ,196,      1056.73,       995.55
N,EQ,LIQUID,MIRAEAMC - LIQUID,       999.99,       999.99,      1000.00,       999.99,       999.99,                328989768.63,328991,N, ,387,      1024.98,       974.99
N,EQ,LIQUID1,KOTAKMAMC - KOTAKLIQ,      1121.04,      1121.04,      1121.45,      1121.04,      1121.43,                691374614.82,616507,N, ,764,      1136.66,      1062.62
N,EQ,LIQUIDADD,DSPAMC - LIQUIDADD,      1143.13,      1143.55,      1143.67,      1143.50,      1143.51,                379778122.19,332115,N, ,281,      1151.22,      1083.83
N,EQ,LIQUIDBEES,NIP IND ETF LIQUID BEES,      1000.00,      1020.00,      1020.00,       999.99,      1000.00,               2607107998.73,2607097,N, ,5798,      1029.99,       969.99
N,EQ,LIQUIDBETA,UTIAMC - LIQUIDBETA,      1006.70,      1007.06,      1007.06,      1007.03,      1007.04,                100845999.87,100142,N, ,30,      1009.78,       997.13
N,EQ,LIQUIDBETF,BFAM - LIQUIDBETF,      1097.27,      1097.63,      1097.65,      1097.63,      1097.63,                238742512.82,217506,N, ,99,      1116.24,      1009.94
N,EQ,LIQUIDCASE,ZERODHAAMC - LIQUIDCASE,       115.76,       115.81,       115.81,       115.79,       115.80,               2134869531.47,18435860,N, ,15767,       115.81,       107.56
N,EQ,LIQUIDETF,DSP LIQUID ETF,       999.99,      1000.01,      1000.01,       999.99,       999.99,                308648440.26,308648,N, ,395,      1025.00,       995.00
N,EQ,LIQUIDIETF,ICICIPRAMC - ICICILIQ,       999.99,      1000.00,      1000.01,       999.51,       999.99,                540667802.52,540668,N, ,315,      1041.19,       955.00
N,EQ,LIQUIDPLUS,MIRAEAMC - LIQUIDPLUS,      1101.63,      1101.95,      1102.03,      1101.95,      1102.01,                257525607.29,233686,N, ,300,      1127.08,      1046.56
N,EQ,LIQUIDSBI,SBIAMC - LIQUIDSBI,      1000.01,       999.99,      1000.01,       999.99,      1000.00,                  5550033.32,5550,N, ,27,      1010.02,       970.23
N,EQ,LIQUIDSHRI,SHRIRAM - LIQUIDSHRI,      1119.96,      1120.31,      1120.33,      1120.31,      1120.33,                 23209543.58,20717,N, ,25,      1120.33,      1068.52
N,EQ,LOWVOL,MIRAEAMC - MANV30F,       205.78,       204.13,       204.13,       204.13,       204.13,                      204.13,1,N, ,1,       219.10,       183.58
N,EQ,LOWVOL1,KOTAKMAMC - KOTAKLOVOL,        21.10,        21.10,        21.14,        20.88,        20.93,                 13523990.01,642373,N, ,212,        22.90,        18.77
N,EQ,LOWVOLIETF,ICICI PR NIF LW VL 30 ETF,        21.98,        22.13,        22.13,        21.91,        21.98,                 29099069.84,1319509,N, ,1115,        26.81,        19.84
N,EQ,LTGILTBEES,NIP IND ETF LONGTERM GILT,        29.86,        29.89,        29.89,        29.82,        29.84,                107952623.12,3617915,N, ,773,        30.48,        28.13
N,EQ,LTGILTCASE,ZERODHAAMC - LTGILTCASE,        30.42,        30.45,        30.60,        30.38,        30.41,                  4004643.67,131619,N, ,194,        31.31,        28.71
N,EQ,MAFANG,MIRAEAMC - MAFANG,       207.08,       207.56,       207.56,       207.56,       207.56,                 12446958.08,59968,N, ,351,       211.56,       149.74
N,EQ,MAHKTECH,MIRAEAMC - MAHKTECH,        22.26,        22.10,        22.10,        22.10,        22.10,                  9649677.70,436637,N, ,473,        35.59,        21.00
N,EQ,MAKEINDIA,MIRAEAMC - MAMFGETF,       165.47,       165.42,       165.79,       165.06,       165.23,                  5299652.90,32053,N, ,383,       173.11,       140.12
N,EQ,MANUFGBEES,NIPPONAMC - MANUFGBEES,       163.81,       163.81,       164.10,       163.06,       163.73,                   522985.01,3201,N, ,113,       171.58,       138.60
N,EQ,MASPTOP50,MIRAEAMC - MASPTOP50,        79.26,        79.86,        79.86,        79.86,        79.86,                  2061905.34,25819,N, ,131,        82.78,        63.19
N,EQ,METAL,MIRAEAMC - METAL,        13.29,        13.62,        13.62,        13.28,        13.46,                 20641122.15,1538895,N, ,3462,        13.97,         8.70
N,EQ,METALIETF,ICICIPRAMC - METALIETF,        13.20,        13.40,        13.45,        13.20,        13.40,                 76492655.18,5744597,N, ,8061,        14.17,         9.20
N,EQ,MID150,KOTAKMAMC - MID150,        23.63,        23.56,        23.71,        23.54,        23.61,                  1418605.93,59978,N, ,142,        24.95,        18.97
N,EQ,MID150BEES,NIP IND ETF MIDCAP 150,       240.14,       241.04,       241.05,       238.67,       240.15,                157281222.97,654280,N, ,6417,       247.15,       190.43
N,EQ,MID150CASE,ZERODHAAMC - MID150CASE,        11.68,        11.72,        11.74,        11.65,        11.68,                 10292722.15,879546,N, ,3209,        13.00,         9.63
N,EQ,MIDBANKADD,DSPAMC - MIDBANKADD,        17.52,        17.52,        17.54,        17.47,        17.50,                   182496.25,10430,N, ,24,        18.22,        17.09
N,EQ,MIDCAP,KOTAKMAMC - KOTAKMID50,        18.52,        18.89,        18.89,        17.90,        18.51,                 12876402.35,695787,N, ,940,       183.48,        15.01
N,EQ,MIDCAPADD,DSPAMC - MIDCAPADD,        23.14,        23.14,        23.36,        23.14,        23.28,                    34058.04,1461,N, ,23,        25.50,        19.27
N,EQ,MIDCAPBETA,UTIAMC-MIDCAPBETA,       234.77,       234.77,       235.82,       232.07,       233.21,                   179832.03,767,N, ,33,       240.00,       192.50
N,EQ,MIDCAPETF,MIRAEAMC - MAM150ETF,        23.75,        24.23,        24.23,        23.70,        23.73,                 29437846.60,1238138,N, ,4406,        24.57,        19.60
N,EQ,MIDCAPIETF,ICICIPRAMC - ICICIM150,        24.06,        24.54,        24.54,        24.02,        24.06,                 16137788.09,669603,N, ,1900,        24.88,        19.89
N,EQ,MIDQ50ADD,DSPAMC - DSPQ50ETF,        25.06,        25.06,        25.14,        24.95,        25.01,                  1142951.88,45658,N, ,104,       259.02,        24.24
N,EQ,MIDSELIETF,ICICI PRUD MIDCAP SEL ETF,        19.92,        19.92,        20.05,        19.88,        19.93,                  2747548.82,137616,N, ,608,        20.39,        14.55
N,EQ,MIDSMALL,MIRAEAMC - MIDSMALL,        52.03,        52.07,        53.07,        51.70,        51.82,                  7724050.50,148865,N, ,728,        53.07,        42.41
N,EQ,MNC,KOTAKMAMC - KOTAKMNC,        33.27,        34.10,        34.10,        33.16,        33.21,                  2783498.68,83789,N, ,341,        35.65,        27.83
N,EQ,MOALPHA50,MOTILALAMC - MOALPHA50,        56.62,        56.36,        57.50,        56.16,        56.36,                   333230.89,5914,N, ,80,        62.00,        42.10
N,EQ,MOBANK10,MOTILALAMC - MOBANK10,        16.90,        17.00,        17.00,        16.85,        16.95,                    14682.08,868,N, ,42,        20.00,        15.75
N,EQ,MOCAPITAL,MOTILALAMC - MOCAPITAL,        53.80,        55.14,        55.14,        54.02,        54.50,                 37214197.57,682395,N, ,2510,        57.25,        41.31
N,EQ,MODEFENCE,MOTILALAMC - MODEFENCE,       106.05,       106.90,       107.97,       106.50,       107.14,                370564298.03,3442112,N, ,6810,       110.80,        77.80
N,EQ,MOENERGY,MOTILALAMC - MOENERGY,        38.31,        38.00,        38.99,        37.86,        38.42,                  4561870.79,118745,N, ,534,        43.00,        33.00
N,EQ,MOGOLD,MOTILALAMC - MOGOLD,       150.65,       150.55,       153.00,       150.55,       151.75,                  5969146.35,39281,N, ,609,       175.00,       101.90
N,EQ,MOGSEC,MOTILALAMC - G5,        65.40,        65.38,        65.70,        65.34,        65.69,                   129963.11,1982,N, ,26,        67.33,        60.18
N,EQ,MOHEALTH,MOTILALAMC - MOHEALTH,        52.17,        52.68,        52.68,        51.67,        51.84,                  1617347.98,31140,N, ,585,        53.76,        40.79
N,EQ,MOINFRA,MOTILALAMC - MOINFRA,        58.66,        58.70,        58.70,        58.45,        58.68,                   107114.18,1827,N, ,27,        66.00,        54.60
N,EQ,MOIPO,MOTILALAMC - MOIPO,        48.74,        48.69,        51.00,        48.65,        49.15,                  1142614.04,23258,N, ,63,        53.00,        36.50
N,EQ,MOLOWVOL,MOTILALAMC - MOLOWVOL,        36.35,        36.09,        36.21,        35.97,        36.12,                   141649.99,3927,N, ,89,        43.07,        33.52
N,EQ,MOM100,MOTILAL OS MIDCAP100 ETF,        68.18,        68.60,        68.73,        68.00,        68.18,                 10472419.94,153254,N, ,2100,        70.32,        56.15
N,EQ,MOM30IETF,ICICIPRAMC - ICICIMOM30,        31.27,        30.64,        31.41,        30.64,        31.36,                 15726274.02,501933,N, ,1578,        32.90,        26.00
N,EQ,MOM50,MOTILAL OSWAL M50 ETF,       250.41,       250.29,       252.00,       250.29,       251.47,                   459430.41,1830,N, ,81,       279.33,       231.11
N,EQ,MOMENTUM,BIRLASLAMC - MOMENTUM,        31.37,        31.25,        31.56,        31.00,        31.06,                  3992672.86,128103,N, ,298,        33.00,        27.05
N,EQ,MOMENTUM30,KOTAKMAMC - MOMENTUM30,        30.65,        30.79,        30.87,        30.66,        30.81,                   660215.71,21437,N, ,46,        37.38,        26.91
N,EQ,MOMENTUM50,MOTILALAMC - MOMENTUM50,        54.25,        54.54,        54.55,        53.78,        54.38,                 36727559.76,675732,N, ,1403,        55.97,        44.96
N,EQ,MOMETAL,MOTILALAMC - MOMETAL,        13.16,        13.21,        13.41,        13.16,        13.32,                   129879.20,9735,N, ,25,        13.75,        12.85
N,EQ,MOMGF,MOTILALAMC - MOMGF,       162.74,       161.93,       170.00,       161.93,       165.66,                    51168.06,315,N, ,28,       182.16,       137.90
N,EQ,MOMIDMTM,MOTILALAMC - MOMIDMTM,        64.70,        64.70,        64.89,        64.50,        64.55,                  3869045.06,59852,N, ,273,        70.00,        54.78
N,EQ,MOMMIDCAP,MIRAEAMC - MOMMIDCAP,        13.02,        13.01,        13.07,        12.98,        12.99,                  6026349.49,463054,N, ,472,        14.99,        10.80
N,EQ,MOMNC,MOTILALAMC - MOMNC,        32.29,        33.00,        33.00,        32.15,        32.19,                    93115.36,2895,N, ,23,        35.80,        27.03
N,EQ,MOMOMENTUM,MOTILALAMC - MOMOMENTUM,        62.18,        61.92,        62.62,        61.56,        62.27,                  2693998.75,43375,N, ,340,        66.28,        54.32
N,EQ,MON100,MOTILAL OS NASDAQ100 ETF,       323.86,       324.67,       324.67,       324.67,       324.67,                 22783067.91,70173,N, ,747,       342.55,       200.70
N,EQ,MON50EQUAL,MOTILALAMC - MON50EQUAL,        33.16,        33.30,        33.30,        32.98,        33.17,                   206845.56,6254,N, ,61,        36.00,        29.43
N,EQ,MONEXT50,MOTILALAMC - MONEXT50,        73.05,        73.05,        73.33,        72.84,        73.14,                   128053.28,1755,N, ,54,        75.89,        59.43
N,EQ,MONIFTY100,MOTILALAMC - MONIFTY100,        25.17,        25.28,        25.35,        25.20,        25.32,                   600887.34,23737,N, ,46,        27.97,        22.38
N,EQ,MONIFTY500,MOTILALAMC - MONIFTY500,        23.80,        23.80,        23.93,        23.80,        23.91,                  5962043.40,249509,N, ,1019,        28.28,        20.75
N,EQ,MONQ50,MOTILALAMC - MONQ50,       141.73,       141.93,       141.93,       141.93,       141.93,                  2530895.76,17832,N, ,95,       151.65,        79.26
N,EQ,MOOILGAS,MOTILALAMC - MOOILGAS,        11.21,        11.21,        11.29,        11.19,        11.29,                    74854.49,6633,N, ,36,        11.70,        10.90
N,EQ,MOPSE,MOTILALAMC - MOPSE,        99.40,        99.46,       102.50,        99.42,       101.57,                    21691.95,217,N, ,20,       114.70,        93.12
N,EQ,MOQUALITY,MOTILALAMC - MOQUALITY,       199.01,       199.49,       199.53,       198.14,       198.73,                   291916.19,1467,N, ,27,       225.60,       176.15
N,EQ,MOREALTY,MOTILALAMC - MOREALTY,        91.75,        92.00,        92.55,        90.12,        90.84,                200892110.46,2200446,N, ,2616,        99.49,        64.00
N,EQ,MOSERVICE,MOTILALAMC - MOSERVICE,        30.64,        30.91,        30.99,        30.90,        30.91,                   132823.85,4297,N, ,21,        35.37,        28.30
N,EQ,MOSILVER,MOTILALAMC - MOSILVER,       227.19,       231.14,       231.15,       228.28,       230.02,                  4683510.15,20361,N, ,747,       385.00,       119.24
N,EQ,MOSMALL250,MOTILALAMC - MOSMALL250,        18.55,        18.96,        18.96,        18.45,        18.52,                 31489971.79,1698632,N, ,1854,        19.38,        14.22
N,EQ,MOTOUR,MOTILALAMC - MOTOUR,        77.89,        78.21,        78.21,        77.63,        77.74,                  1105062.30,14189,N, ,128,        95.33,        64.00
N,EQ,MOVALUE,MOTILALAMC - MOVALUE,       112.80,       115.00,       115.00,       112.80,       113.26,                  3801886.75,33586,N, ,499,       128.77,        98.10
N,EQ,MSCI360,360ONEAMC - MSCI360,        10.06,        10.12,        10.27,        10.04,        10.27,                    60999.36,6033,N, ,23,        12.24,         9.60
N,EQ,MSCIADD,DSPAMC - MSCIADD,        29.37,        29.37,        29.53,        29.37,        29.53,                    24621.30,836,N, ,11,        33.82,        26.40
N,EQ,MSCIINDIA,KOTAKMAMC - MSCIINDIA,        29.71,        29.85,        29.89,        29.71,        29.82,                 16240513.20,544455,N, ,95,        32.14,        26.50
N,EQ,MULTICAP,MIRAEAMC - MULTICAP,        16.75,        16.83,        16.84,        16.76,        16.79,                  1262822.50,75191,N, ,361,        17.50,        14.20
N,EQ,NETF,TATAAML - NETF,       260.55,       262.00,       263.89,       260.00,       261.40,                  1387732.07,5315,N, ,170,       292.90,       240.66
N,EQ,NEXT30ADD,DSPAMC - NEXT30ADD,        42.59,        42.65,        42.78,        42.50,        42.69,                   152834.56,3585,N, ,97,        46.70,        36.98
N,EQ,NEXT50,MIRAEAMC - MANXT50,       755.13,       758.91,       758.91,       754.01,       755.10,                 64744883.19,85666,N, ,2449,       785.96,       617.00
N,EQ,NEXT50ADD,DSPAMC - NEXT50ADD,        73.68,        73.68,        73.72,        73.30,        73.52,                  1015976.34,13815,N, ,35,        81.00,        56.25
N,EQ,NEXT50BETA,UTIAMC-NEXT50BETA,        78.93,        78.90,        79.58,        78.81,        79.05,                 54344460.99,686812,N, ,1565,        82.51,        64.34
N,EQ,NEXT50ETF,KOTAKMAMC - NEXT50ETF,        73.64,        73.64,        74.00,        73.50,        73.83,                   628962.15,8527,N, ,85,        78.00,        60.15
N,EQ,NEXT50IETF,ICICIPRAMC - ICICINXT50,        77.06,        78.60,        78.60,        77.06,        77.25,                 24665262.08,319174,N, ,3652,        80.38,        62.60
N,EQ,NIF100BEES,NIP IND ETF NIFTY 100,       265.60,       265.32,       267.34,       265.19,       266.58,                  8300600.00,31122,N, ,475,       290.00,       240.00
N,EQ,NIF100IETF,ICICI PRUD NIFTY 100 ETF,        27.93,        28.14,        28.14,        27.95,        28.05,                  1241100.30,44315,N, ,1146,        30.88,        23.00
N,EQ,NIF500BETA,UTIAMC - NIF500BETA,        37.45,        38.30,        38.30,        37.39,        37.54,                    37404.14,990,N, ,18,        38.30,        37.17
N,EQ,NIFTY1,KOTAK NIFTY ETF,       265.42,       265.42,       272.70,       265.31,       265.82,                 14454378.15,54358,N, ,1346,       295.80,       244.80
N,EQ,NIFTY100EW,KOTAKMAMC - NIFTY100EW,        35.00,        35.00,        35.10,        34.95,        35.06,                   582857.21,16624,N, ,122,        41.41,        29.84
N,EQ,NIFTYADD,DSPAMC - DSPNIFTY,       251.97,       252.72,       253.75,       251.80,       252.48,                   784221.04,3105,N, ,119,       300.00,       232.64
N,EQ,NIFTYAXIS,AXISAMC-NIFTYAXIS,       264.58,       265.78,       265.99,       264.62,       265.62,                  7187756.04,27062,N, ,145,       296.38,       244.00
N,EQ,NIFTYBEES,NIP IND ETF NIFTY BEES,       272.63,       278.08,       278.08,       272.56,       273.27,                864501747.89,3162846,N, ,31548,       302.25,       251.70
N,EQ,NIFTYBETA,UTIAMC-NIFTYBETA,       264.92,       267.57,       267.57,       265.15,       265.73,                  2327085.59,8750,N, ,314,       297.48,       244.90
N,EQ,NIFTYBETF,BFAM - NIFTYBETF,       245.83,       249.51,       249.51,       245.75,       246.65,                348627438.05,1413872,N, ,1596,       279.99,       227.01
N,EQ,NIFTYCASE,ZERODHAAMC - NIFTYCASE,         9.59,         9.80,         9.80,         9.59,         9.64,                  5397655.63,560039,N, ,1342,        11.61,         8.84
N,EQ,NIFTYETF,MIRAEAMC - MAN50ETF,       260.05,       260.99,       261.45,       259.58,       260.69,                 28888266.06,110752,N, ,718,       289.05,       239.81
N,EQ,NIFTYIETF,ICICI PRUD NIFTY ETF,       270.98,       272.23,       272.40,       270.51,       271.88,                 85766435.76,315336,N, ,8765,       328.24,       250.40
N,EQ,NIFTYJBLK,JIOBLACKROCKAMC-NIFTYJBLK,        12.29,        12.29,        12.57,        12.23,        12.29,                   696043.41,56629,N, ,626,        12.96,         9.94
N,EQ,NIFTYQLITY,BIRLASLAMC - NIFTYQLITY,        21.36,        21.29,        21.43,        21.24,        21.32,                   359496.32,16867,N, ,177,        23.03,        18.95
N,EQ,NPBET,TATAAML - NPBET,       292.64,       292.57,       292.57,       288.29,       290.32,                   345789.03,1194,N, ,65,       307.00,       246.26
N,EQ,NV20,KOTAKMAMC - KTKNV20ETF,        13.94,        14.28,        14.28,        13.93,        13.99,                  1216179.72,87237,N, ,179,       168.70,        12.62
N,EQ,NV20BEES,NIP IND ETF ETF NV20,       139.13,       139.15,       140.12,       139.00,       139.39,                   707084.55,5065,N, ,228,       160.00,       122.02
N,EQ,NV20IETF,ICICI PRUDENTIAL NV20 ETF,        13.55,        13.55,        13.65,        13.55,        13.62,                  4400391.97,322970,N, ,1811,        16.00,        12.50
N,EQ,OILIETF,ICICIPRAMC - OILIETF,        11.33,        11.34,        11.41,        11.28,        11.37,                 13740795.54,1207003,N, ,1509,        14.00,         9.80
N,EQ,PHARMABEES,NIPPONAMC - NETFPHARMA,        27.37,        27.37,        27.60,        27.21,        27.32,                122533893.66,4482502,N, ,10887,        28.36,        21.46
N,EQ,PSUBANK,KOTAK PSU BANK,        85.36,        85.60,        86.18,        85.30,        85.53,                 20144731.37,235393,N, ,664,      1010.00,        81.70
N,EQ,PSUBANKADD,DSPAMC - DSPPSBKETF,        86.59,        87.95,        87.95,        86.11,        86.43,                  1175509.09,13572,N, ,213,        99.88,        68.09
N,EQ,PSUBNKBEES,NIP IND ETF PSU BANK BEES,        95.68,        95.70,        96.20,        95.34,        95.45,                122937692.42,1284747,N, ,4088,       110.40,        74.31
N,EQ,PSUBNKIETF,ICICIPRAMC - PSUBANKICI,        86.56,        86.73,        87.20,        86.18,        86.53,                 13483737.28,155480,N, ,748,       104.00,        67.86
N,EQ,PVTBANIETF,ICICIPRAMC - ICICIBANKP,        28.15,        28.26,        28.35,        28.06,        28.17,                 18933973.68,672096,N, ,1009,        30.32,        24.18
N,EQ,PVTBANK,KOTAKMAMC - PVTBANK,        27.85,        27.92,        28.00,        27.91,        28.00,                    20183.93,722,N, ,9,        28.33,        27.01
N,EQ,PVTBANKADD,DSPAMC - DSPPVBKETF,        28.38,        28.37,        28.40,        28.24,        28.34,                   502266.52,17724,N, ,85,        31.88,        24.02
N,EQ,PVTBKGROWW,GROWWAMC - PVTBKGROWW,        27.74,        28.19,        28.19,        27.69,        27.92,                   200408.47,7168,N, ,114,        29.57,        25.45
N,EQ,QGOLDHALF,QUANTUM GOLD ETF,       126.98,       127.39,       128.96,       127.10,       127.62,                 40245518.01,315196,N, ,1196,       149.69,        85.93
N,EQ,QNIFTY,QUANTUM NIFTY 50 ETF,       263.65,       270.24,       270.24,       262.80,       264.15,                   745391.50,2823,N, ,154,      2911.90,       243.20
N,EQ,QUAL30IETF,ICICIPRAMC - ICICIQTY30,        21.07,        21.19,        21.39,        21.03,        21.12,                  1620417.39,76847,N, ,212,        23.00,        18.00
N,EQ,QUALITY30,KOTAKMAMC - QUALITY30,        20.75,        20.67,        20.80,        20.65,        20.65,                   151170.50,7309,N, ,45,        23.18,        18.09
N,EQ,SBIBPB,SBIAMC - SBIBPB,        49.48,        49.97,        50.05,        49.26,        49.56,                  5206668.47,104576,N, ,319,        58.27,        39.07
N,EQ,SBIETFCON,SBIAMC - SBIETFCON,       120.31,       122.54,       122.54,       119.70,       119.89,                  1585294.34,13201,N, ,81,       133.97,       100.00
N,EQ,SBIETFIT,SBIAMC - SBIETFIT,       342.10,       342.10,       346.10,       338.69,       340.64,                   652762.76,1908,N, ,161,       439.27,       285.00
N,EQ,SBIETFPB,SBIAMC - SBIETFPB,       285.51,       290.89,       290.89,       282.98,       283.57,                   570122.87,2003,N, ,67,       304.58,       244.18
N,EQ,SBIETFQLTY,SBIAMC - SBIETFQLTY,       223.32,       223.50,       223.50,       221.50,       221.86,                   159690.34,718,N, ,70,       247.28,       194.00
N,EQ,SBILIQETF,SBIAMC - SBILIQETF,      1054.43,      1054.81,      1054.83,      1054.81,      1054.81,                109804024.39,104098,N, ,73,      1087.09,       984.99
N,EQ,SBIMIDMOM,SBIAMC - SBIMIDMOM,        63.87,        63.70,        64.07,        63.56,        63.73,                   346524.16,5431,N, ,116,        67.74,        53.86
N,EQ,SBINEQWETF,SBIAMC - SBINEQWETF,        33.13,        33.20,        33.31,        33.10,        33.26,                   880183.11,26479,N, ,184,        36.40,        29.64
N,EQ,SBINMID150,SBIAMC - SBINMID150,        23.32,        23.59,        23.59,        23.26,        23.30,                   260301.52,11172,N, ,126,        24.06,        19.81
N,EQ,SBISILVER,SBIAMC - SBISILVER,       225.50,       226.74,       229.16,       226.74,       228.31,                163637700.27,717256,N, ,4637,       362.00,       119.73
N,EQ,SBISMLETF,SBIAMC - SBISMLETF,        18.47,        18.47,        18.67,        18.47,        18.55,                   542275.50,29237,N, ,209,        18.97,        16.53
N,EQ,SBIVALETF,SBIAMC - SBIVALETF,        14.65,        14.72,        14.75,        14.66,        14.75,                    77613.41,5269,N, ,63,        17.70,        14.43
N,EQ,SELECTIPO,MIRAEAMC - SELECTIPO,        48.72,        48.70,        48.96,        48.58,        48.65,                  2984005.29,61110,N, ,128,        52.07,        37.80
N,EQ,SENSEXADD,DSPAMC - DSPSENXETF,        79.18,        79.33,        79.33,        79.29,        79.29,                     4440.42,56,N, ,4,        88.20,        73.27
N,EQ,SENSEXAXIS,AXISAMC-SENSEXAXIS,        79.67,        78.67,        81.00,        78.67,        79.81,                   108720.97,1362,N, ,52,        91.35,        73.52
N,EQ,SENSEXBETA,UTIAMC-SENSEXBETA,       849.27,       866.26,       866.26,       848.52,       850.89,                  3417382.57,4022,N, ,78,       952.91,       785.00
N,EQ,SENSEXETF,MIRAEAMC - SENSEXETF,        79.12,        79.50,        79.50,        79.07,        79.20,                  1176800.02,14854,N, ,163,        88.70,        73.33
N,EQ,SENSEXIETF,ICICI PRUD SENSEX ETF,       881.95,       903.99,       903.99,       881.95,       884.24,                 25159140.37,28419,N, ,284,       999.84,       731.00
N,EQ,SETF10GILT,SBIAMC - SETF10GILT,       263.85,       264.00,       264.49,       263.01,       263.10,                  1973259.00,7480,N, ,72,       272.31,       250.37
N,EQ,SETFGOLD,SBI-ETF GOLD,       130.22,       133.47,       133.47,       130.75,       131.22,                580258915.89,4422415,N, ,10708,       153.95,        87.93
N,EQ,SETFNIF50,SBI-ETF NIFTY 50,       257.33,       259.90,       259.90,       257.33,       258.08,                145024741.70,561856,N, ,3274,       287.33,       237.90
N,EQ,SETFNIFBK,SBI-ETF NIFTY BANK,       591.31,       593.87,       593.87,       589.83,       590.86,                 10914209.07,18450,N, ,604,       646.11,       465.64
N,EQ,SETFNN50,SBI-ETF NIFTY NEXT 50,       783.60,       787.52,       799.00,       781.73,       785.05,                 63306294.45,80614,N, ,1956,       840.00,       636.01
N,EQ,SHARIABEES,NIP IND ETF SHARIAH BEES,       453.44,       458.12,       458.12,       451.93,       452.84,                 11567957.69,25560,N, ,507,       534.61,       433.68
N,EQ,SILVER,BIRLASLAMC - SILVER,       229.64,       230.51,       233.49,       230.51,       232.64,                179208505.07,770617,N, ,6547,       371.89,       121.44
N,EQ,SILVER001,QUANT_AMC - SILVER001,        23.25,        23.72,        23.83,        23.26,        23.54,                   333441.82,14165,N, ,62,        28.00,        22.00
N,EQ,SILVER1,KOTAKMAMC - KOTAKSILVE,        22.28,        22.40,        22.77,        22.40,        22.60,                133621674.52,5918854,N, ,5053,       388.00,        17.77
N,EQ,SILVER360,360ONEAMC - SILVER360,       226.38,       227.40,       229.69,       227.40,       229.11,                  3253999.30,14214,N, ,265,       358.00,       120.00
N,EQ,SILVERADD,DSPAMC - DSPSILVETF,        22.19,        22.36,        22.57,        22.31,        22.44,                 63979878.04,2849876,N, ,5395,       390.00,        21.64
N,EQ,SILVERAG,MIRAEAMC - MASILVER,       224.43,       229.69,       229.69,       225.34,       227.02,                 27816770.35,122655,N, ,2180,       380.00,       118.27
N,EQ,SILVERAXIS,AXISAMC-SILVERAXIS,       228.73,       230.02,       232.50,       230.02,       231.46,                 33498383.82,144700,N, ,1362,       390.01,       118.65
N,EQ,SILVERBEES,NIPPONAMC - NETFSILVER,       219.88,       222.12,       223.74,       221.25,       222.78,               3580788752.88,16085668,N, ,52588,       360.00,       117.20
N,EQ,SILVERBETA,UTIAMC-SILVERBETA,       221.96,       223.12,       225.86,       223.12,       224.83,                 64896810.10,288687,N, ,2092,       379.66,       117.84
N,EQ,SILVERBND,BANDHANAMC - SILVERBND,       230.37,       233.10,       234.35,       232.14,       233.61,                  3142247.16,13449,N, ,530,       389.00,       180.00
N,EQ,SILVERCASE,ZERODHAAMC - SILVERCASE,        23.30,        23.30,        23.88,        23.30,        23.61,                132380172.22,5606876,N, ,5687,        38.01,        12.40
N,EQ,SILVERIETF,ICICIPRAMC - ICICISILVE,       229.94,       232.88,       233.46,       230.51,       232.48,                578673745.86,2490162,N, ,13707,       373.50,       121.82
N,EQ,SMALL250,MIRAEAMC - SMALL250,        18.51,        18.75,        18.75,        18.51,        18.54,                  3617900.02,194876,N, ,593,        19.95,        14.16
N,EQ,SMALLADD,DSPAMC - SMALLADD,        18.56,        18.66,        18.70,        18.49,        18.53,                  1267870.08,67956,N, ,114,        19.50,        14.01
N,EQ,SMALLCAP,MIRAEAMC - SMALLCAP,        49.06,        49.25,        49.40,        47.73,        48.90,                171723810.58,3500382,N, ,3340,        54.50,        37.34
N,EQ,SMALLGROWW,GROWWAMC - SMALLGROWW,        48.96,        39.41,        49.79,        39.41,        49.06,                   302441.74,6170,N, ,93,        50.84,        39.41
N,EQ,SMALLIETF,ICICIPRAMC - SMALLIETF,        18.54,        18.89,        19.00,        18.45,        18.57,                  1210578.86,65128,N, ,138,        19.49,        17.43
N,EQ,SML100CASE,ZERODHAAMC - SML100CASE,        11.41,        11.49,        11.50,        11.40,        11.43,                 26331470.76,2300711,N, ,1744,        11.74,         8.50
N,EQ,SNXT30BEES,NIPPONAMC - SNXT30BEES,        42.43,        42.76,        42.76,        42.42,        42.58,                   353869.13,8325,N, ,54,        44.56,        36.83
N,EQ,SNXT50BETA,UTIAMC-SNXT50BETA,        95.56,        96.31,        96.58,        94.50,        94.98,                    69590.11,727,N, ,81,       102.25,        77.11
N,EQ,TATAGOLD,TATAAML-TATAGOLD,        14.82,        14.82,        15.04,        14.82,        14.94,                661636801.23,44264152,N, ,64376,        17.70,         9.75
N,EQ,TATSILV,TATAAML-TATSILV,        22.34,        22.35,        22.79,        22.35,        22.62,                779462472.34,34470366,N, ,38486,        35.10,        11.63
N,EQ,TECH,BIRLASLAMC - TECH,        33.82,        33.99,        34.62,        33.33,        33.81,                   626937.56,18515,N, ,177,        49.41,        28.00
N,EQ,TNIDETF,TATAAML - TNIDETF,        91.01,        88.73,        92.17,        88.73,        90.94,                  5242685.58,57515,N, ,389,       103.26,        74.50
N,EQ,TOP100CASE,ZERODHAAMC - TOP100CASE,        10.52,        10.54,        10.57,        10.50,        10.54,                  5255212.29,498182,N, ,1015,        11.57,         9.48
N,EQ,TOP10ADD,DSPAMC - TOP10ADD,        87.79,        88.04,        88.30,        87.81,        87.98,                 26921733.59,305895,N, ,452,       103.04,        83.05
N,EQ,TOP15IETF,ICICIPRAMC - TOP15IETF,         9.82,         9.81,         9.95,         9.78,         9.82,                   873341.70,89010,N, ,186,        11.36,         9.15
N,EQ,TOP20,MIRAEAMC - TOP20,         8.88,         8.90,         8.91,         8.86,         8.88,                   254093.72,28580,N, ,118,         9.99,         8.00
N,EQ,TWCGOLDETF,WEALTH - TWCGOLDETF,       152.19,       152.95,       153.52,       152.54,       152.93,                   800235.80,5230,N, ,119,       187.98,       123.31
N,EQ,UNIONGOLD,UNIONAMC - UNIONGOLD,       149.60,       153.10,       153.10,       150.15,       150.20,                   238019.85,1581,N, ,74,       177.00,       101.45
N,EQ,VAL30IETF,ICICIPRAMC - VAL30IETF,        15.14,        15.24,        15.24,        15.11,        15.19,                  1695743.98,111743,N, ,332,        17.70,        12.27
N,EQ,VALUE,MIRAEAMC - VALUE,        16.09,        16.12,        16.17,        16.07,        16.15,                   256288.91,15902,N, ,52,        19.69,        14.83
N,EQ,VALUEAXIS,AXISAMC-VALUEAXIS,        32.71,        32.60,        32.90,        32.55,        32.88,                   657617.04,20010,N, ,231,        39.00,        26.76
